StoryID,Token ID,Masked_Word,A1,A2,A3,A4,A5,A6,GT,GT_isboundary,GT_boundary_forbidden
HI-RBSE-208.txt,RB-1001,चमनपुर,0,0,0,0,0,0,0,0,1
HI-RBSE-208.txt,RB-1002,गाँव,1,1,0,1,1,1,5,1,0
HI-RBSE-208.txt,RB-1003,पहाड़ियों,0,0,0,0,0,0,0,0,1
HI-RBSE-208.txt,RB-1004,के,0,0,0,0,0,0,0,0,1
HI-RBSE-208.txt,RB-1005,बीच,0,1,0,0,0,1,2,0,0
HI-RBSE-208.txt,RB-1006,बसा,0,0,0,0,0,0,0,0,1
HI-RBSE-208.txt,RB-1007,हुआ,0,0,0,0,0,0,0,0,1
HI-RBSE-208.txt,RB-1008,था,1,1,1,1,1,1,6,1,0
HI-RBSE-208.txt,RB-1009,गाँव,0,0,0,0,0,0,0,0,1
HI-RBSE-208.txt,RB-1010,से,0,0,0,0,0,0,0,0,1
HI-RBSE-208.txt,RB-1011,थोड़ी,0,0,0,0,0,0,0,0,1
HI-RBSE-208.txt,RB-1012,दूर,1,1,0,1,0,1,4,1,0
HI-RBSE-208.txt,RB-1013,पाठशाला,0,0,0,0,0,0,0,0,1
HI-RBSE-208.txt,RB-1014,थी,1,1,1,1,1,1,6,1,0
HI-RBSE-208.txt,RB-1015,पाठशाला,0,0,0,0,0,0,0,0,1
HI-RBSE-208.txt,RB-1016,के,0,0,0,0,0,0,0,0,1
HI-RBSE-208.txt,RB-1017,रास्ते,0,0,0,0,0,0,0,0,1
HI-RBSE-208.txt,RB-1018,में,1,1,0,1,1,1,5,1,0
HI-RBSE-208.txt,RB-1019,घने,0,0,0,0,0,0,0,0,1
HI-RBSE-208.txt,RB-1020,पेड़,0,1,1,1,1,1,5,1,0
HI-RBSE-208.txt,RB-1021,और,0,0,0,0,0,0,0,0,1
HI-RBSE-208.txt,RB-1022,झाड़ियाँ,0,0,0,0,0,0,0,0,1
HI-RBSE-208.txt,RB-1023,थीं,1,1,1,1,1,1,6,1,0
HI-RBSE-208.txt,RB-1024,पास,0,0,0,0,0,0,0,0,1
HI-RBSE-208.txt,RB-1025,ही,0,0,0,1,0,0,1,0,0
HI-RBSE-208.txt,RB-1026,नाला,0,0,0,0,0,0,0,0,1
HI-RBSE-208.txt,RB-1027,बहता,0,0,0,0,0,0,0,0,1
HI-RBSE-208.txt,RB-1028,था,1,1,1,1,1,1,6,1,0
HI-RBSE-208.txt,RB-1029,नाला,0,0,0,0,0,0,0,0,1
HI-RBSE-208.txt,RB-1030,पार,0,0,0,0,0,0,0,0,1
HI-RBSE-208.txt,RB-1031,करके,1,1,0,1,1,1,5,1,0
HI-RBSE-208.txt,RB-1032,पाठशाला,0,0,0,0,0,0,0,0,1
HI-RBSE-208.txt,RB-1033,जाना,0,0,0,0,0,0,0,0,1
HI-RBSE-208.txt,RB-1034,पड़ता,0,0,0,0,0,0,0,0,1
HI-RBSE-208.txt,RB-1035,था,1,1,1,1,1,1,6,1,0
HI-RBSE-208.txt,RB-1036,छोटे,0,0,0,0,0,0,0,0,1
HI-RBSE-208.txt,RB-1037,बच्चे,1,1,0,1,1,1,5,1,0
HI-RBSE-208.txt,RB-1038,अकेले,0,0,0,0,0,0,0,0,1
HI-RBSE-208.txt,RB-1039,आते-जाते,0,0,0,1,0,0,1,0,0
HI-RBSE-208.txt,RB-1040,डरते,0,0,0,0,0,0,0,0,1
HI-RBSE-208.txt,RB-1041,थे,1,1,1,1,1,1,6,1,0
HI-RBSE-208.txt,RB-1042,इसलिए,0,1,0,1,1,1,4,1,0
HI-RBSE-208.txt,RB-1043,वे,0,0,0,0,0,0,0,0,1
HI-RBSE-208.txt,RB-1044,बड़े,0,0,0,0,0,0,0,0,1
HI-RBSE-208.txt,RB-1045,बच्चों,0,0,0,0,0,0,0,0,1
HI-RBSE-208.txt,RB-1046,के,0,0,0,0,0,0,0,0,1
HI-RBSE-208.txt,RB-1047,साथ,0,0,0,0,0,0,0,0,1
HI-RBSE-208.txt,RB-1048,ही,0,1,0,0,0,1,2,0,0
HI-RBSE-208.txt,RB-1049,आते-जाते,0,0,0,0,0,0,0,0,1
HI-RBSE-208.txt,RB-1050,थे,1,0,1,1,1,1,5,1,0
HI-RBSE-208.txt,RB-1051,शीला,0,1,0,0,1,0,2,0,0
HI-RBSE-208.txt,RB-1052,उसी,0,0,0,0,0,0,0,0,1
HI-RBSE-208.txt,RB-1053,पाठशाला,0,0,0,0,0,0,0,0,1
HI-RBSE-208.txt,RB-1054,में,0,1,0,1,1,1,4,1,0
HI-RBSE-208.txt,RB-1055,पाँचवीं,0,0,0,0,0,0,0,0,1
HI-RBSE-208.txt,RB-1056,कक्षा,0,0,0,0,0,0,0,0,1
HI-RBSE-208.txt,RB-1057,में,0,0,0,0,0,0,0,0,1
HI-RBSE-208.txt,RB-1058,पढ़ती,0,0,0,0,0,0,0,0,1
HI-RBSE-208.txt,RB-1059,थी,1,0,1,1,1,1,5,1,0
HI-RBSE-208.txt,RB-1060,वह,0,1,0,0,0,0,1,0,0
HI-RBSE-208.txt,RB-1061,अपने,0,0,0,0,0,0,0,0,1
HI-RBSE-208.txt,RB-1062,मोहल्ले,0,0,0,0,0,0,0,0,1
HI-RBSE-208.txt,RB-1063,के,0,0,0,0,0,0,0,0,1
HI-RBSE-208.txt,RB-1064,बच्चों,0,0,0,0,0,0,0,0,1
HI-RBSE-208.txt,RB-1065,को,0,1,0,1,0,0,2,0,0
HI-RBSE-208.txt,RB-1066,साथ,0,0,0,0,0,0,0,0,1
HI-RBSE-208.txt,RB-1067,लाती,1,1,1,1,1,1,6,1,0
HI-RBSE-208.txt,RB-1068,और,0,0,0,0,0,0,0,0,1
HI-RBSE-208.txt,RB-1069,ले,0,0,0,0,0,0,0,0,1
HI-RBSE-208.txt,RB-1070,जाती,0,0,0,0,0,0,0,0,1
HI-RBSE-208.txt,RB-1071,थी,1,0,1,1,1,1,5,1,0
HI-RBSE-208.txt,RB-1072,बरसात,0,0,0,0,0,0,0,0,1
HI-RBSE-208.txt,RB-1073,के,0,0,0,0,0,0,0,0,1
HI-RBSE-208.txt,RB-1074,दिन,0,0,0,0,0,0,0,0,1
HI-RBSE-208.txt,RB-1075,थे,1,1,1,1,1,1,6,1,0
HI-RBSE-208.txt,RB-1076,शीला,1,0,0,0,0,0,1,0,0
HI-RBSE-208.txt,RB-1077,बच्चों,0,0,0,0,0,0,0,0,1
HI-RBSE-208.txt,RB-1078,को,0,0,0,0,0,0,0,0,1
HI-RBSE-208.txt,RB-1079,लेकर,0,1,0,1,1,1,4,1,0
HI-RBSE-208.txt,RB-1080,पाठशाला,0,0,0,0,0,0,0,0,1
HI-RBSE-208.txt,RB-1081,जा,0,0,0,0,0,0,0,0,1
HI-RBSE-208.txt,RB-1082,रही,0,0,0,0,0,0,0,0,1
HI-RBSE-208.txt,RB-1083,थी,1,0,1,1,1,1,5,1,0
HI-RBSE-208.txt,RB-1084,बच्चे,1,0,0,0,0,0,1,0,0
HI-RBSE-208.txt,RB-1085,आगे-पीछे,0,1,0,1,1,1,4,1,0
HI-RBSE-208.txt,RB-1086,उछलते-कूदते,0,0,0,0,0,1,1,0,0
HI-RBSE-208.txt,RB-1087,चल,0,0,0,0,0,0,0,0,1
HI-RBSE-208.txt,RB-1088,रहे,0,0,0,0,0,0,0,0,1
HI-RBSE-208.txt,RB-1089,थे,1,1,1,1,1,1,6,1,0
HI-RBSE-208.txt,RB-1090,शीला,0,0,0,0,0,0,0,0,1
HI-RBSE-208.txt,RB-1091,ने,0,0,0,0,0,0,0,0,1
HI-RBSE-208.txt,RB-1092,देखा,1,1,1,1,1,1,6,1,0
HI-RBSE-208.txt,RB-1093,आज,0,0,0,0,0,0,0,0,1
HI-RBSE-208.txt,RB-1094,नाले,0,0,0,0,0,0,0,0,1
HI-RBSE-208.txt,RB-1095,में,0,1,0,0,0,0,1,0,0
HI-RBSE-208.txt,RB-1096,बहाव,0,0,0,0,0,0,0,0,1
HI-RBSE-208.txt,RB-1097,तेज,0,0,0,0,0,0,0,0,1
HI-RBSE-208.txt,RB-1098,है,1,0,1,1,1,1,5,1,0
HI-RBSE-208.txt,RB-1099,उसने,0,0,0,0,0,0,0,0,1
HI-RBSE-208.txt,RB-1100,बच्चों,0,0,0,0,0,0,0,0,1
HI-RBSE-208.txt,RB-1101,को,0,1,0,1,0,1,3,0,0
HI-RBSE-208.txt,RB-1102,एक-दूसरे,0,0,0,0,0,0,0,0,1
HI-RBSE-208.txt,RB-1103,के,0,0,0,0,0,0,0,0,1
HI-RBSE-208.txt,RB-1104,हाथ,0,0,0,0,0,0,0,0,1
HI-RBSE-208.txt,RB-1105,पकड़वाए,1,1,1,1,1,1,6,1,0
HI-RBSE-208.txt,RB-1106,और,0,0,0,0,0,0,0,0,1
HI-RBSE-208.txt,RB-1107,नाला,0,0,0,0,0,0,0,0,1
HI-RBSE-208.txt,RB-1108,पार,0,0,0,0,0,0,0,0,1
HI-RBSE-208.txt,RB-1109,करवाने,0,0,0,0,0,0,0,0,1
HI-RBSE-208.txt,RB-1110,लगी,1,1,1,1,1,1,6,1,0
HI-RBSE-208.txt,RB-1111,अचानक,0,1,0,0,0,1,2,0,0
HI-RBSE-208.txt,RB-1112,मनीष,0,0,0,0,0,0,0,0,1
HI-RBSE-208.txt,RB-1113,का,0,0,0,0,0,0,0,0,1
HI-RBSE-208.txt,RB-1114,हाथ,0,0,0,1,0,0,1,0,0
HI-RBSE-208.txt,RB-1115,छूट,0,0,0,0,0,0,0,0,1
HI-RBSE-208.txt,RB-1116,गया,1,1,1,1,1,1,6,1,0
HI-RBSE-208.txt,RB-1117,वह,0,0,0,0,0,0,0,0,1
HI-RBSE-208.txt,RB-1118,गिर,0,0,0,0,0,0,0,0,1
HI-RBSE-208.txt,RB-1119,पड़ा,1,1,0,1,1,1,5,1,0
HI-RBSE-208.txt,RB-1120,और,0,0,0,0,0,0,0,0,1
HI-RBSE-208.txt,RB-1121,पानी,0,0,0,0,0,0,0,0,1
HI-RBSE-208.txt,RB-1122,के,0,0,0,0,0,0,0,0,1
HI-RBSE-208.txt,RB-1123,साथ,0,0,0,0,0,0,0,0,1
HI-RBSE-208.txt,RB-1124,बहने,0,0,0,0,0,0,0,0,1
HI-RBSE-208.txt,RB-1125,लगा,1,0,1,1,1,1,5,1,0
HI-RBSE-213.txt,RB-1001,एक,0,0,0,0,0,0,0,0,1
HI-RBSE-213.txt,RB-1002,था,0,0,0,0,0,0,0,0,1
HI-RBSE-213.txt,RB-1003,बाग,1,1,1,1,1,1,6,1,0
HI-RBSE-213.txt,RB-1004,उसमें,0,0,0,0,0,0,0,0,1
HI-RBSE-213.txt,RB-1005,एक,0,0,0,0,0,0,0,0,1
HI-RBSE-213.txt,RB-1006,पेड़,0,0,0,0,0,1,1,0,0
HI-RBSE-213.txt,RB-1007,था,1,1,1,1,1,0,5,1,0
HI-RBSE-213.txt,RB-1008,पेड़,0,0,0,0,0,0,0,0,1
HI-RBSE-213.txt,RB-1009,पर,0,0,0,0,0,0,0,0,1
HI-RBSE-213.txt,RB-1010,घोंसला,0,0,0,0,0,0,0,0,1
HI-RBSE-213.txt,RB-1011,था,1,1,1,1,1,1,6,1,0
HI-RBSE-213.txt,RB-1012,उसमें,0,0,0,0,0,0,0,0,1
HI-RBSE-213.txt,RB-1013,एक,0,0,0,0,0,0,0,0,1
HI-RBSE-213.txt,RB-1014,चिड़िया,0,0,0,0,0,0,0,0,1
HI-RBSE-213.txt,RB-1015,रहती,0,0,0,0,0,0,0,0,1
HI-RBSE-213.txt,RB-1016,थी,1,1,1,1,1,1,6,1,0
HI-RBSE-213.txt,RB-1017,चिड़िया,0,0,0,0,0,0,0,0,1
HI-RBSE-213.txt,RB-1018,के,0,0,0,0,0,0,0,0,1
HI-RBSE-213.txt,RB-1019,चार,0,0,0,0,0,0,0,0,1
HI-RBSE-213.txt,RB-1020,बच्चे,0,0,0,0,0,0,0,0,1
HI-RBSE-213.txt,RB-1021,थे,1,1,1,1,1,1,6,1,0
HI-RBSE-213.txt,RB-1022,वह,0,0,0,0,0,0,0,0,1
HI-RBSE-213.txt,RB-1023,रोज,0,0,0,0,0,0,0,0,1
HI-RBSE-213.txt,RB-1024,सुबह-शाम,0,1,0,0,0,1,2,0,0
HI-RBSE-213.txt,RB-1025,दाना,0,0,0,0,0,0,0,0,1
HI-RBSE-213.txt,RB-1026,लेने,0,0,0,0,0,0,0,0,1
HI-RBSE-213.txt,RB-1027,जाती,1,1,1,1,1,1,6,1,0
HI-RBSE-213.txt,RB-1028,लौटकर,0,0,0,0,0,0,0,0,1
HI-RBSE-213.txt,RB-1029,घर,0,0,0,0,0,0,0,0,1
HI-RBSE-213.txt,RB-1030,आती,1,1,1,1,1,1,6,1,0
HI-RBSE-213.txt,RB-1031,बच्चों,0,0,0,0,0,0,0,0,1
HI-RBSE-213.txt,RB-1032,को,0,0,0,0,0,0,0,0,1
HI-RBSE-213.txt,RB-1033,दाना,0,0,0,0,0,0,0,0,1
HI-RBSE-213.txt,RB-1034,चुगाती,1,1,1,1,1,1,6,1,0
HI-RBSE-213.txt,RB-1035,बच्चे,0,0,0,0,0,0,0,0,1
HI-RBSE-213.txt,RB-1036,दाना,0,0,0,0,0,0,0,0,1
HI-RBSE-213.txt,RB-1037,चुगकर,1,1,0,1,1,1,5,1,0
HI-RBSE-213.txt,RB-1038,बहुत,0,0,0,0,0,0,0,0,1
HI-RBSE-213.txt,RB-1039,खुश,0,0,0,0,0,0,0,0,1
HI-RBSE-213.txt,RB-1040,होते,1,1,1,1,1,1,6,1,0
HI-RBSE-213.txt,RB-1041,उस,0,0,0,0,0,0,0,0,1
HI-RBSE-213.txt,RB-1042,घोंसले,0,0,0,0,0,0,0,0,1
HI-RBSE-213.txt,RB-1043,के,0,0,0,0,0,0,0,0,1
HI-RBSE-213.txt,RB-1044,नीचे,1,1,0,1,1,1,5,1,0
HI-RBSE-213.txt,RB-1045,एक,0,0,0,0,0,0,0,0,1
HI-RBSE-213.txt,RB-1046,चबूतरा,0,0,0,0,0,0,0,0,1
HI-RBSE-213.txt,RB-1047,था,1,1,1,1,1,1,6,1,0
HI-RBSE-213.txt,RB-1048,चिड़िया,0,0,0,0,0,0,0,0,1
HI-RBSE-213.txt,RB-1049,के,0,0,0,0,0,0,0,0,1
HI-RBSE-213.txt,RB-1050,बच्चे,1,1,0,1,1,1,5,1,0
HI-RBSE-213.txt,RB-1051,उस,0,0,0,0,0,0,0,0,1
HI-RBSE-213.txt,RB-1052,पर,0,0,0,0,0,0,0,0,1
HI-RBSE-213.txt,RB-1053,बीट,0,0,0,0,0,0,0,0,1
HI-RBSE-213.txt,RB-1054,कर,0,0,0,0,0,0,0,0,1
HI-RBSE-213.txt,RB-1055,देते,1,1,1,1,1,1,6,1,0
HI-RBSE-213.txt,RB-1056,तिनके,0,0,0,0,0,0,0,0,1
HI-RBSE-213.txt,RB-1057,बिखेर,0,0,0,0,0,0,0,0,1
HI-RBSE-213.txt,RB-1058,देते,1,1,1,1,1,1,6,1,0
HI-RBSE-213.txt,RB-1059,चबूतरा,0,0,0,0,0,0,0,0,1
HI-RBSE-213.txt,RB-1060,गंदा,0,0,0,0,0,0,0,0,1
HI-RBSE-213.txt,RB-1061,हो,0,0,0,0,0,0,0,0,1
HI-RBSE-213.txt,RB-1062,जाता,1,1,1,1,1,1,6,1,0
HI-RBSE-213.txt,RB-1063,मालिक,0,0,0,0,0,0,0,0,1
HI-RBSE-213.txt,RB-1064,को,0,0,0,0,0,0,0,0,1
HI-RBSE-213.txt,RB-1065,यह,0,0,0,0,0,0,0,0,1
HI-RBSE-213.txt,RB-1066,गंदगी,0,0,0,1,0,1,2,0,0
HI-RBSE-213.txt,RB-1067,बुरी,0,0,0,0,0,0,0,0,1
HI-RBSE-213.txt,RB-1068,लगी,1,1,1,1,1,1,6,1,0
HI-RBSE-213.txt,RB-1069,मालिक,0,0,0,0,0,0,0,0,1
HI-RBSE-213.txt,RB-1070,ने,0,0,0,0,0,0,0,0,1
HI-RBSE-213.txt,RB-1071,सोचा,1,0,0,0,1,1,3,0,0
HI-RBSE-213.txt,RB-1072,कि,0,1,1,1,0,0,3,0,0
HI-RBSE-213.txt,RB-1073,इस,0,0,0,0,0,0,0,0,1
HI-RBSE-213.txt,RB-1074,घोंसले,0,0,0,0,0,0,0,0,1
HI-RBSE-213.txt,RB-1075,को,0,0,0,1,0,0,1,0,0
HI-RBSE-213.txt,RB-1076,हटा,0,0,0,0,0,0,0,0,1
HI-RBSE-213.txt,RB-1077,दिया,0,0,0,0,0,0,0,0,1
HI-RBSE-213.txt,RB-1078,जाए,1,1,1,1,1,1,6,1,0
HI-RBSE-213.txt,RB-1079,उसने,0,0,0,0,0,0,0,0,1
HI-RBSE-213.txt,RB-1080,अपने,0,0,0,0,0,0,0,0,1
HI-RBSE-213.txt,RB-1081,लड़के,0,0,0,0,0,0,0,0,1
HI-RBSE-213.txt,RB-1082,से,0,0,0,0,0,0,0,0,1
HI-RBSE-213.txt,RB-1083,बोला,1,0,0,0,1,1,3,0,0
HI-RBSE-213.txt,RB-1084,कि,0,1,1,1,0,0,3,0,0
HI-RBSE-213.txt,RB-1085,वह,0,0,0,0,0,0,0,0,1
HI-RBSE-213.txt,RB-1086,माली,0,0,0,0,0,0,0,0,1
HI-RBSE-213.txt,RB-1087,को,0,0,0,1,0,1,2,0,0
HI-RBSE-213.txt,RB-1088,घोंसला,0,1,0,0,0,0,1,0,0
HI-RBSE-213.txt,RB-1089,हटाने,0,0,0,0,0,0,0,0,1
HI-RBSE-213.txt,RB-1090,के,0,0,0,0,0,0,0,0,1
HI-RBSE-213.txt,RB-1091,लिए,0,0,0,0,0,0,0,0,1
HI-RBSE-213.txt,RB-1092,कहे,1,1,1,1,1,1,6,1,0
HI-RBSE-213.txt,RB-1093,चिड़िया,0,0,0,0,0,0,0,0,1
HI-RBSE-213.txt,RB-1094,घर,0,0,0,0,0,0,0,0,1
HI-RBSE-213.txt,RB-1095,लौटकर,0,0,0,0,0,0,0,0,1
HI-RBSE-213.txt,RB-1096,आई,1,1,1,1,1,1,6,1,0
HI-RBSE-213.txt,RB-1097,बच्चे,0,0,0,0,0,0,0,0,1
HI-RBSE-213.txt,RB-1098,घबरा,0,0,0,0,0,0,0,0,1
HI-RBSE-213.txt,RB-1099,रहे,0,0,0,0,0,0,0,0,1
HI-RBSE-213.txt,RB-1100,थे,1,1,1,1,1,1,6,1,0
HI-RBSE-213.txt,RB-1101,उन्होंने,0,0,0,0,0,0,0,0,1
HI-RBSE-213.txt,RB-1102,मालिक,0,0,0,0,0,0,0,0,1
HI-RBSE-213.txt,RB-1103,की,0,0,0,0,0,0,0,0,1
HI-RBSE-213.txt,RB-1104,बात,0,1,0,1,1,1,4,1,0
HI-RBSE-213.txt,RB-1105,माँ,0,0,0,0,0,0,0,0,1
HI-RBSE-213.txt,RB-1106,को,0,0,0,0,0,0,0,0,1
HI-RBSE-213.txt,RB-1107,बताई,1,1,1,1,1,1,6,1,0
HI-RBSE-213.txt,RB-1108,चिड़िया,0,0,0,0,0,0,0,0,1
HI-RBSE-213.txt,RB-1109,ने,0,0,0,0,0,0,0,0,1
HI-RBSE-213.txt,RB-1110,बच्चों,0,0,0,0,0,0,0,0,1
HI-RBSE-213.txt,RB-1111,से,0,0,0,0,0,0,0,0,1
HI-RBSE-213.txt,RB-1112,कहा,1,0,0,0,1,1,3,0,0
HI-RBSE-213.txt,RB-1113,कि,0,1,1,1,0,0,3,0,0
HI-RBSE-213.txt,RB-1114,वे,0,0,0,0,0,0,0,0,1
HI-RBSE-213.txt,RB-1115,घबराएं,0,0,0,0,0,0,0,0,1
HI-RBSE-213.txt,RB-1116,नहीं,0,1,0,1,1,1,4,1,0
HI-RBSE-213.txt,RB-1117,और,0,0,0,0,0,0,0,0,1
HI-RBSE-213.txt,RB-1118,मौज,0,0,0,0,0,0,0,0,1
HI-RBSE-213.txt,RB-1119,से,0,0,0,0,0,0,0,0,1
HI-RBSE-213.txt,RB-1120,रहें,1,1,1,1,1,1,6,1,0
HI-RBSE-213.txt,RB-1121,कुछ,0,0,0,0,0,0,0,0,1
HI-RBSE-213.txt,RB-1122,दिन,0,0,0,0,0,0,0,0,1
HI-RBSE-213.txt,RB-1123,निकल,0,0,0,0,0,0,0,0,1
HI-RBSE-213.txt,RB-1124,गए,1,1,1,1,1,1,6,1,0
HI-RBSE-213.txt,RB-1125,घोंसला,0,0,0,0,0,0,0,0,1
HI-RBSE-213.txt,RB-1126,नहीं,0,0,0,0,0,0,0,0,1
HI-RBSE-213.txt,RB-1127,हटा,1,1,1,1,1,1,6,1,0
HI-RBSE-213.txt,RB-1128,मालिक,0,0,0,0,0,0,0,0,1
HI-RBSE-213.txt,RB-1129,फिर,0,0,0,0,0,0,0,0,1
HI-RBSE-213.txt,RB-1130,एक,0,0,0,0,0,0,0,0,1
HI-RBSE-213.txt,RB-1131,दिन,0,0,0,0,0,0,0,0,1
HI-RBSE-213.txt,RB-1132,आया,1,1,1,1,1,1,6,1,0
HI-RBSE-213.txt,RB-1133,उसे,0,0,0,0,0,0,0,0,1
HI-RBSE-213.txt,RB-1134,घोंसला,0,0,0,0,0,0,0,0,1
HI-RBSE-213.txt,RB-1135,वहीं,0,0,0,0,0,0,0,0,1
HI-RBSE-213.txt,RB-1136,दिखाई,0,0,0,0,0,0,0,0,1
HI-RBSE-213.txt,RB-1137,दिया,1,1,1,1,1,1,6,1,0
HI-RBSE-2152.txt,RB-1001,एक,0,0,0,0,0,0,0,0,1
HI-RBSE-2152.txt,RB-1002,दिन,1,0,0,1,1,1,4,1,0
HI-RBSE-2152.txt,RB-1003,प्रभा,0,1,1,0,0,0,2,0,0
HI-RBSE-2152.txt,RB-1004,स्कूल,0,0,0,0,0,0,0,0,1
HI-RBSE-2152.txt,RB-1005,में,1,0,0,1,0,1,3,0,0
HI-RBSE-2152.txt,RB-1006,अखबार,0,0,0,0,0,0,0,0,1
HI-RBSE-2152.txt,RB-1007,पढ़,0,0,0,0,0,0,0,0,1
HI-RBSE-2152.txt,RB-1008,रही,0,0,0,0,0,0,0,0,1
HI-RBSE-2152.txt,RB-1009,थी,1,1,1,1,1,1,6,1,0
HI-RBSE-2152.txt,RB-1010,पास,0,0,0,0,0,0,0,0,1
HI-RBSE-2152.txt,RB-1011,में,1,1,0,0,0,1,3,0,0
HI-RBSE-2152.txt,RB-1012,बालक-बालिकाएँ,0,0,0,0,0,0,0,0,1
HI-RBSE-2152.txt,RB-1013,भी,1,1,0,1,0,1,4,1,0
HI-RBSE-2152.txt,RB-1014,पढ़,0,0,0,0,0,0,0,0,1
HI-RBSE-2152.txt,RB-1015,रहे,0,0,0,0,0,0,0,0,1
HI-RBSE-2152.txt,RB-1016,थे,1,1,1,1,1,1,6,1,0
HI-RBSE-2152.txt,RB-1017,गुरुजी,0,0,0,0,0,0,0,0,1
HI-RBSE-2152.txt,RB-1018,भी,0,0,0,0,0,0,0,0,1
HI-RBSE-2152.txt,RB-1019,वहीं,0,0,0,0,0,0,0,0,1
HI-RBSE-2152.txt,RB-1020,थे,1,1,1,1,1,1,6,1,0
HI-RBSE-2152.txt,RB-1021,पढ़ते-पढ़ते,1,1,0,1,1,1,5,1,0
HI-RBSE-2152.txt,RB-1022,प्रभा,0,0,0,0,0,0,0,0,1
HI-RBSE-2152.txt,RB-1023,की,0,0,0,0,0,0,0,0,1
HI-RBSE-2152.txt,RB-1024,आँखें,0,1,0,0,0,0,1,0,0
HI-RBSE-2152.txt,RB-1025,भर,0,0,0,0,0,0,0,0,1
HI-RBSE-2152.txt,RB-1026,आई,1,1,1,1,1,1,6,1,0
HI-RBSE-2152.txt,RB-1027,टप-टप,1,1,1,1,1,1,6,1,0
HI-RBSE-2152.txt,RB-1028,टप-टप,1,0,1,1,1,1,5,1,0
HI-RBSE-2152.txt,RB-1029,आँसू,0,1,0,0,0,0,1,0,0
HI-RBSE-2152.txt,RB-1030,गिरने,0,0,0,0,0,0,0,0,1
HI-RBSE-2152.txt,RB-1031,लगे,1,1,1,1,1,1,6,1,0
HI-RBSE-2152.txt,RB-1032,पास,0,0,0,0,0,0,0,0,1
HI-RBSE-2152.txt,RB-1033,में,0,0,0,0,0,0,0,0,1
HI-RBSE-2152.txt,RB-1034,बैठी,0,0,0,0,0,0,0,0,1
HI-RBSE-2152.txt,RB-1035,सहेली,1,1,0,1,1,1,5,1,0
HI-RBSE-2152.txt,RB-1036,बार-बार,0,0,0,0,0,0,0,0,1
HI-RBSE-2152.txt,RB-1037,पूछकर,1,1,1,1,0,1,5,1,0
HI-RBSE-2152.txt,RB-1038,बात,0,0,0,0,0,0,0,0,1
HI-RBSE-2152.txt,RB-1039,समझने,0,0,0,0,0,0,0,0,1
HI-RBSE-2152.txt,RB-1040,की,0,0,0,0,0,0,0,0,1
HI-RBSE-2152.txt,RB-1041,कोशिश,0,0,0,0,0,0,0,0,1
HI-RBSE-2152.txt,RB-1042,कर,0,0,0,0,0,0,0,0,1
HI-RBSE-2152.txt,RB-1043,रही,0,0,0,0,0,0,0,0,1
HI-RBSE-2152.txt,RB-1044,थी,1,1,1,1,1,1,6,1,0
HI-RBSE-2152.txt,RB-1045,गुरुजीने,0,0,0,0,0,0,0,0,1
HI-RBSE-2152.txt,RB-1046,भी,0,0,0,0,0,0,0,0,1
HI-RBSE-2152.txt,RB-1047,पूछताछ,0,0,0,0,0,0,0,0,1
HI-RBSE-2152.txt,RB-1048,की,1,1,1,1,1,1,6,1,0
HI-RBSE-2152.txt,RB-1049,प्रभा,0,0,0,0,0,0,0,0,1
HI-RBSE-2152.txt,RB-1050,कुछ,0,0,0,0,0,0,0,0,1
HI-RBSE-2152.txt,RB-1051,नहीं,0,0,0,0,0,0,0,0,1
HI-RBSE-2152.txt,RB-1052,बोली,1,1,1,1,1,1,6,1,0
HI-RBSE-2152.txt,RB-1053,बैसाखी,0,0,0,0,0,0,0,0,1
HI-RBSE-2152.txt,RB-1054,उठाकर,0,1,0,0,0,0,1,0,0
HI-RBSE-2152.txt,RB-1055,चल,0,0,0,0,0,0,0,0,1
HI-RBSE-2152.txt,RB-1056,दी,1,1,1,1,1,1,6,1,0
HI-RBSE-2152.txt,RB-1057,गुरुजी,0,0,0,0,0,0,0,0,1
HI-RBSE-2152.txt,RB-1058,की,0,0,0,0,0,0,0,0,1
HI-RBSE-2152.txt,RB-1059,नजर,1,1,0,1,0,1,4,1,0
HI-RBSE-2152.txt,RB-1060,उस,0,0,0,0,0,0,0,0,1
HI-RBSE-2152.txt,RB-1061,अखबार,0,0,0,0,0,0,0,0,1
HI-RBSE-2152.txt,RB-1062,पर,0,0,0,0,0,0,0,0,1
HI-RBSE-2152.txt,RB-1063,पड़ी,1,1,1,1,1,1,6,1,0
HI-RBSE-2152.txt,RB-1064,उसमे,1,1,0,0,0,1,3,0,0
HI-RBSE-2152.txt,RB-1065,कृत्रिम,0,0,0,0,0,0,0,0,1
HI-RBSE-2152.txt,RB-1066,टाँगों,0,0,0,0,0,0,0,0,1
HI-RBSE-2152.txt,RB-1067,का,0,0,0,0,0,0,0,0,1
HI-RBSE-2152.txt,RB-1068,चित्र,0,1,0,0,0,0,1,0,0
HI-RBSE-2152.txt,RB-1069,छपा,0,0,0,0,0,0,0,0,1
HI-RBSE-2152.txt,RB-1070,था,1,0,1,1,1,1,5,1,0
HI-RBSE-2152.txt,RB-1071,गुरुजी,0,0,0,0,0,0,0,0,1
HI-RBSE-2152.txt,RB-1072,को,1,1,0,0,0,1,3,0,0
HI-RBSE-2152.txt,RB-1073,समझने,0,0,0,0,0,0,0,0,1
HI-RBSE-2152.txt,RB-1074,में,0,0,0,1,0,0,1,0,0
HI-RBSE-2152.txt,RB-1075,देर,0,0,0,0,0,0,0,0,1
HI-RBSE-2152.txt,RB-1076,नहीं,0,0,0,0,0,0,0,0,1
HI-RBSE-2152.txt,RB-1077,लगी,1,1,1,1,1,1,6,1,0
HI-RBSE-2152.txt,RB-1078,प्रभा,0,0,0,0,0,0,0,0,1
HI-RBSE-2152.txt,RB-1079,भी,0,1,0,0,0,0,1,0,0
HI-RBSE-2152.txt,RB-1080,कृत्रिम,0,0,0,0,0,0,0,0,1
HI-RBSE-2152.txt,RB-1081,टाँग,1,0,0,1,0,1,3,0,0
HI-RBSE-2152.txt,RB-1082,लगवाना,0,0,0,0,0,0,0,0,1
HI-RBSE-2152.txt,RB-1083,चाहती,0,0,0,0,0,0,0,0,1
HI-RBSE-2152.txt,RB-1084,है,1,1,1,1,1,1,6,1,0
HI-RBSE-2152.txt,RB-1085,पर,0,0,0,0,0,0,0,0,1
HI-RBSE-2152.txt,RB-1086,उसके,0,0,0,0,0,0,0,0,1
HI-RBSE-2152.txt,RB-1087,माँ-बाप,0,0,0,0,0,0,0,0,1
HI-RBSE-2152.txt,RB-1088,गरीब,0,0,0,0,0,0,0,0,1
HI-RBSE-2152.txt,RB-1089,हैं,1,1,1,1,1,1,6,1,0
HI-RBSE-2152.txt,RB-1090,गुरुजी,0,0,0,0,0,0,0,0,1
HI-RBSE-2152.txt,RB-1091,ने,0,0,0,0,0,0,0,0,1
HI-RBSE-2152.txt,RB-1092,सोचा,1,1,1,1,1,1,6,1,0
HI-RBSE-2152.txt,RB-1093,प्रभा,0,0,0,0,0,0,0,0,1
HI-RBSE-2152.txt,RB-1094,के,0,0,0,0,0,0,0,0,1
HI-RBSE-2152.txt,RB-1095,लिए,1,1,0,0,1,1,4,1,0
HI-RBSE-2152.txt,RB-1096,कुछ,0,0,0,0,0,0,0,0,1
HI-RBSE-2152.txt,RB-1097,न,0,0,0,0,0,0,0,0,1
HI-RBSE-2152.txt,RB-1098,कुछ,0,0,0,0,0,0,0,0,1
HI-RBSE-2152.txt,RB-1099,करना,0,0,0,0,0,0,0,0,1
HI-RBSE-2152.txt,RB-1100,चाहिए,1,0,1,1,1,1,5,1,0
HI-RBSE-2152.txt,RB-1101,उन्हें,0,0,0,0,0,0,0,0,1
HI-RBSE-2152.txt,RB-1102,तभी,0,0,0,0,0,0,0,0,1
HI-RBSE-2152.txt,RB-1103,याद,0,0,0,0,0,0,0,0,1
HI-RBSE-2152.txt,RB-1104,आया,1,1,0,0,1,1,4,1,0
HI-RBSE-2152.txt,RB-1105,कि,0,0,1,1,0,0,2,0,0
HI-RBSE-2152.txt,RB-1106,जयपुर,0,0,0,0,0,0,0,0,1
HI-RBSE-2152.txt,RB-1107,में,1,1,0,1,0,1,4,1,0
HI-RBSE-2152.txt,RB-1108,महावीर,0,0,0,0,0,0,0,0,1
HI-RBSE-2152.txt,RB-1109,विकलांग,0,0,0,0,0,0,0,0,1
HI-RBSE-2152.txt,RB-1110,समिति,1,1,1,1,1,1,6,1,0
HI-RBSE-2152.txt,RB-1111,ऐसे,0,0,0,0,0,0,0,0,1
HI-RBSE-2152.txt,RB-1112,जरूरत,0,0,0,0,0,0,0,0,1
HI-RBSE-2152.txt,RB-1113,वालों,0,0,0,0,0,0,0,0,1
HI-RBSE-2152.txt,RB-1114,की,0,1,0,0,0,0,1,0,0
HI-RBSE-2152.txt,RB-1115,सेवा,0,0,0,0,0,0,0,0,1
HI-RBSE-2152.txt,RB-1116,करती,0,0,0,0,0,0,0,0,1
HI-RBSE-2152.txt,RB-1117,है,1,1,1,1,1,1,6,1,0
HI-RBSE-2152.txt,RB-1118,गुरुजी,0,0,0,0,0,0,0,0,1
HI-RBSE-2152.txt,RB-1119,ने,0,1,0,0,0,0,1,0,0
HI-RBSE-2152.txt,RB-1120,तय,0,0,0,0,0,0,0,0,1
HI-RBSE-2152.txt,RB-1121,किया,1,0,0,0,1,1,3,0,0
HI-RBSE-2152.txt,RB-1122,कि,0,0,1,1,0,0,2,0,0
HI-RBSE-2152.txt,RB-1123,वे,0,0,0,0,0,0,0,0,1
HI-RBSE-2152.txt,RB-1124,प्रभा,0,0,0,0,0,0,0,0,1
HI-RBSE-2152.txt,RB-1125,को,0,1,0,0,0,0,1,0,0
HI-RBSE-2152.txt,RB-1126,लेकर,1,0,0,1,0,1,3,0,0
HI-RBSE-2152.txt,RB-1127,जयपुर,0,0,0,0,0,0,0,0,1
HI-RBSE-2152.txt,RB-1128,जाएँगे,1,1,1,1,1,1,6,1,0
HI-RBSE-302.txt,RB-1001,एक,0,0,0,0,0,0,0,0,1
HI-RBSE-302.txt,RB-1002,खरगोश,1,0,0,0,1,1,3,0,0
HI-RBSE-302.txt,RB-1003,घूमता,0,0,0,0,0,0,0,0,1
HI-RBSE-302.txt,RB-1004,हुआ,1,1,0,1,0,0,3,0,0
HI-RBSE-302.txt,RB-1005,बाजार,0,0,0,0,0,0,0,0,1
HI-RBSE-302.txt,RB-1006,में,0,0,0,0,0,0,0,0,1
HI-RBSE-302.txt,RB-1007,पहुँचा,1,1,1,1,1,1,6,1,0
HI-RBSE-302.txt,RB-1008,उसकी,0,0,0,0,0,0,0,0,1
HI-RBSE-302.txt,RB-1009,नज़र,1,1,0,1,1,1,5,1,0
HI-RBSE-302.txt,RB-1010,गुड़,0,0,0,0,0,0,0,0,1
HI-RBSE-302.txt,RB-1011,की,0,0,0,0,0,0,0,0,1
HI-RBSE-302.txt,RB-1012,भेलियों,0,0,0,0,0,0,0,0,1
HI-RBSE-302.txt,RB-1013,पर,0,0,0,0,0,0,0,0,1
HI-RBSE-302.txt,RB-1014,पड़ी,1,1,1,1,1,1,6,1,0
HI-RBSE-302.txt,RB-1015,खरगोश,0,0,0,0,0,0,0,0,1
HI-RBSE-302.txt,RB-1016,को,0,0,0,0,0,1,1,0,0
HI-RBSE-302.txt,RB-1017,गुड़,0,0,0,0,0,0,0,0,1
HI-RBSE-302.txt,RB-1018,खाने,0,0,0,0,0,0,0,0,1
HI-RBSE-302.txt,RB-1019,का,0,0,0,0,0,0,0,0,1
HI-RBSE-302.txt,RB-1020,बहुत,0,0,0,0,0,0,0,0,1
HI-RBSE-302.txt,RB-1021,मन,0,0,0,0,0,0,0,0,1
HI-RBSE-302.txt,RB-1022,हुआ,1,1,1,1,1,1,6,1,0
HI-RBSE-302.txt,RB-1023,वह,0,0,0,0,0,0,0,0,1
HI-RBSE-302.txt,RB-1024,गुड़,0,0,0,0,0,0,0,0,1
HI-RBSE-302.txt,RB-1025,खाने,0,0,0,0,0,0,0,0,1
HI-RBSE-302.txt,RB-1026,के,0,1,0,1,1,1,4,1,0
HI-RBSE-302.txt,RB-1027,अलग-अलग,0,0,0,0,0,0,0,0,1
HI-RBSE-302.txt,RB-1028,रास्ते,0,0,0,0,0,0,0,0,1
HI-RBSE-302.txt,RB-1029,सोचने,0,0,0,0,0,0,0,0,1
HI-RBSE-302.txt,RB-1030,लगा,1,1,1,1,1,1,6,1,0
HI-RBSE-302.txt,RB-1031,पहले,0,0,0,0,0,0,0,0,1
HI-RBSE-302.txt,RB-1032,उसने,0,0,0,0,0,0,0,0,1
HI-RBSE-302.txt,RB-1033,सोचा,1,0,0,0,1,1,3,0,0
HI-RBSE-302.txt,RB-1034,कि,0,1,0,1,0,0,2,0,0
HI-RBSE-302.txt,RB-1035,चोरी,0,0,0,0,0,0,0,0,1
HI-RBSE-302.txt,RB-1036,कर,0,0,0,0,0,0,0,0,1
HI-RBSE-302.txt,RB-1037,ले,1,1,1,1,1,1,6,1,0
HI-RBSE-302.txt,RB-1038,लेकिन,0,0,0,0,0,0,0,0,1
HI-RBSE-302.txt,RB-1039,फिर,0,0,0,0,0,0,0,0,1
HI-RBSE-302.txt,RB-1040,समझा,1,0,0,0,1,1,3,0,0
HI-RBSE-302.txt,RB-1041,कि,0,0,0,0,0,0,0,0,1
HI-RBSE-302.txt,RB-1042,यह,0,0,0,0,0,0,0,0,1
HI-RBSE-302.txt,RB-1043,गलत,0,0,0,0,0,0,0,0,1
HI-RBSE-302.txt,RB-1044,है,1,1,1,1,1,1,6,1,0
HI-RBSE-302.txt,RB-1045,उसने,0,0,0,0,0,0,0,0,1
HI-RBSE-302.txt,RB-1046,गुड़,0,0,0,0,0,0,0,0,1
HI-RBSE-302.txt,RB-1047,मांगने,0,0,0,0,0,0,0,0,1
HI-RBSE-302.txt,RB-1048,का,0,0,0,0,0,0,0,0,1
HI-RBSE-302.txt,RB-1049,सोचा,1,1,1,1,1,1,6,1,0
HI-RBSE-302.txt,RB-1050,वह,0,0,0,0,0,0,0,0,1
HI-RBSE-302.txt,RB-1051,दुकानदार,0,0,0,0,0,0,0,0,1
HI-RBSE-302.txt,RB-1052,के,0,0,0,0,0,0,0,0,1
HI-RBSE-302.txt,RB-1053,पास,0,0,0,0,0,0,0,0,1
HI-RBSE-302.txt,RB-1054,गया,1,1,1,1,1,1,6,1,0
HI-RBSE-302.txt,RB-1055,और,0,0,0,0,0,0,0,0,1
HI-RBSE-302.txt,RB-1056,उसकी,0,0,0,0,0,0,0,0,1
HI-RBSE-302.txt,RB-1057,तारीफ,0,0,0,0,0,0,0,0,1
HI-RBSE-302.txt,RB-1058,की,1,1,1,1,1,1,6,1,0
HI-RBSE-302.txt,RB-1059,उसने,0,0,0,0,0,0,0,0,1
HI-RBSE-302.txt,RB-1060,दुकानदार,0,0,0,0,0,0,0,0,1
HI-RBSE-302.txt,RB-1061,को,0,0,0,0,0,1,1,0,0
HI-RBSE-302.txt,RB-1062,दयालु,1,1,0,1,1,1,5,1,0
HI-RBSE-302.txt,RB-1063,और,0,0,0,0,0,0,0,0,1
HI-RBSE-302.txt,RB-1064,दानी,0,0,0,0,0,0,0,0,1
HI-RBSE-302.txt,RB-1065,बताया,1,1,1,1,1,1,6,1,0
HI-RBSE-302.txt,RB-1066,और,0,0,0,0,0,0,0,0,1
HI-RBSE-302.txt,RB-1067,उसके,0,0,0,0,0,0,0,0,1
HI-RBSE-302.txt,RB-1068,कारोबार,0,0,0,0,0,0,0,0,1
HI-RBSE-302.txt,RB-1069,की,0,0,0,0,0,0,0,0,1
HI-RBSE-302.txt,RB-1070,भी,0,0,0,0,0,0,0,0,1
HI-RBSE-302.txt,RB-1071,प्रशंसा,0,0,0,0,0,0,0,0,1
HI-RBSE-302.txt,RB-1072,की,1,1,1,1,1,1,6,1,0
HI-RBSE-302.txt,RB-1073,फिर,0,0,0,0,0,0,0,0,1
HI-RBSE-302.txt,RB-1074,उसने,0,0,0,0,0,0,0,0,1
HI-RBSE-302.txt,RB-1075,गुड़,0,0,0,0,0,0,0,0,1
HI-RBSE-302.txt,RB-1076,मांगा,1,1,1,1,1,1,6,1,0
HI-RBSE-302.txt,RB-1077,खरगोश,0,0,0,0,0,0,0,0,1
HI-RBSE-302.txt,RB-1078,की,0,0,0,0,0,0,0,0,1
HI-RBSE-302.txt,RB-1079,बात,0,0,0,0,0,0,0,0,1
HI-RBSE-302.txt,RB-1080,सुनकर,0,1,0,1,1,1,4,1,0
HI-RBSE-302.txt,RB-1081,दुकानदार,0,0,0,0,0,0,0,0,1
HI-RBSE-302.txt,RB-1082,खुश,0,0,0,0,0,0,0,0,1
HI-RBSE-302.txt,RB-1083,हो,0,0,0,0,0,0,0,0,1
HI-RBSE-302.txt,RB-1084,गया,1,1,1,1,1,1,6,1,0
HI-RBSE-302.txt,RB-1085,उसने,0,0,0,0,0,0,0,0,1
HI-RBSE-302.txt,RB-1086,उसे,0,0,0,0,0,0,0,0,1
HI-RBSE-302.txt,RB-1087,गुड़,0,0,0,0,0,0,0,0,1
HI-RBSE-302.txt,RB-1088,दे,0,0,0,0,0,0,0,0,1
HI-RBSE-302.txt,RB-1089,दिया,1,1,1,1,1,1,6,1,0
HI-RBSE-302.txt,RB-1090,खरगोश,0,0,0,0,0,0,0,0,1
HI-RBSE-302.txt,RB-1091,खुशी,0,0,0,0,0,0,0,0,1
HI-RBSE-302.txt,RB-1092,से,0,0,0,0,0,0,0,0,1
HI-RBSE-302.txt,RB-1093,उछलता,0,0,0,0,0,0,0,0,1
HI-RBSE-302.txt,RB-1094,हुआ,0,1,0,1,1,1,4,1,0
HI-RBSE-302.txt,RB-1095,जंगल,0,0,0,0,0,0,0,0,1
HI-RBSE-302.txt,RB-1096,की,0,0,0,0,0,0,0,0,1
HI-RBSE-302.txt,RB-1097,तरफ,0,0,0,0,0,0,0,0,1
HI-RBSE-302.txt,RB-1098,भागा,1,1,1,1,1,1,6,1,0
HI-RBSE-302.txt,RB-1099,वह,0,0,0,0,0,0,0,0,1
HI-RBSE-302.txt,RB-1100,पेड़,0,0,0,0,0,0,0,0,1
HI-RBSE-302.txt,RB-1101,के,0,0,0,0,0,0,0,0,1
HI-RBSE-302.txt,RB-1102,नीचे,0,0,0,0,0,0,0,0,1
HI-RBSE-302.txt,RB-1103,बैठकर,1,1,0,1,1,1,5,1,0
HI-RBSE-302.txt,RB-1104,गुड़,0,0,0,0,0,0,0,0,1
HI-RBSE-302.txt,RB-1105,खाने,0,0,0,0,0,0,0,0,1
HI-RBSE-302.txt,RB-1106,लगा,1,1,1,1,1,1,6,1,0
HI-RBSE-302.txt,RB-1107,इतने,0,0,0,0,0,0,0,0,1
HI-RBSE-302.txt,RB-1108,में,0,0,0,1,1,1,3,0,0
HI-RBSE-302.txt,RB-1109,एक,0,1,0,0,0,0,1,0,0
HI-RBSE-302.txt,RB-1110,लोमड़ी,0,0,0,0,0,0,0,0,1
HI-RBSE-302.txt,RB-1111,वहाँ,0,0,0,0,0,0,0,0,1
HI-RBSE-302.txt,RB-1112,आई,1,1,1,1,1,1,6,1,0
HI-RBSE-302.txt,RB-1113,उसको,0,0,0,0,0,0,0,0,1
HI-RBSE-302.txt,RB-1114,देखकर,0,0,0,1,1,1,3,0,0
HI-RBSE-302.txt,RB-1115,खरगोश,0,0,0,0,0,0,0,0,1
HI-RBSE-302.txt,RB-1116,ने,0,1,0,0,0,0,1,0,0
HI-RBSE-302.txt,RB-1117,गुड़,0,0,0,0,0,0,0,0,1
HI-RBSE-302.txt,RB-1118,छिपा,0,0,0,0,0,0,0,0,1
HI-RBSE-302.txt,RB-1119,लिया,1,1,1,1,1,1,6,1,0
HI-RBSE-302.txt,RB-1120,लोमड़ी,0,0,0,0,0,0,0,0,1
HI-RBSE-302.txt,RB-1121,बहुत,0,0,0,0,0,0,0,0,1
HI-RBSE-302.txt,RB-1122,चालाक,0,0,0,0,0,0,0,0,1
HI-RBSE-302.txt,RB-1123,थी,1,1,1,1,1,1,6,1,0
HI-RBSE-302.txt,RB-1124,उसने,0,0,0,0,0,0,0,0,1
HI-RBSE-302.txt,RB-1125,गुड़,0,0,0,0,0,0,0,0,1
HI-RBSE-302.txt,RB-1126,को,0,0,0,0,0,1,1,0,0
HI-RBSE-302.txt,RB-1127,देख,0,0,0,0,0,0,0,0,1
HI-RBSE-302.txt,RB-1128,लिया,0,0,0,0,0,0,0,0,1
HI-RBSE-302.txt,RB-1129,था,1,1,1,1,1,1,6,1,0
HI-RBSE-302.txt,RB-1130,लोमड़ी,0,0,0,0,0,0,0,0,1
HI-RBSE-302.txt,RB-1131,जानना,0,0,0,0,0,0,0,0,1
HI-RBSE-302.txt,RB-1132,चाहती,0,0,0,0,0,0,0,0,1
HI-RBSE-302.txt,RB-1133,थी,1,0,0,0,1,1,3,0,0
HI-RBSE-302.txt,RB-1134,कि,0,1,0,1,0,0,2,0,0
HI-RBSE-302.txt,RB-1135,खरगोश,0,0,0,0,0,0,0,0,1
HI-RBSE-302.txt,RB-1136,गुड़,0,0,0,0,0,0,0,0,1
HI-RBSE-302.txt,RB-1137,कहाँ,0,0,0,0,0,0,0,0,1
HI-RBSE-302.txt,RB-1138,से,0,0,0,0,0,0,0,0,1
HI-RBSE-302.txt,RB-1139,लाया,1,1,1,1,1,1,6,1,0
HI-RBSE-302.txt,RB-1140,न,0,0,0,0,0,0,0,0,1
HI-RBSE-302.txt,RB-1141,बताने,0,0,0,0,0,0,0,0,1
HI-RBSE-302.txt,RB-1142,पर,1,1,0,1,1,1,5,1,0
HI-RBSE-302.txt,RB-1143,उसने,0,0,0,0,0,0,0,0,1
HI-RBSE-302.txt,RB-1144,खरगोश,0,0,0,0,0,0,0,0,1
HI-RBSE-302.txt,RB-1145,को,0,0,0,0,0,1,1,0,0
HI-RBSE-302.txt,RB-1146,मारने,0,0,0,0,0,0,0,0,1
HI-RBSE-302.txt,RB-1147,की,0,0,0,0,0,0,0,0,1
HI-RBSE-302.txt,RB-1148,धमकी,0,0,0,0,0,0,0,0,1
HI-RBSE-302.txt,RB-1149,दी,1,1,1,1,1,1,6,1,0
HI-RBSE-309.txt,RB-1001,एक,0,0,0,0,0,0,0,0,1
HI-RBSE-309.txt,RB-1002,सेठ,0,0,0,0,0,0,0,0,1
HI-RBSE-309.txt,RB-1003,था,1,1,1,1,1,1,6,1,0
HI-RBSE-309.txt,RB-1004,एक,0,0,0,0,0,0,0,0,1
HI-RBSE-309.txt,RB-1005,दिन,1,0,1,0,1,1,4,1,0
HI-RBSE-309.txt,RB-1006,उसे,0,1,0,0,0,0,1,0,0
HI-RBSE-309.txt,RB-1007,नारियल,0,0,0,0,0,0,0,0,1
HI-RBSE-309.txt,RB-1008,की,0,0,0,0,0,0,0,0,1
HI-RBSE-309.txt,RB-1009,जरूरत,0,0,0,0,0,0,0,0,1
HI-RBSE-309.txt,RB-1010,पड़,0,0,0,0,0,0,0,0,1
HI-RBSE-309.txt,RB-1011,गई,1,1,1,1,1,1,6,1,0
HI-RBSE-309.txt,RB-1012,वह,0,0,0,0,0,0,0,0,1
HI-RBSE-309.txt,RB-1013,नारियल,0,0,0,0,0,0,0,0,1
HI-RBSE-309.txt,RB-1014,लेने,0,0,0,0,1,1,2,0,0
HI-RBSE-309.txt,RB-1015,बाजार,0,0,0,0,0,0,0,0,1
HI-RBSE-309.txt,RB-1016,पहुँचा,1,1,1,1,1,1,6,1,0
HI-RBSE-309.txt,RB-1017,उसने,0,0,0,0,0,0,0,0,1
HI-RBSE-309.txt,RB-1018,दुकानदार,0,0,0,0,0,0,0,0,1
HI-RBSE-309.txt,RB-1019,से,1,1,0,1,0,1,4,1,0
HI-RBSE-309.txt,RB-1020,एक,0,0,0,0,0,0,0,0,1
HI-RBSE-309.txt,RB-1021,नारियल,0,0,0,0,0,0,0,0,1
HI-RBSE-309.txt,RB-1022,का,0,0,0,0,0,0,0,0,1
HI-RBSE-309.txt,RB-1023,दाम,0,0,0,0,0,0,0,0,1
HI-RBSE-309.txt,RB-1024,पूछा,1,1,1,1,1,1,6,1,0
HI-RBSE-309.txt,RB-1025,दुकानदार,0,0,0,0,0,0,0,0,1
HI-RBSE-309.txt,RB-1026,ने,0,0,0,0,0,0,0,0,1
HI-RBSE-309.txt,RB-1027,कहा,1,0,1,0,0,1,3,0,0
HI-RBSE-309.txt,RB-1028,कि,0,1,0,1,1,0,3,0,0
HI-RBSE-309.txt,RB-1029,नारियल,0,0,0,0,0,0,0,0,1
HI-RBSE-309.txt,RB-1030,एक,0,0,0,0,0,0,0,0,1
HI-RBSE-309.txt,RB-1031,रुपये,0,0,0,0,0,0,0,0,1
HI-RBSE-309.txt,RB-1032,का,0,0,0,0,0,0,0,0,1
HI-RBSE-309.txt,RB-1033,है,1,1,1,1,1,1,6,1,0
HI-RBSE-309.txt,RB-1034,लेकिन,0,0,1,0,0,0,1,0,0
HI-RBSE-309.txt,RB-1035,सेठ,0,0,0,0,0,0,0,0,1
HI-RBSE-309.txt,RB-1036,ने,0,0,0,0,1,1,2,0,0
HI-RBSE-309.txt,RB-1037,एक,0,0,0,0,0,0,0,0,1
HI-RBSE-309.txt,RB-1038,रुपये,0,0,0,0,0,0,0,0,1
HI-RBSE-309.txt,RB-1039,में,0,1,0,1,0,0,2,0,0
HI-RBSE-309.txt,RB-1040,दो,0,0,0,0,0,0,0,0,1
HI-RBSE-309.txt,RB-1041,नारियल,0,0,0,0,0,0,0,0,1
HI-RBSE-309.txt,RB-1042,मांगे,1,1,1,1,1,1,6,1,0
HI-RBSE-309.txt,RB-1043,दुकानदार,0,0,0,0,0,0,0,0,1
HI-RBSE-309.txt,RB-1044,ने,0,0,0,0,0,1,1,0,0
HI-RBSE-309.txt,RB-1045,उसे,0,1,1,0,0,0,2,0,0
HI-RBSE-309.txt,RB-1046,आगे,0,0,0,1,1,0,2,0,0
HI-RBSE-309.txt,RB-1047,दूसरी,0,0,0,0,0,0,0,0,1
HI-RBSE-309.txt,RB-1048,दुकान,0,0,0,0,0,0,0,0,1
HI-RBSE-309.txt,RB-1049,पर,0,0,0,0,0,0,0,0,1
HI-RBSE-309.txt,RB-1050,भेज,0,0,0,0,0,0,0,0,1
HI-RBSE-309.txt,RB-1051,दिया,1,1,1,1,1,1,6,1,0
HI-RBSE-309.txt,RB-1052,आगे,0,0,1,0,0,0,1,0,0
HI-RBSE-309.txt,RB-1053,सेठ,0,0,0,0,0,0,0,0,1
HI-RBSE-309.txt,RB-1054,को,0,0,0,1,1,1,3,0,0
HI-RBSE-309.txt,RB-1055,एक,0,0,0,0,0,0,0,0,1
HI-RBSE-309.txt,RB-1056,रुपये,0,0,0,0,0,0,0,0,1
HI-RBSE-309.txt,RB-1057,में,0,1,1,0,0,1,3,0,0
HI-RBSE-309.txt,RB-1058,दो,0,0,0,0,0,0,0,0,1
HI-RBSE-309.txt,RB-1059,नारियल,0,0,0,0,0,0,0,0,1
HI-RBSE-309.txt,RB-1060,मिल,0,0,0,0,0,0,0,0,1
HI-RBSE-309.txt,RB-1061,रहे,0,0,0,0,0,0,0,0,1
HI-RBSE-309.txt,RB-1062,थे,1,1,1,1,1,1,6,1,0
HI-RBSE-309.txt,RB-1063,लेकिन,0,0,0,0,0,0,0,0,1
HI-RBSE-309.txt,RB-1064,उसने,0,0,0,0,0,1,1,0,0
HI-RBSE-309.txt,RB-1065,चार,0,0,0,0,0,0,0,0,1
HI-RBSE-309.txt,RB-1066,नारियल,0,0,0,0,0,0,0,0,1
HI-RBSE-309.txt,RB-1067,की,0,0,0,0,0,0,0,0,1
HI-RBSE-309.txt,RB-1068,मांग,0,0,0,0,0,0,0,0,1
HI-RBSE-309.txt,RB-1069,की,1,1,1,1,1,1,6,1,0
HI-RBSE-309.txt,RB-1070,दूसरे,0,0,0,0,0,0,0,0,1
HI-RBSE-309.txt,RB-1071,दुकानदार,0,0,0,0,0,0,0,0,1
HI-RBSE-309.txt,RB-1072,ने,0,0,0,0,0,0,0,0,1
HI-RBSE-309.txt,RB-1073,भी,0,0,0,0,1,1,2,0,0
HI-RBSE-309.txt,RB-1074,उसे,0,1,1,0,0,0,2,0,0
HI-RBSE-309.txt,RB-1075,आगे,0,0,0,0,0,0,0,0,1
HI-RBSE-309.txt,RB-1076,की,0,0,0,0,0,0,0,0,1
HI-RBSE-309.txt,RB-1077,दुकान,0,0,0,0,0,0,0,0,1
HI-RBSE-309.txt,RB-1078,पर,0,0,0,1,0,0,1,0,0
HI-RBSE-309.txt,RB-1079,भेज,0,0,0,0,0,0,0,0,1
HI-RBSE-309.txt,RB-1080,दिया,1,1,1,1,1,1,6,1,0
HI-RBSE-309.txt,RB-1081,सेठ,0,0,0,0,0,0,0,0,1
HI-RBSE-309.txt,RB-1082,वहाँ,0,0,0,0,0,0,0,0,1
HI-RBSE-309.txt,RB-1083,पहुँचा,1,1,1,1,1,1,6,1,0
HI-RBSE-309.txt,RB-1084,जहाँ,0,0,0,0,0,0,0,0,1
HI-RBSE-309.txt,RB-1085,एक,0,0,0,0,0,0,0,0,1
HI-RBSE-309.txt,RB-1086,रुपये,0,0,0,0,0,0,0,0,1
HI-RBSE-309.txt,RB-1087,में,0,1,1,1,0,1,4,1,0
HI-RBSE-309.txt,RB-1088,चार,0,0,0,0,0,0,0,0,1
HI-RBSE-309.txt,RB-1089,नारियल,0,0,0,0,0,0,0,0,1
HI-RBSE-309.txt,RB-1090,मिल,0,0,0,0,0,0,0,0,1
HI-RBSE-309.txt,RB-1091,रहे,0,0,0,0,0,0,0,0,1
HI-RBSE-309.txt,RB-1092,थे,1,1,1,1,1,1,6,1,0
HI-RBSE-309.txt,RB-1093,सेठ,0,0,0,0,0,0,0,0,1
HI-RBSE-309.txt,RB-1094,ने,0,0,0,0,0,0,0,0,1
HI-RBSE-309.txt,RB-1095,वहाँ,0,1,0,0,0,0,1,0,0
HI-RBSE-309.txt,RB-1096,आठ,0,0,0,0,0,0,0,0,1
HI-RBSE-309.txt,RB-1097,नारियल,0,0,0,0,0,0,0,0,1
HI-RBSE-309.txt,RB-1098,मांगे,1,1,1,1,1,1,6,1,0
HI-RBSE-309.txt,RB-1099,तीसरे,0,0,0,0,0,0,0,0,1
HI-RBSE-309.txt,RB-1100,दुकानदार,0,0,0,0,0,0,0,0,1
HI-RBSE-309.txt,RB-1101,ने,0,0,0,0,1,0,1,0,0
HI-RBSE-309.txt,RB-1102,उसे,0,1,1,0,0,1,3,0,0
HI-RBSE-309.txt,RB-1103,नारियल,0,0,0,0,0,0,0,0,1
HI-RBSE-309.txt,RB-1104,के,0,0,0,0,0,0,0,0,1
HI-RBSE-309.txt,RB-1105,पेड़,0,0,0,0,0,0,0,0,1
HI-RBSE-309.txt,RB-1106,से,0,1,1,1,1,1,5,1,0
HI-RBSE-309.txt,RB-1107,खुद,0,0,0,0,0,0,0,0,1
HI-RBSE-309.txt,RB-1108,तोड़ने,0,0,0,0,0,0,0,0,1
HI-RBSE-309.txt,RB-1109,को,0,0,0,0,0,0,0,0,1
HI-RBSE-309.txt,RB-1110,कहा,1,1,1,1,1,1,6,1,0
HI-RBSE-309.txt,RB-1111,सेठ,0,0,0,0,0,0,0,0,1
HI-RBSE-309.txt,RB-1112,पेड़,0,0,0,0,0,0,0,0,1
HI-RBSE-309.txt,RB-1113,के,0,0,0,0,0,0,0,0,1
HI-RBSE-309.txt,RB-1114,पास,0,0,0,0,0,0,0,0,1
HI-RBSE-309.txt,RB-1115,पहुँचा,1,1,1,1,1,1,6,1,0
HI-RBSE-309.txt,RB-1116,वह,0,0,0,0,0,0,0,0,1
HI-RBSE-309.txt,RB-1117,पेड़,0,0,0,0,0,0,0,0,1
HI-RBSE-309.txt,RB-1118,पर,0,0,0,0,0,0,0,0,1
HI-RBSE-309.txt,RB-1119,चढ़,0,0,0,0,0,0,0,0,1
HI-RBSE-309.txt,RB-1120,गया,1,1,1,1,1,1,6,1,0
HI-RBSE-309.txt,RB-1121,और,0,0,0,0,0,0,0,0,1
HI-RBSE-309.txt,RB-1122,खूब,0,0,0,0,0,0,0,0,1
HI-RBSE-309.txt,RB-1123,सारे,0,0,0,0,0,0,0,0,1
HI-RBSE-309.txt,RB-1124,नारियल,0,0,0,0,0,0,0,0,1
HI-RBSE-309.txt,RB-1125,तोड़,0,0,0,0,0,0,0,0,1
HI-RBSE-309.txt,RB-1126,लिए,1,1,1,1,1,1,6,1,0
HI-RBSE-309.txt,RB-1127,लेकिन,0,0,0,0,0,0,0,0,1
HI-RBSE-309.txt,RB-1128,जब,0,0,0,0,0,0,0,0,1
HI-RBSE-309.txt,RB-1129,उतरने,0,0,0,0,0,0,0,0,1
HI-RBSE-309.txt,RB-1130,की,0,0,0,0,0,0,0,0,1
HI-RBSE-309.txt,RB-1131,बारी,0,0,0,0,0,0,0,0,1
HI-RBSE-309.txt,RB-1132,आई,1,1,1,1,1,1,6,1,0
HI-RBSE-309.txt,RB-1133,तो,0,0,0,0,0,0,0,0,1
HI-RBSE-309.txt,RB-1134,उसे,0,0,0,0,0,0,0,0,1
HI-RBSE-309.txt,RB-1135,डर,0,0,0,0,0,0,0,0,1
HI-RBSE-309.txt,RB-1136,लगने,0,0,0,0,0,0,0,0,1
HI-RBSE-309.txt,RB-1137,लगा,1,1,1,1,1,1,6,1,0
HI-RBSE-309.txt,RB-1138,बस,1,1,1,1,1,1,6,1,0
HI-RBSE-309.txt,RB-1139,सेठ,0,0,0,0,0,0,0,0,1
HI-RBSE-309.txt,RB-1140,पेड़,0,0,0,0,0,0,0,0,1
HI-RBSE-309.txt,RB-1141,पर,0,1,0,0,0,0,1,0,0
HI-RBSE-309.txt,RB-1142,लटके-लटके,0,0,0,0,0,1,1,0,0
HI-RBSE-309.txt,RB-1143,ही,0,0,0,1,0,0,1,0,0
HI-RBSE-309.txt,RB-1144,चिल्लाने,0,0,0,0,0,0,0,0,1
HI-RBSE-309.txt,RB-1145,लगा,1,1,1,1,1,1,6,1,0
HI-RBSE-312.txt,RB-1001,एक,0,0,0,0,0,0,0,0,1
HI-RBSE-312.txt,RB-1002,छोटी,0,0,0,0,0,0,0,0,1
HI-RBSE-312.txt,RB-1003,लड़की,0,0,0,0,0,0,0,0,1
HI-RBSE-312.txt,RB-1004,थी,1,1,1,1,1,1,6,1,0
HI-RBSE-312.txt,RB-1005,उसका,0,0,0,0,0,0,0,0,1
HI-RBSE-312.txt,RB-1006,नाम,0,0,0,0,0,1,1,0,0
HI-RBSE-312.txt,RB-1007,मैना,0,0,0,0,0,0,0,0,1
HI-RBSE-312.txt,RB-1008,था,1,1,1,1,1,1,6,1,0
HI-RBSE-312.txt,RB-1009,उम्र,0,0,0,0,0,0,0,0,1
HI-RBSE-312.txt,RB-1010,थी,0,0,0,0,0,1,1,0,0
HI-RBSE-312.txt,RB-1011,सात,0,0,0,0,0,0,0,0,1
HI-RBSE-312.txt,RB-1012,साल,1,1,1,1,1,1,6,1,0
HI-RBSE-312.txt,RB-1013,उसके,0,0,0,0,0,0,0,0,1
HI-RBSE-312.txt,RB-1014,पिता,0,0,0,0,0,0,0,0,1
HI-RBSE-312.txt,RB-1015,का,0,0,0,0,0,0,0,0,1
HI-RBSE-312.txt,RB-1016,नाम,0,1,1,1,0,1,4,1,0
HI-RBSE-312.txt,RB-1017,नाना,0,0,0,0,1,0,1,0,0
HI-RBSE-312.txt,RB-1018,फडणवीस,0,0,0,0,0,0,0,0,1
HI-RBSE-312.txt,RB-1019,था,1,1,1,1,1,1,6,1,0
HI-RBSE-312.txt,RB-1020,नाना,0,0,0,0,0,0,0,0,1
HI-RBSE-312.txt,RB-1021,साहब,0,1,1,1,1,1,5,1,0
HI-RBSE-312.txt,RB-1022,देश,0,0,0,0,0,0,0,0,1
HI-RBSE-312.txt,RB-1023,की,0,0,0,0,0,0,0,0,1
HI-RBSE-312.txt,RB-1024,आजादी,0,0,0,0,0,0,0,0,1
HI-RBSE-312.txt,RB-1025,चाहते,0,0,0,0,0,0,0,0,1
HI-RBSE-312.txt,RB-1026,थे,1,1,1,1,1,1,6,1,0
HI-RBSE-312.txt,RB-1027,मैना,0,0,0,0,0,0,0,0,1
HI-RBSE-312.txt,RB-1028,भी,0,1,0,0,0,0,1,0,0
HI-RBSE-312.txt,RB-1029,आजादी,0,0,0,0,0,0,0,0,1
HI-RBSE-312.txt,RB-1030,चाहती,0,0,0,0,0,0,0,0,1
HI-RBSE-312.txt,RB-1031,थी,1,1,1,1,1,1,6,1,0
HI-RBSE-312.txt,RB-1032,अंग्रेज,0,0,0,0,0,0,0,0,1
HI-RBSE-312.txt,RB-1033,इस,0,0,0,0,0,0,0,0,1
HI-RBSE-312.txt,RB-1034,बात,0,0,0,0,0,0,0,0,1
HI-RBSE-312.txt,RB-1035,पर,0,1,1,1,1,1,5,1,0
HI-RBSE-312.txt,RB-1036,उसके,0,0,0,0,0,0,0,0,1
HI-RBSE-312.txt,RB-1037,पिताजी,0,0,0,0,0,0,0,0,1
HI-RBSE-312.txt,RB-1038,से,0,0,0,0,0,0,0,0,1
HI-RBSE-312.txt,RB-1039,नाराज,0,0,0,0,0,0,0,0,1
HI-RBSE-312.txt,RB-1040,थे,1,1,1,1,1,1,6,1,0
HI-RBSE-312.txt,RB-1041,उन्होंने,0,1,0,0,1,0,2,0,0
HI-RBSE-312.txt,RB-1042,नाना,0,0,0,0,0,0,0,0,1
HI-RBSE-312.txt,RB-1043,साहब,0,0,0,0,0,0,0,0,1
HI-RBSE-312.txt,RB-1044,के,0,0,0,0,0,0,0,0,1
HI-RBSE-312.txt,RB-1045,महल,0,0,0,0,0,1,1,0,0
HI-RBSE-312.txt,RB-1046,को,0,1,1,0,1,0,3,0,0
HI-RBSE-312.txt,RB-1047,आग,0,0,0,0,0,0,0,0,1
HI-RBSE-312.txt,RB-1048,लगवा,0,0,0,0,0,0,0,0,1
HI-RBSE-312.txt,RB-1049,दी,1,1,1,1,1,1,6,1,0
HI-RBSE-312.txt,RB-1050,नाना,0,0,0,0,0,0,0,0,1
HI-RBSE-312.txt,RB-1051,साहब,1,1,0,0,0,0,2,0,0
HI-RBSE-312.txt,RB-1052,जलते,0,0,0,0,0,0,0,0,1
HI-RBSE-312.txt,RB-1053,हुए,0,0,1,1,0,1,3,0,0
HI-RBSE-312.txt,RB-1054,महल,0,0,0,0,0,0,0,0,1
HI-RBSE-312.txt,RB-1055,में,0,0,0,0,0,0,0,0,1
HI-RBSE-312.txt,RB-1056,से,0,0,0,0,0,0,0,0,1
HI-RBSE-312.txt,RB-1057,निकल,0,0,0,0,0,0,0,0,1
HI-RBSE-312.txt,RB-1058,गए,1,1,1,1,1,1,6,1,0
HI-RBSE-312.txt,RB-1059,मैना,0,0,0,0,0,0,0,0,1
HI-RBSE-312.txt,RB-1060,भी,1,0,0,0,1,0,2,0,0
HI-RBSE-312.txt,RB-1061,किसी,0,0,0,0,0,0,0,0,1
HI-RBSE-312.txt,RB-1062,तरह,1,1,0,1,1,1,5,1,0
HI-RBSE-312.txt,RB-1063,जलते,0,0,0,0,0,0,0,0,1
HI-RBSE-312.txt,RB-1064,हुए,0,0,1,0,0,0,1,0,0
HI-RBSE-312.txt,RB-1065,महल,0,0,0,0,0,0,0,0,1
HI-RBSE-312.txt,RB-1066,से,0,1,0,1,0,0,2,0,0
HI-RBSE-312.txt,RB-1067,बाहर,0,0,0,0,0,0,0,0,1
HI-RBSE-312.txt,RB-1068,आ,0,0,0,0,0,0,0,0,1
HI-RBSE-312.txt,RB-1069,गई,1,1,1,1,1,1,6,1,0
HI-RBSE-312.txt,RB-1070,बाहर,0,0,0,0,0,0,0,0,1
HI-RBSE-312.txt,RB-1071,आते,0,0,0,0,0,0,0,0,1
HI-RBSE-312.txt,RB-1072,ही,1,1,0,1,1,1,5,1,0
HI-RBSE-312.txt,RB-1073,उसे,0,0,0,0,0,0,0,0,1
HI-RBSE-312.txt,RB-1074,अंग्रेज,0,0,0,0,0,0,0,0,1
HI-RBSE-312.txt,RB-1075,सैनिकों,0,0,0,0,0,0,0,0,1
HI-RBSE-312.txt,RB-1076,ने,0,0,0,0,0,1,1,0,0
HI-RBSE-312.txt,RB-1077,पकड़,0,0,0,0,0,0,0,0,1
HI-RBSE-312.txt,RB-1078,लिया,1,1,1,1,1,1,6,1,0
HI-RBSE-312.txt,RB-1079,वे,0,0,0,0,0,0,0,0,1
HI-RBSE-312.txt,RB-1080,उसे,1,1,0,0,0,0,2,0,0
HI-RBSE-312.txt,RB-1081,जनरल,0,0,0,0,0,0,0,0,1
HI-RBSE-312.txt,RB-1082,के,0,0,0,0,0,0,0,0,1
HI-RBSE-312.txt,RB-1083,पास,0,0,0,0,0,0,0,0,1
HI-RBSE-312.txt,RB-1084,ले,0,0,0,0,0,0,0,0,1
HI-RBSE-312.txt,RB-1085,गए,1,1,1,1,1,1,6,1,0
HI-RBSE-312.txt,RB-1086,जनरल,0,0,0,0,0,0,0,0,1
HI-RBSE-312.txt,RB-1087,ने,0,0,0,0,1,1,2,0,0
HI-RBSE-312.txt,RB-1088,मैना,0,1,0,0,0,0,1,0,0
HI-RBSE-312.txt,RB-1089,से,0,0,0,0,0,0,0,0,1
HI-RBSE-312.txt,RB-1090,पूछताछ,0,0,0,0,0,0,0,0,1
HI-RBSE-312.txt,RB-1091,की,1,1,1,1,1,1,6,1,0
HI-RBSE-312.txt,RB-1092,जनरल,0,0,0,0,0,0,0,0,1
HI-RBSE-312.txt,RB-1093,को,0,0,0,0,0,0,0,0,1
HI-RBSE-312.txt,RB-1094,समझ,0,0,0,0,0,0,0,0,1
HI-RBSE-312.txt,RB-1095,में,0,0,0,0,0,0,0,0,1
HI-RBSE-312.txt,RB-1096,आया,1,1,0,0,0,1,3,0,0
HI-RBSE-312.txt,RB-1097,कि,0,0,1,1,1,0,3,0,0
HI-RBSE-312.txt,RB-1098,वह,0,0,0,0,0,0,0,0,1
HI-RBSE-312.txt,RB-1099,नाना,0,0,0,0,0,0,0,0,1
HI-RBSE-312.txt,RB-1100,साहब,0,0,0,0,0,0,0,0,1
HI-RBSE-312.txt,RB-1101,की,0,0,0,0,0,0,0,0,1
HI-RBSE-312.txt,RB-1102,लड़की,0,0,0,0,0,0,0,0,1
HI-RBSE-312.txt,RB-1103,है,1,1,1,1,1,1,6,1,0
HI-RBSE-312.txt,RB-1104,अपनी,0,0,0,0,0,0,0,0,1
HI-RBSE-312.txt,RB-1105,दुश्मन,0,0,0,0,0,0,0,0,1
HI-RBSE-312.txt,RB-1106,की,0,0,0,0,0,0,0,0,1
HI-RBSE-312.txt,RB-1107,लड़की,0,0,0,0,0,0,0,0,1
HI-RBSE-312.txt,RB-1108,को,1,1,1,1,1,1,6,1,0
HI-RBSE-312.txt,RB-1109,वे,0,0,0,0,0,0,0,0,1
HI-RBSE-312.txt,RB-1110,सबक,0,0,0,0,0,0,0,0,1
HI-RBSE-312.txt,RB-1111,सिखाना,0,0,0,0,0,0,0,0,1
HI-RBSE-312.txt,RB-1112,चाहते,0,0,0,0,0,0,0,0,1
HI-RBSE-312.txt,RB-1113,थे,1,1,1,1,1,1,6,1,0
HI-RBSE-312.txt,RB-1114,वह,0,0,0,0,0,0,0,0,1
HI-RBSE-312.txt,RB-1115,उन्हें,0,1,0,0,0,0,1,0,0
HI-RBSE-312.txt,RB-1116,धमकी,0,0,0,0,0,0,0,0,1
HI-RBSE-312.txt,RB-1117,देने,0,0,0,0,0,0,0,0,1
HI-RBSE-312.txt,RB-1118,लगें,1,1,1,1,1,1,6,1,0
HI-RBSE-312.txt,RB-1119,अलग-अलग,0,0,0,0,0,0,0,0,1
HI-RBSE-312.txt,RB-1120,तरीके,0,0,0,0,0,0,0,0,1
HI-RBSE-312.txt,RB-1121,से,0,1,0,1,0,1,3,0,0
HI-RBSE-312.txt,RB-1122,डराने,0,0,0,0,0,0,0,0,1
HI-RBSE-312.txt,RB-1123,की,0,0,0,0,0,0,0,0,1
HI-RBSE-312.txt,RB-1124,कोशिश,0,0,0,0,0,0,0,0,1
HI-RBSE-312.txt,RB-1125,की,1,1,1,1,1,1,6,1,0
HI-RBSE-312.txt,RB-1126,वे,0,0,0,0,0,0,0,0,1
HI-RBSE-312.txt,RB-1127,चाहते,0,0,0,0,0,0,0,0,1
HI-RBSE-312.txt,RB-1128,थे,1,0,0,0,0,1,2,0,0
HI-RBSE-312.txt,RB-1129,कि,0,1,1,1,1,0,4,1,0
HI-RBSE-312.txt,RB-1130,मैना,0,0,0,0,0,0,0,0,1
HI-RBSE-312.txt,RB-1131,अपने,0,0,0,0,0,0,0,0,1
HI-RBSE-312.txt,RB-1132,पिता,0,0,0,0,0,0,0,0,1
HI-RBSE-312.txt,RB-1133,की,0,0,0,0,0,0,0,0,1
HI-RBSE-312.txt,RB-1134,तरह,0,1,1,1,1,1,5,1,0
HI-RBSE-312.txt,RB-1135,आजादी,0,0,0,0,0,0,0,0,1
HI-RBSE-312.txt,RB-1136,के,0,0,0,0,0,0,0,0,1
HI-RBSE-312.txt,RB-1137,लिए,0,0,0,0,0,0,0,0,1
HI-RBSE-312.txt,RB-1138,न,0,0,0,0,0,0,0,0,1
HI-RBSE-312.txt,RB-1139,लड़े,1,1,1,1,1,1,6,1,0
HI-RBSE-312.txt,RB-1140,मैना,0,0,0,0,0,0,0,0,1
HI-RBSE-312.txt,RB-1141,ने,0,0,0,0,0,0,0,0,1
HI-RBSE-312.txt,RB-1142,निडर,0,0,0,0,0,0,0,0,1
HI-RBSE-312.txt,RB-1143,होकर,0,0,0,0,0,1,1,0,0
HI-RBSE-312.txt,RB-1144,जवाब,0,0,0,0,0,0,0,0,1
HI-RBSE-312.txt,RB-1145,दिया,1,1,1,1,1,1,6,1,0
HI-RBSE-4052.txt,RB-1001,विजयादशमी,0,0,0,0,0,0,0,0,1
HI-RBSE-4052.txt,RB-1002,के,0,0,0,0,0,0,0,0,1
HI-RBSE-4052.txt,RB-1003,पर्व,0,0,0,0,0,0,0,0,1
HI-RBSE-4052.txt,RB-1004,का,1,1,0,0,0,1,3,0,0
HI-RBSE-4052.txt,RB-1005,सबसे,0,0,0,0,0,0,0,0,1
HI-RBSE-4052.txt,RB-1006,बडा,0,0,0,0,0,0,0,0,1
HI-RBSE-4052.txt,RB-1007,आकर्षण,1,0,1,1,1,1,5,1,0
HI-RBSE-4052.txt,RB-1008,रामलीला,0,0,0,0,0,0,0,0,1
HI-RBSE-4052.txt,RB-1009,है,1,1,1,1,1,1,6,1,0
HI-RBSE-4052.txt,RB-1010,आश्विन,0,0,0,0,0,0,0,0,1
HI-RBSE-4052.txt,RB-1011,माह,0,0,0,0,0,0,0,0,1
HI-RBSE-4052.txt,RB-1012,में,1,1,0,1,1,1,5,1,0
HI-RBSE-4052.txt,RB-1013,शुक्लपक्ष,0,0,0,0,0,0,0,0,1
HI-RBSE-4052.txt,RB-1014,प्रारम्भ,0,0,0,0,0,0,0,0,1
HI-RBSE-4052.txt,RB-1015,होते,0,0,0,0,0,0,0,0,1
HI-RBSE-4052.txt,RB-1016,ही,1,1,1,1,1,1,6,1,0
HI-RBSE-4052.txt,RB-1017,जगह-जगह,0,0,0,0,0,0,0,0,1
HI-RBSE-4052.txt,RB-1018,रामलीला,0,0,0,0,0,0,0,0,1
HI-RBSE-4052.txt,RB-1019,होने,0,0,0,0,0,0,0,0,1
HI-RBSE-4052.txt,RB-1020,लगती,0,0,0,0,0,0,0,0,1
HI-RBSE-4052.txt,RB-1021,हैं,1,1,1,1,1,1,6,1,0
HI-RBSE-4052.txt,RB-1022,और,0,0,0,0,0,0,0,0,1
HI-RBSE-4052.txt,RB-1023,दशमी,0,0,0,0,0,0,0,0,1
HI-RBSE-4052.txt,RB-1024,के,0,0,0,0,0,0,0,0,1
HI-RBSE-4052.txt,RB-1025,दिन,1,0,1,1,1,1,5,1,0
HI-RBSE-4052.txt,RB-1026,रावण,0,0,0,0,0,0,0,0,1
HI-RBSE-4052.txt,RB-1027,वध,0,0,0,0,0,0,0,0,1
HI-RBSE-4052.txt,RB-1028,के,0,0,0,0,0,0,0,0,1
HI-RBSE-4052.txt,RB-1029,साथ,1,1,0,1,0,1,4,1,0
HI-RBSE-4052.txt,RB-1030,उसका,0,0,0,0,0,0,0,0,1
HI-RBSE-4052.txt,RB-1031,समापन,0,0,0,0,0,0,0,0,1
HI-RBSE-4052.txt,RB-1032,होता,0,0,0,0,0,0,0,0,1
HI-RBSE-4052.txt,RB-1033,है,1,1,1,1,1,1,6,1,0
HI-RBSE-4052.txt,RB-1034,हमारे,0,0,0,0,0,0,0,0,1
HI-RBSE-4052.txt,RB-1035,देश,0,0,0,0,0,0,0,0,1
HI-RBSE-4052.txt,RB-1036,में,1,1,0,1,1,1,5,1,0
HI-RBSE-4052.txt,RB-1037,रामलीला,0,0,0,0,0,0,0,0,1
HI-RBSE-4052.txt,RB-1038,का,0,0,0,0,0,0,0,0,1
HI-RBSE-4052.txt,RB-1039,इतना,0,0,0,0,0,0,0,0,1
HI-RBSE-4052.txt,RB-1040,प्रचार,0,0,0,0,0,0,0,0,1
HI-RBSE-4052.txt,RB-1041,है,1,0,0,0,1,1,3,0,0
HI-RBSE-4052.txt,RB-1042,कि,0,1,1,1,0,0,3,0,0
HI-RBSE-4052.txt,RB-1043,छोटे-बड़े,0,0,0,0,0,0,0,0,1
HI-RBSE-4052.txt,RB-1044,शहरों-नगरों,0,0,0,0,0,0,0,0,1
HI-RBSE-4052.txt,RB-1045,के,0,1,0,0,0,1,2,0,0
HI-RBSE-4052.txt,RB-1046,अतिरिक्त,1,0,0,1,1,0,3,0,0
HI-RBSE-4052.txt,RB-1047,गाँवों,0,0,0,0,0,0,0,0,1
HI-RBSE-4052.txt,RB-1048,में,0,0,0,0,0,0,0,0,1
HI-RBSE-4052.txt,RB-1049,भी,0,1,0,1,0,1,3,0,0
HI-RBSE-4052.txt,RB-1050,लोग,1,0,1,0,1,0,3,0,0
HI-RBSE-4052.txt,RB-1051,बड़े,0,0,0,0,0,0,0,0,1
HI-RBSE-4052.txt,RB-1052,उत्साह,0,0,0,0,0,0,0,0,1
HI-RBSE-4052.txt,RB-1053,से,0,1,0,1,0,1,3,0,0
HI-RBSE-4052.txt,RB-1054,रामलीला,0,0,0,0,0,0,0,0,1
HI-RBSE-4052.txt,RB-1055,का,0,0,0,0,0,0,0,0,1
HI-RBSE-4052.txt,RB-1056,आयोजन,0,0,0,0,0,0,0,0,1
HI-RBSE-4052.txt,RB-1057,करते,0,0,0,0,0,0,0,0,1
HI-RBSE-4052.txt,RB-1058,हैं,1,1,1,1,1,1,6,1,0
HI-RBSE-4052.txt,RB-1059,बड़े-बड़े,0,0,0,0,0,0,0,0,1
HI-RBSE-4052.txt,RB-1060,शहरों,0,0,0,0,0,0,0,0,1
HI-RBSE-4052.txt,RB-1061,में,1,1,1,1,1,1,6,1,0
HI-RBSE-4052.txt,RB-1062,प्रसिद्ध,0,0,0,0,0,0,0,0,1
HI-RBSE-4052.txt,RB-1063,रामलीला,0,0,0,0,0,0,0,0,1
HI-RBSE-4052.txt,RB-1064,मंडलियों,0,0,0,0,0,0,0,0,1
HI-RBSE-4052.txt,RB-1065,द्वारा,1,1,0,1,0,1,4,1,0
HI-RBSE-4052.txt,RB-1066,रामलीला,0,0,0,0,0,0,0,0,1
HI-RBSE-4052.txt,RB-1067,की,0,0,0,0,0,0,0,0,1
HI-RBSE-4052.txt,RB-1068,जाती,0,0,0,0,0,0,0,0,1
HI-RBSE-4052.txt,RB-1069,है,1,1,1,1,1,1,6,1,0
HI-RBSE-4052.txt,RB-1070,गाँवों,0,0,0,0,0,0,0,0,1
HI-RBSE-4052.txt,RB-1071,में,0,0,0,1,1,1,3,0,0
HI-RBSE-4052.txt,RB-1072,वहाँ,0,0,0,0,0,0,0,0,1
HI-RBSE-4052.txt,RB-1073,के,0,0,0,0,0,0,0,0,1
HI-RBSE-4052.txt,RB-1074,लोग,1,1,0,0,0,0,2,0,0
HI-RBSE-4052.txt,RB-1075,स्वयं,0,0,0,0,0,0,0,0,1
HI-RBSE-4052.txt,RB-1076,अभिनेता,0,0,0,0,0,0,0,0,1
HI-RBSE-4052.txt,RB-1077,बनकर,1,1,0,1,1,1,5,1,0
HI-RBSE-4052.txt,RB-1078,रामलीला,0,0,0,0,0,0,0,0,1
HI-RBSE-4052.txt,RB-1079,करते,0,0,0,0,0,0,0,0,1
HI-RBSE-4052.txt,RB-1080,हैं,1,1,1,1,1,1,6,1,0
HI-RBSE-4052.txt,RB-1081,रामलीला,1,0,0,1,0,1,3,0,0
HI-RBSE-4052.txt,RB-1082,भगवान,0,0,0,0,0,0,0,0,1
HI-RBSE-4052.txt,RB-1083,राम,0,0,0,0,0,0,0,0,1
HI-RBSE-4052.txt,RB-1084,के,0,1,0,0,0,0,1,0,0
HI-RBSE-4052.txt,RB-1085,चरित्र,0,0,0,0,0,0,0,0,1
HI-RBSE-4052.txt,RB-1086,पर,0,0,0,0,0,0,0,0,1
HI-RBSE-4052.txt,RB-1087,आधारित,0,0,0,0,0,1,1,0,0
HI-RBSE-4052.txt,RB-1088,नाटक,0,0,0,0,0,0,0,0,1
HI-RBSE-4052.txt,RB-1089,है,1,1,1,1,1,1,6,1,0
HI-RBSE-4052.txt,RB-1090,रामलीला,0,0,0,0,0,0,0,0,1
HI-RBSE-4052.txt,RB-1091,में,0,0,0,0,0,1,1,0,0
HI-RBSE-4052.txt,RB-1092,गीत,1,1,1,1,1,1,6,1,0
HI-RBSE-4052.txt,RB-1093,कथन,1,1,1,1,1,1,6,1,0
HI-RBSE-4052.txt,RB-1094,गायन,1,1,1,1,1,1,6,1,0
HI-RBSE-4052.txt,RB-1095,और,0,0,0,0,0,0,0,0,1
HI-RBSE-4052.txt,RB-1096,संवाद,0,0,0,0,0,0,0,0,1
HI-RBSE-4052.txt,RB-1097,शामिल,0,0,0,0,0,0,0,0,1
HI-RBSE-4052.txt,RB-1098,होते,0,0,0,0,0,0,0,0,1
HI-RBSE-4052.txt,RB-1099,हैं,1,1,1,1,1,1,6,1,0
HI-RBSE-4052.txt,RB-1100,रामलीला,0,0,0,0,0,0,0,0,1
HI-RBSE-4052.txt,RB-1101,का,0,0,0,0,0,0,0,0,1
HI-RBSE-4052.txt,RB-1102,प्रदर्शन,1,0,1,1,1,1,5,1,0
HI-RBSE-4052.txt,RB-1103,प्रायः,1,1,0,1,0,0,3,0,0
HI-RBSE-4052.txt,RB-1104,तुलसीदासजी,0,0,0,0,0,0,0,0,1
HI-RBSE-4052.txt,RB-1105,के,0,1,0,0,0,1,2,0,0
HI-RBSE-4052.txt,RB-1106,प्रसिद्ध,0,0,0,0,0,0,0,0,1
HI-RBSE-4052.txt,RB-1107,ग्रंथ,1,0,1,1,1,1,5,1,0
HI-RBSE-4052.txt,RB-1108,रामचरितमानस,0,0,0,0,0,0,0,0,1
HI-RBSE-4052.txt,RB-1109,के,0,0,0,0,0,1,1,0,0
HI-RBSE-4052.txt,RB-1110,आधार,0,0,0,0,0,0,0,0,1
HI-RBSE-4052.txt,RB-1111,पर,0,0,0,0,0,0,0,0,1
HI-RBSE-4052.txt,RB-1112,होता,0,0,0,0,0,0,0,0,1
HI-RBSE-4052.txt,RB-1113,है,1,1,1,1,1,1,6,1,0
HI-RBSE-4052.txt,RB-1114,राम,0,0,0,0,0,0,0,0,1
HI-RBSE-4052.txt,RB-1115,जन्म,1,1,1,1,1,1,6,1,0
HI-RBSE-4052.txt,RB-1116,सीता,0,0,0,0,0,0,0,0,1
HI-RBSE-4052.txt,RB-1117,स्वयंवर,1,1,1,1,1,1,6,1,0
HI-RBSE-4052.txt,RB-1118,लक्ष्मण,0,0,0,0,0,0,0,0,1
HI-RBSE-4052.txt,RB-1119,परशुराम,0,0,0,0,0,0,0,0,1
HI-RBSE-4052.txt,RB-1120,संवाद,1,1,1,1,1,1,6,1,0
HI-RBSE-4052.txt,RB-1121,सीता,0,0,0,0,0,0,0,0,1
HI-RBSE-4052.txt,RB-1122,हरण,1,1,1,1,1,1,6,1,0
HI-RBSE-4052.txt,RB-1123,हनुमान,0,0,0,0,0,0,0,0,1
HI-RBSE-4052.txt,RB-1124,द्वारा,0,0,0,0,0,0,0,0,1
HI-RBSE-4052.txt,RB-1125,लंका,0,0,0,0,0,0,0,0,1
HI-RBSE-4052.txt,RB-1126,दहन,1,1,1,1,1,1,6,1,0
HI-RBSE-4052.txt,RB-1127,लक्ष्मण,0,0,0,0,0,0,0,0,1
HI-RBSE-4052.txt,RB-1128,मेघनाद,0,0,0,0,0,0,0,0,1
HI-RBSE-4052.txt,RB-1129,युद्ध,1,1,1,1,1,1,6,1,0
HI-RBSE-4052.txt,RB-1130,रामलीला,0,0,0,0,0,0,0,0,1
HI-RBSE-4052.txt,RB-1131,के,0,0,0,0,0,0,0,0,1
HI-RBSE-4052.txt,RB-1132,आकर्षक,0,0,0,0,0,0,0,0,1
HI-RBSE-4052.txt,RB-1133,प्रसंग,0,0,0,0,0,0,0,0,1
HI-RBSE-4052.txt,RB-1134,होते,0,0,0,0,0,0,0,0,1
HI-RBSE-4052.txt,RB-1135,हैं,1,1,1,1,1,1,6,1,0
HI-RBSE-4052.txt,RB-1136,रामलीला,0,0,0,0,0,0,0,0,1
HI-RBSE-4052.txt,RB-1137,के,0,0,0,0,0,0,0,0,1
HI-RBSE-4052.txt,RB-1138,दिनों,0,0,0,0,0,0,0,0,1
HI-RBSE-4052.txt,RB-1139,की,0,0,0,0,0,0,0,0,1
HI-RBSE-4052.txt,RB-1140,चहल-पहल,0,1,0,1,0,1,3,0,0
HI-RBSE-4052.txt,RB-1141,देखने,0,0,0,0,0,0,0,0,1
HI-RBSE-4052.txt,RB-1142,लायक,0,0,0,0,0,0,0,0,1
HI-RBSE-4052.txt,RB-1143,होती,0,0,0,0,0,0,0,0,1
HI-RBSE-4052.txt,RB-1144,है,1,1,1,1,1,1,6,1,0
HI-RBSE-4052.txt,RB-1145,देर,0,0,0,0,0,0,0,0,1
HI-RBSE-4052.txt,RB-1146,रात,0,0,0,0,0,0,0,0,1
HI-RBSE-4052.txt,RB-1147,तक,0,0,0,0,0,1,1,0,0
HI-RBSE-4052.txt,RB-1148,दर्शकों,0,0,0,0,0,0,0,0,1
HI-RBSE-4052.txt,RB-1149,का,0,0,0,1,0,0,1,0,0
HI-RBSE-4052.txt,RB-1150,आना-जाना,0,0,0,0,0,1,1,0,0
HI-RBSE-4052.txt,RB-1151,लगा,0,0,0,0,0,0,0,0,1
HI-RBSE-4052.txt,RB-1152,रहता,0,0,0,0,0,0,0,0,1
HI-RBSE-4052.txt,RB-1153,है,1,1,1,1,1,1,6,1,0
HI-RBSE-406.txt,RB-1001,स्वामी,0,0,0,0,0,0,0,0,1
HI-RBSE-406.txt,RB-1002,रामतीर्थ,1,1,1,1,1,1,6,1,0
HI-RBSE-406.txt,RB-1003,संन्यास,0,0,0,0,0,0,0,0,1
HI-RBSE-406.txt,RB-1004,लेने,0,0,0,0,0,0,0,0,1
HI-RBSE-406.txt,RB-1005,के,0,0,0,0,0,0,0,0,1
HI-RBSE-406.txt,RB-1006,पूर्व,1,1,0,1,1,1,5,1,0
HI-RBSE-406.txt,RB-1007,तीर्थराम,0,0,0,0,0,0,0,0,1
HI-RBSE-406.txt,RB-1008,थे,1,1,1,1,1,1,6,1,0
HI-RBSE-406.txt,RB-1009,और,0,0,0,0,0,0,0,0,1
HI-RBSE-406.txt,RB-1010,लाहौर,0,0,0,0,0,0,0,0,1
HI-RBSE-406.txt,RB-1011,के,0,1,0,0,0,0,1,0,0
HI-RBSE-406.txt,RB-1012,एक,0,0,0,0,0,0,0,0,1
HI-RBSE-406.txt,RB-1013,विद्यालय,0,0,0,0,0,0,0,0,1
HI-RBSE-406.txt,RB-1014,में,1,1,1,1,1,1,6,1,0
HI-RBSE-406.txt,RB-1015,गणित,0,0,0,0,0,0,0,0,1
HI-RBSE-406.txt,RB-1016,के,0,0,0,0,0,0,0,0,1
HI-RBSE-406.txt,RB-1017,प्राध्यापक,0,0,0,0,0,0,0,0,1
HI-RBSE-406.txt,RB-1018,थे,1,1,1,1,1,1,6,1,0
HI-RBSE-406.txt,RB-1019,बचपन,0,0,0,0,0,0,0,0,1
HI-RBSE-406.txt,RB-1020,में,1,1,0,1,0,1,4,1,0
HI-RBSE-406.txt,RB-1021,राम,0,0,0,0,0,0,0,0,1
HI-RBSE-406.txt,RB-1022,को,1,1,0,0,1,0,3,0,0
HI-RBSE-406.txt,RB-1023,पवित्र,0,0,0,0,0,0,0,0,1
HI-RBSE-406.txt,RB-1024,ग्रंथों,0,0,0,0,0,0,0,0,1
HI-RBSE-406.txt,RB-1025,का,0,0,0,0,0,0,0,0,1
HI-RBSE-406.txt,RB-1026,पाठ,0,0,0,0,0,0,0,0,1
HI-RBSE-406.txt,RB-1027,सुनना,1,1,1,1,1,1,6,1,0
HI-RBSE-406.txt,RB-1028,और,0,0,0,0,0,0,0,0,1
HI-RBSE-406.txt,RB-1029,कथा,0,0,0,0,0,0,0,0,1
HI-RBSE-406.txt,RB-1030,सुनना,0,1,0,0,1,1,3,0,0
HI-RBSE-406.txt,RB-1031,बहुत,0,0,0,0,0,0,0,0,1
HI-RBSE-406.txt,RB-1032,पसंद,0,0,0,0,0,0,0,0,1
HI-RBSE-406.txt,RB-1033,था,1,1,1,1,1,1,6,1,0
HI-RBSE-406.txt,RB-1034,वह,0,0,0,0,0,0,0,0,1
HI-RBSE-406.txt,RB-1035,अक्सर,1,1,0,1,0,1,4,1,0
HI-RBSE-406.txt,RB-1036,साधु-संतों,0,0,0,0,0,0,0,0,1
HI-RBSE-406.txt,RB-1037,से,0,1,0,0,0,0,1,0,0
HI-RBSE-406.txt,RB-1038,सवाल,0,0,0,0,0,0,0,0,1
HI-RBSE-406.txt,RB-1039,पूछते,0,0,0,0,0,0,0,0,1
HI-RBSE-406.txt,RB-1040,थे,1,1,1,1,1,1,6,1,0
HI-RBSE-406.txt,RB-1041,और,0,0,0,0,0,0,0,0,1
HI-RBSE-406.txt,RB-1042,उनका,0,0,0,0,0,0,0,0,1
HI-RBSE-406.txt,RB-1043,जवाब,0,0,0,0,0,0,0,0,1
HI-RBSE-406.txt,RB-1044,भी,0,1,0,0,0,0,1,0,0
HI-RBSE-406.txt,RB-1045,देते,0,0,0,0,0,0,0,0,1
HI-RBSE-406.txt,RB-1046,थे,1,1,1,1,1,1,6,1,0
HI-RBSE-406.txt,RB-1047,वह,0,0,0,0,0,0,0,0,1
HI-RBSE-406.txt,RB-1048,बहुत,0,0,0,0,0,0,0,0,1
HI-RBSE-406.txt,RB-1049,बुद्धिमान,0,0,0,0,0,0,0,0,1
HI-RBSE-406.txt,RB-1050,थे,1,1,1,1,1,1,6,1,0
HI-RBSE-406.txt,RB-1051,और,0,0,0,0,0,0,0,0,1
HI-RBSE-406.txt,RB-1052,उन्हें,0,0,0,0,0,0,0,0,1
HI-RBSE-406.txt,RB-1053,एकांत,0,1,0,0,0,0,1,0,0
HI-RBSE-406.txt,RB-1054,पसंद,0,0,0,0,0,0,0,0,1
HI-RBSE-406.txt,RB-1055,था,1,1,1,1,1,1,6,1,0
HI-RBSE-406.txt,RB-1056,वह,0,0,0,0,0,0,0,0,1
HI-RBSE-406.txt,RB-1057,एक,0,1,0,0,0,0,1,0,0
HI-RBSE-406.txt,RB-1058,प्रतिभाशाली,0,0,0,0,0,1,1,0,0
HI-RBSE-406.txt,RB-1059,छात्र,0,0,0,0,0,0,0,0,1
HI-RBSE-406.txt,RB-1060,थे,1,1,1,1,1,1,6,1,0
HI-RBSE-406.txt,RB-1061,खासकर,0,0,0,0,0,0,0,0,1
HI-RBSE-406.txt,RB-1062,गणित,0,0,0,0,0,0,0,0,1
HI-RBSE-406.txt,RB-1063,में,1,1,1,1,1,1,6,1,0
HI-RBSE-406.txt,RB-1064,राम,1,0,0,0,0,0,1,0,0
HI-RBSE-406.txt,RB-1065,दस,0,0,0,0,0,0,0,0,1
HI-RBSE-406.txt,RB-1066,साल,0,0,0,0,0,0,0,0,1
HI-RBSE-406.txt,RB-1067,के,0,0,0,0,1,0,1,0,0
HI-RBSE-406.txt,RB-1068,थे,1,1,0,0,0,1,3,0,0
HI-RBSE-406.txt,RB-1069,जब,0,0,0,1,0,0,1,0,0
HI-RBSE-406.txt,RB-1070,उनके,0,0,0,0,0,0,0,0,1
HI-RBSE-406.txt,RB-1071,पिता,0,0,0,0,0,1,1,0,0
HI-RBSE-406.txt,RB-1072,ने,1,1,0,1,1,0,4,1,0
HI-RBSE-406.txt,RB-1073,उनकी,0,0,0,0,0,0,0,0,1
HI-RBSE-406.txt,RB-1074,शादी,0,0,0,0,0,0,0,0,1
HI-RBSE-406.txt,RB-1075,करवाई,0,0,0,0,0,0,0,0,1
HI-RBSE-406.txt,RB-1076,थी,1,1,1,1,1,1,6,1,0
HI-RBSE-406.txt,RB-1077,एक,0,0,0,0,0,0,0,0,1
HI-RBSE-406.txt,RB-1078,बार,0,1,1,1,1,1,5,1,0
HI-RBSE-406.txt,RB-1079,श्यामपट्ट,0,0,0,0,0,0,0,0,1
HI-RBSE-406.txt,RB-1080,पर,1,0,0,0,0,0,1,0,0
HI-RBSE-406.txt,RB-1081,उन्होंने,0,1,0,0,0,1,2,0,0
HI-RBSE-406.txt,RB-1082,एक,0,0,0,0,0,0,0,0,1
HI-RBSE-406.txt,RB-1083,रेखा,0,0,0,0,0,0,0,0,1
HI-RBSE-406.txt,RB-1084,खींचकर,1,1,1,1,1,1,6,1,0
HI-RBSE-406.txt,RB-1085,विद्यार्थियों,0,0,0,0,0,0,0,0,1
HI-RBSE-406.txt,RB-1086,से,0,0,0,0,0,0,0,0,1
HI-RBSE-406.txt,RB-1087,पूछा,1,0,0,0,1,1,3,0,0
HI-RBSE-406.txt,RB-1088,कि,0,1,1,1,0,0,3,0,0
HI-RBSE-406.txt,RB-1089,कौन,0,0,0,0,0,0,0,0,1
HI-RBSE-406.txt,RB-1090,उस,0,0,0,0,0,0,0,0,1
HI-RBSE-406.txt,RB-1091,रेखा,0,0,0,0,0,0,0,0,1
HI-RBSE-406.txt,RB-1092,को,0,1,0,0,0,0,1,0,0
HI-RBSE-406.txt,RB-1093,मिटाए,0,0,0,0,0,0,0,0,1
HI-RBSE-406.txt,RB-1094,बिना,0,1,0,1,1,1,4,1,0
HI-RBSE-406.txt,RB-1095,छोटी,0,0,0,0,0,0,0,0,1
HI-RBSE-406.txt,RB-1096,कर,0,0,0,0,0,0,0,0,1
HI-RBSE-406.txt,RB-1097,सकता,0,0,0,0,0,0,0,0,1
HI-RBSE-406.txt,RB-1098,है,1,1,1,1,1,1,6,1,0
HI-RBSE-406.txt,RB-1099,कक्षा,0,0,0,0,0,0,0,0,1
HI-RBSE-406.txt,RB-1100,चुप,0,0,0,0,0,0,0,0,1
HI-RBSE-406.txt,RB-1101,रही,1,1,1,1,1,1,6,1,0
HI-RBSE-406.txt,RB-1102,एक,0,0,0,0,0,0,0,0,1
HI-RBSE-406.txt,RB-1103,वि‌द्यार्थी,0,0,0,0,0,0,0,0,1
HI-RBSE-406.txt,RB-1104,ने,0,0,0,0,0,0,0,0,1
HI-RBSE-406.txt,RB-1105,उठकर,1,1,1,1,1,1,6,1,0
HI-RBSE-406.txt,RB-1106,उस,0,0,0,0,0,0,0,0,1
HI-RBSE-406.txt,RB-1107,रेखा,0,0,0,0,0,0,0,0,1
HI-RBSE-406.txt,RB-1108,के,0,0,0,0,0,0,0,0,1
HI-RBSE-406.txt,RB-1109,पास,0,1,0,1,1,1,4,1,0
HI-RBSE-406.txt,RB-1110,एक,0,0,0,0,0,0,0,0,1
HI-RBSE-406.txt,RB-1111,बड़ी,0,0,0,0,0,0,0,0,1
HI-RBSE-406.txt,RB-1112,रेखा,0,1,0,0,0,0,1,0,0
HI-RBSE-406.txt,RB-1113,खींच,0,0,0,0,0,0,0,0,1
HI-RBSE-406.txt,RB-1114,दी,1,1,1,1,1,1,6,1,0
HI-RBSE-406.txt,RB-1115,जिससे,0,0,0,0,0,0,0,0,1
HI-RBSE-406.txt,RB-1116,पहली,0,0,0,0,0,0,0,0,1
HI-RBSE-406.txt,RB-1117,रेखा,0,1,0,0,0,0,1,0,0
HI-RBSE-406.txt,RB-1118,छोटी,0,0,0,0,0,0,0,0,1
HI-RBSE-406.txt,RB-1119,हो,0,0,0,0,0,0,0,0,1
HI-RBSE-406.txt,RB-1120,गई,1,1,1,1,1,1,6,1,0
HI-RBSE-406.txt,RB-1121,प्राध्यापक,0,0,0,0,0,0,0,0,1
HI-RBSE-406.txt,RB-1122,तीर्थराम,0,1,0,0,0,1,2,0,0
HI-RBSE-406.txt,RB-1123,बहुत,0,0,0,0,0,0,0,0,1
HI-RBSE-406.txt,RB-1124,प्रसन्न,0,0,0,0,0,0,0,0,1
HI-RBSE-406.txt,RB-1125,हुए,1,1,1,1,1,1,6,1,0
HI-RBSE-406.txt,RB-1126,और,0,0,0,0,0,0,0,0,1
HI-RBSE-406.txt,RB-1127,कहने,0,0,0,0,0,0,0,0,1
HI-RBSE-406.txt,RB-1128,लगे,1,1,0,0,1,1,4,1,0
HI-RBSE-406.txt,RB-1129,कि,0,0,1,1,0,0,2,0,0
HI-RBSE-406.txt,RB-1130,जीवन,0,0,0,0,0,0,0,0,1
HI-RBSE-406.txt,RB-1131,का,0,0,0,0,0,0,0,0,1
HI-RBSE-406.txt,RB-1132,भी,0,1,0,1,0,0,2,0,0
HI-RBSE-406.txt,RB-1133,यही,0,0,0,0,0,0,0,0,1
HI-RBSE-406.txt,RB-1134,रहस्य,0,0,0,0,0,0,0,0,1
HI-RBSE-406.txt,RB-1135,है,1,1,1,1,1,1,6,1,0
HI-RBSE-406.txt,RB-1136,जो,0,0,0,0,0,0,0,0,1
HI-RBSE-406.txt,RB-1137,बड़े,0,0,0,0,0,0,0,0,1
HI-RBSE-406.txt,RB-1138,बनना,0,0,0,0,0,0,0,0,1
HI-RBSE-406.txt,RB-1139,चाहते,0,0,0,0,0,0,0,0,1
HI-RBSE-406.txt,RB-1140,हैं,1,1,1,1,1,1,6,1,0
HI-RBSE-406.txt,RB-1141,वे,0,0,0,0,0,0,0,0,1
HI-RBSE-406.txt,RB-1142,बड़े,0,1,0,0,0,0,1,0,0
HI-RBSE-406.txt,RB-1143,बन,0,0,0,0,0,0,0,0,1
HI-RBSE-406.txt,RB-1144,जाने,0,0,0,0,0,0,0,0,1
HI-RBSE-406.txt,RB-1145,वाले,0,0,0,0,0,0,0,0,1
HI-RBSE-406.txt,RB-1146,व्यक्तियों,0,0,0,0,0,0,0,0,1
HI-RBSE-406.txt,RB-1147,को,0,1,0,0,1,1,3,0,0
HI-RBSE-406.txt,RB-1148,पीछे,0,0,0,0,0,0,0,0,1
HI-RBSE-406.txt,RB-1149,न,0,0,0,0,0,0,0,0,1
HI-RBSE-406.txt,RB-1150,धकेलें,1,1,1,1,1,1,6,1,0
HI-RBSE-406.txt,RB-1151,बल्कि,0,0,0,0,0,0,0,0,1
HI-RBSE-406.txt,RB-1152,अपने,0,0,0,0,0,0,0,0,1
HI-RBSE-406.txt,RB-1153,आप,0,0,0,0,0,0,0,0,1
HI-RBSE-406.txt,RB-1154,को,0,1,0,1,0,1,3,0,0
HI-RBSE-406.txt,RB-1155,उनसे,0,0,0,0,0,0,0,0,1
HI-RBSE-406.txt,RB-1156,बड़ा,0,0,0,0,0,0,0,0,1
HI-RBSE-406.txt,RB-1157,बनाएं,1,1,1,1,1,1,6,1,0
HI-RBSE-502.txt,RB-1001,एक,0,0,0,0,0,0,0,0,1
HI-RBSE-502.txt,RB-1002,अमीर,0,0,0,0,0,0,0,0,1
HI-RBSE-502.txt,RB-1003,बाप,0,0,0,0,0,0,0,0,1
HI-RBSE-502.txt,RB-1004,ने,1,1,1,1,1,1,6,1,0
HI-RBSE-502.txt,RB-1005,अपने,0,0,0,0,0,0,0,0,1
HI-RBSE-502.txt,RB-1006,आलसी,0,0,0,0,0,0,0,0,1
HI-RBSE-502.txt,RB-1007,बेटे,0,0,0,0,0,0,0,0,1
HI-RBSE-502.txt,RB-1008,को,0,0,0,1,0,0,1,0,0
HI-RBSE-502.txt,RB-1009,बुलाकर,0,1,0,0,0,0,1,0,0
HI-RBSE-502.txt,RB-1010,कहा,1,0,0,0,0,1,2,0,0
HI-RBSE-502.txt,RB-1011,कि,0,0,1,1,1,0,3,0,0
HI-RBSE-502.txt,RB-1012,उसे,0,1,0,0,0,0,1,0,0
HI-RBSE-502.txt,RB-1013,कुछ,0,0,0,0,0,0,0,0,1
HI-RBSE-502.txt,RB-1014,पैसे,0,0,0,0,0,0,0,0,1
HI-RBSE-502.txt,RB-1015,कमा,0,0,0,0,0,0,0,0,1
HI-RBSE-502.txt,RB-1016,लेने,0,0,0,0,0,0,0,0,1
HI-RBSE-502.txt,RB-1017,चहिए,1,1,1,1,1,1,6,1,0
HI-RBSE-502.txt,RB-1018,लडका,0,0,0,0,0,0,0,0,1
HI-RBSE-502.txt,RB-1019,लापरवाह,0,1,1,1,1,1,5,1,0
HI-RBSE-502.txt,RB-1020,और,0,0,0,0,0,0,0,0,1
HI-RBSE-502.txt,RB-1021,निर्लज्ज,0,0,0,0,0,0,0,0,1
HI-RBSE-502.txt,RB-1022,था,1,1,1,1,1,1,6,1,0
HI-RBSE-502.txt,RB-1023,काम,0,0,0,0,0,0,0,0,1
HI-RBSE-502.txt,RB-1024,करने,0,0,0,0,0,0,0,0,1
HI-RBSE-502.txt,RB-1025,की,0,1,0,0,0,1,2,0,0
HI-RBSE-502.txt,RB-1026,उसकी,0,0,0,0,0,0,0,0,1
HI-RBSE-502.txt,RB-1027,आदत,0,0,0,0,0,0,0,0,1
HI-RBSE-502.txt,RB-1028,न,0,0,0,0,0,0,0,0,1
HI-RBSE-502.txt,RB-1029,थी,1,1,1,1,1,1,6,1,0
HI-RBSE-502.txt,RB-1030,सीधा,0,0,0,0,0,0,0,0,1
HI-RBSE-502.txt,RB-1031,माँ,0,0,0,0,0,0,0,0,1
HI-RBSE-502.txt,RB-1032,के,0,0,0,0,0,0,0,0,1
HI-RBSE-502.txt,RB-1033,पास,0,0,0,0,0,0,0,0,1
HI-RBSE-502.txt,RB-1034,गया,1,1,0,1,1,1,5,1,0
HI-RBSE-502.txt,RB-1035,और,0,0,0,0,0,0,0,0,1
HI-RBSE-502.txt,RB-1036,रो-धोकर,1,1,1,1,1,1,6,1,0
HI-RBSE-502.txt,RB-1037,मिन्नतें,0,0,0,0,0,0,0,0,1
HI-RBSE-502.txt,RB-1038,कर,1,1,1,1,1,1,6,1,0
HI-RBSE-502.txt,RB-1039,उसे,0,0,0,0,0,0,0,0,1
HI-RBSE-502.txt,RB-1040,कुछ,0,0,0,0,0,0,0,0,1
HI-RBSE-502.txt,RB-1041,देने,0,0,0,0,0,0,0,0,1
HI-RBSE-502.txt,RB-1042,को,0,0,0,0,0,0,0,0,1
HI-RBSE-502.txt,RB-1043,राजी,0,0,0,0,0,0,0,0,1
HI-RBSE-502.txt,RB-1044,कर,0,0,0,0,0,0,0,0,1
HI-RBSE-502.txt,RB-1045,लिया,1,1,1,1,1,1,6,1,0
HI-RBSE-502.txt,RB-1046,माँ,0,0,0,0,0,0,0,0,1
HI-RBSE-502.txt,RB-1047,से,0,1,0,0,0,0,1,0,0
HI-RBSE-502.txt,RB-1048,बेटे,0,0,0,0,0,0,0,0,1
HI-RBSE-502.txt,RB-1049,का,0,0,0,0,0,0,0,0,1
HI-RBSE-502.txt,RB-1050,दुःख,0,0,0,1,0,0,1,0,0
HI-RBSE-502.txt,RB-1051,देखा,0,0,0,0,0,0,0,0,1
HI-RBSE-502.txt,RB-1052,न,0,0,0,0,0,0,0,0,1
HI-RBSE-502.txt,RB-1053,गया,1,1,1,1,1,1,6,1,0
HI-RBSE-502.txt,RB-1054,उसने,0,0,0,0,0,0,0,0,1
HI-RBSE-502.txt,RB-1055,उसे,0,1,0,0,0,0,1,0,0
HI-RBSE-502.txt,RB-1056,एक,0,0,0,0,0,0,0,0,1
HI-RBSE-502.txt,RB-1057,रुपया,1,0,0,1,1,1,4,1,0
HI-RBSE-502.txt,RB-1058,बक्से,0,0,0,0,0,0,0,0,1
HI-RBSE-502.txt,RB-1059,से,0,0,0,0,0,0,0,0,1
HI-RBSE-502.txt,RB-1060,निकाल,0,0,0,0,0,0,0,0,1
HI-RBSE-502.txt,RB-1061,कर,0,1,0,0,0,0,1,0,0
HI-RBSE-502.txt,RB-1062,दे,0,0,0,0,0,0,0,0,1
HI-RBSE-502.txt,RB-1063,दिया,1,1,1,1,1,1,6,1,0
HI-RBSE-502.txt,RB-1064,रात,0,0,0,0,0,0,0,0,1
HI-RBSE-502.txt,RB-1065,को,0,0,0,1,1,0,2,0,0
HI-RBSE-502.txt,RB-1066,बाप,0,0,0,0,0,0,0,0,1
HI-RBSE-502.txt,RB-1067,ने,0,1,0,0,0,1,2,0,0
HI-RBSE-502.txt,RB-1068,उसकी,0,0,0,0,0,0,0,0,1
HI-RBSE-502.txt,RB-1069,कमाई,0,0,0,0,0,0,0,0,1
HI-RBSE-502.txt,RB-1070,के,0,0,0,0,0,0,0,0,1
HI-RBSE-502.txt,RB-1071,बारे,0,0,0,0,0,0,0,0,1
HI-RBSE-502.txt,RB-1072,में,0,0,0,0,0,0,0,0,1
HI-RBSE-502.txt,RB-1073,पूछा,1,1,1,1,1,1,6,1,0
HI-RBSE-502.txt,RB-1074,लडके,0,0,0,0,0,0,0,0,1
HI-RBSE-502.txt,RB-1075,ने,0,0,0,0,0,1,1,0,0
HI-RBSE-502.txt,RB-1076,झट,0,0,0,0,0,0,0,0,1
HI-RBSE-502.txt,RB-1077,से,0,1,0,0,1,0,2,0,0
HI-RBSE-502.txt,RB-1078,रुपया,0,0,0,0,0,0,0,0,1
HI-RBSE-502.txt,RB-1079,निकाल,0,0,0,0,0,0,0,0,1
HI-RBSE-502.txt,RB-1080,कर,0,0,0,1,0,0,1,0,0
HI-RBSE-502.txt,RB-1081,दिखा,0,0,0,0,0,0,0,0,1
HI-RBSE-502.txt,RB-1082,दिया,1,1,1,1,1,1,6,1,0
HI-RBSE-502.txt,RB-1083,अनुभवी,0,0,0,0,0,0,0,0,1
HI-RBSE-502.txt,RB-1084,पिता,0,1,0,0,0,1,2,0,0
HI-RBSE-502.txt,RB-1085,सब,0,0,0,0,0,0,0,0,1
HI-RBSE-502.txt,RB-1086,समझ,0,0,0,0,0,0,0,0,1
HI-RBSE-502.txt,RB-1087,गया,1,1,1,1,1,1,6,1,0
HI-RBSE-502.txt,RB-1088,उन्होंने,0,0,0,0,0,0,0,0,1
HI-RBSE-502.txt,RB-1089,उस,0,0,0,0,0,0,0,0,1
HI-RBSE-502.txt,RB-1090,रुपये,0,0,0,0,0,0,0,0,1
HI-RBSE-502.txt,RB-1091,को,0,1,0,1,1,1,4,1,0
HI-RBSE-502.txt,RB-1092,कुएँ,0,0,0,0,0,0,0,0,1
HI-RBSE-502.txt,RB-1093,में,0,0,0,0,0,0,0,0,1
HI-RBSE-502.txt,RB-1094,फेंकने,0,0,0,0,0,0,0,0,1
HI-RBSE-502.txt,RB-1095,को,0,0,0,0,0,0,0,0,1
HI-RBSE-502.txt,RB-1096,कहा,1,1,1,1,1,1,6,1,0
HI-RBSE-502.txt,RB-1097,लड़के,0,0,0,0,0,0,0,0,1
HI-RBSE-502.txt,RB-1098,ने,0,0,0,0,0,0,0,0,1
HI-RBSE-502.txt,RB-1099,झटपट,0,0,0,0,0,0,0,0,1
HI-RBSE-502.txt,RB-1100,जाकर,1,1,0,1,1,1,5,1,0
HI-RBSE-502.txt,RB-1101,रुपया,0,0,0,1,0,0,1,0,0
HI-RBSE-502.txt,RB-1102,कुएँ,0,0,0,0,0,0,0,0,1
HI-RBSE-502.txt,RB-1103,में,0,0,0,0,0,0,0,0,1
HI-RBSE-502.txt,RB-1104,डाल,0,0,0,0,0,0,0,0,1
HI-RBSE-502.txt,RB-1105,दिया,1,1,1,1,1,1,6,1,0
HI-RBSE-502.txt,RB-1106,अगले,0,0,0,0,0,0,0,0,1
HI-RBSE-502.txt,RB-1107,दिन,1,1,0,1,1,1,5,1,0
HI-RBSE-502.txt,RB-1108,पिता,0,0,0,0,0,0,0,0,1
HI-RBSE-502.txt,RB-1109,ने,0,0,0,1,0,0,1,0,0
HI-RBSE-502.txt,RB-1110,फिर,0,0,0,0,0,0,0,0,1
HI-RBSE-502.txt,RB-1111,कमा,0,0,0,0,0,0,0,0,1
HI-RBSE-502.txt,RB-1112,करके,0,1,0,0,0,1,2,0,0
HI-RBSE-502.txt,RB-1113,कुछ,0,0,0,0,0,0,0,0,1
HI-RBSE-502.txt,RB-1114,लाने,0,0,0,0,0,0,0,0,1
HI-RBSE-502.txt,RB-1115,को,0,0,0,0,0,0,0,0,1
HI-RBSE-502.txt,RB-1116,कहा,1,1,1,1,1,1,6,1,0
HI-RBSE-502.txt,RB-1117,और,0,0,0,0,0,0,0,0,1
HI-RBSE-502.txt,RB-1118,यह,0,0,0,0,0,0,0,0,1
HI-RBSE-502.txt,RB-1119,भी,0,0,0,0,0,0,0,0,1
HI-RBSE-502.txt,RB-1120,बताया,1,1,0,0,1,1,4,1,0
HI-RBSE-502.txt,RB-1121,की,0,0,0,1,0,0,1,0,0
HI-RBSE-502.txt,RB-1122,न,0,0,0,0,0,0,0,0,1
HI-RBSE-502.txt,RB-1123,कमाने,0,0,0,0,0,0,0,0,1
HI-RBSE-502.txt,RB-1124,पर,0,1,0,0,0,1,2,0,0
HI-RBSE-502.txt,RB-1125,भोजन,0,0,0,0,0,0,0,0,1
HI-RBSE-502.txt,RB-1126,नहीं,0,0,0,0,0,0,0,0,1
HI-RBSE-502.txt,RB-1127,मिलेगा,1,1,1,1,1,1,6,1,0
HI-RBSE-502.txt,RB-1128,लड़का,0,0,0,0,0,0,0,0,1
HI-RBSE-502.txt,RB-1129,अपनी,0,0,0,0,0,0,0,0,1
HI-RBSE-502.txt,RB-1130,बहन,0,0,0,0,0,0,0,0,1
HI-RBSE-502.txt,RB-1131,के,0,0,0,0,0,0,0,0,1
HI-RBSE-502.txt,RB-1132,पास,0,0,0,0,0,0,0,0,1
HI-RBSE-502.txt,RB-1133,जाकर,0,1,0,1,0,1,3,0,0
HI-RBSE-502.txt,RB-1134,रोने,0,0,0,0,0,0,0,0,1
HI-RBSE-502.txt,RB-1135,लगा,1,1,1,1,1,1,6,1,0
HI-RBSE-502.txt,RB-1136,बहन,0,0,0,0,0,0,0,0,1
HI-RBSE-502.txt,RB-1137,ने,0,0,0,0,0,0,0,0,1
HI-RBSE-502.txt,RB-1138,तरस,0,0,0,0,0,0,0,0,1
HI-RBSE-502.txt,RB-1139,खा,0,0,0,0,0,0,0,0,1
HI-RBSE-502.txt,RB-1140,कर,1,1,0,1,1,1,5,1,0
HI-RBSE-502.txt,RB-1141,एक,0,0,0,0,0,0,0,0,1
HI-RBSE-502.txt,RB-1142,रुपया,0,0,0,0,1,0,1,0,0
HI-RBSE-502.txt,RB-1143,अपने,0,0,0,0,0,0,0,0,1
HI-RBSE-502.txt,RB-1144,पास,0,0,0,0,0,0,0,0,1
HI-RBSE-502.txt,RB-1145,से,0,1,0,1,0,1,3,0,0
HI-RBSE-502.txt,RB-1146,उसे,0,0,0,0,0,0,0,0,1
HI-RBSE-502.txt,RB-1147,दे,0,0,0,0,0,0,0,0,1
HI-RBSE-502.txt,RB-1148,दिया,1,1,1,1,1,1,6,1,0
HI-RBSE-502.txt,RB-1149,बाप,0,0,0,0,0,0,0,0,1
HI-RBSE-502.txt,RB-1150,ने,0,0,0,0,0,0,0,0,1
HI-RBSE-502.txt,RB-1151,रात,0,0,0,0,0,0,0,0,1
HI-RBSE-502.txt,RB-1152,में,0,0,0,1,1,1,3,0,0
HI-RBSE-502.txt,RB-1153,लड़के,0,0,0,0,0,0,0,0,1
HI-RBSE-502.txt,RB-1154,से,0,1,0,0,0,0,1,0,0
HI-RBSE-502.txt,RB-1155,अपनी,0,0,0,0,0,0,0,0,1
HI-RBSE-502.txt,RB-1156,कमाई,0,0,0,0,0,0,0,0,1
HI-RBSE-502.txt,RB-1157,के,0,0,0,0,0,0,0,0,1
HI-RBSE-502.txt,RB-1158,बारे,0,0,0,0,0,0,0,0,1
HI-RBSE-502.txt,RB-1159,में,0,0,0,0,0,0,0,0,1
HI-RBSE-502.txt,RB-1160,पूछा,1,1,1,1,1,0,5,1,0
HI-RBSE-5032.txt,RB-1001,प्रकृति,0,0,0,0,0,0,0,0,1
HI-RBSE-5032.txt,RB-1002,ने,1,1,0,0,1,0,3,0,0
HI-RBSE-5032.txt,RB-1003,न,0,0,0,0,0,0,0,0,1
HI-RBSE-5032.txt,RB-1004,जाने,0,0,0,0,0,1,1,0,0
HI-RBSE-5032.txt,RB-1005,कितनी,0,0,0,0,0,0,0,0,1
HI-RBSE-5032.txt,RB-1006,तरह,0,0,0,0,0,0,0,0,1
HI-RBSE-5032.txt,RB-1007,के,0,1,0,1,0,0,2,0,0
HI-RBSE-5032.txt,RB-1008,पेड़-पौधे,1,1,1,1,1,1,6,1,0
HI-RBSE-5032.txt,RB-1009,फल-फूल,1,1,1,1,1,1,6,1,0
HI-RBSE-5032.txt,RB-1010,वनस्पतियाँ,1,0,0,0,0,1,2,0,0
HI-RBSE-5032.txt,RB-1011,आदि,0,1,1,1,1,0,4,1,0
HI-RBSE-5032.txt,RB-1012,हमारे,0,0,0,0,0,0,0,0,1
HI-RBSE-5032.txt,RB-1013,लिए,0,0,0,0,0,0,0,0,1
HI-RBSE-5032.txt,RB-1014,दिए,0,0,0,0,0,0,0,0,1
HI-RBSE-5032.txt,RB-1015,हैं,1,1,1,1,1,1,6,1,0
HI-RBSE-5032.txt,RB-1016,अलग,0,0,0,0,0,0,0,0,1
HI-RBSE-5032.txt,RB-1017,रंग,1,1,1,1,1,1,6,1,0
HI-RBSE-5032.txt,RB-1018,अलग,0,0,0,0,0,0,0,0,1
HI-RBSE-5032.txt,RB-1019,स्वाद,1,1,1,1,1,1,6,1,0
HI-RBSE-5032.txt,RB-1020,अलग,0,0,0,0,0,0,0,0,1
HI-RBSE-5032.txt,RB-1021,आकार,1,1,1,1,1,1,6,1,0
HI-RBSE-5032.txt,RB-1022,और,0,0,0,0,0,0,0,0,1
HI-RBSE-5032.txt,RB-1023,अलग,0,0,0,0,0,0,0,0,1
HI-RBSE-5032.txt,RB-1024,स्वभाव,0,1,0,0,0,1,2,0,0
HI-RBSE-5032.txt,RB-1025,के,0,0,0,0,0,0,0,0,1
HI-RBSE-5032.txt,RB-1026,ये,0,0,0,0,0,0,0,0,1
HI-RBSE-5032.txt,RB-1027,फल-फूल,1,0,1,1,1,1,5,1,0
HI-RBSE-5032.txt,RB-1028,प्रकृति,0,0,0,0,0,0,0,0,1
HI-RBSE-5032.txt,RB-1029,के,0,1,0,0,0,0,1,0,0
HI-RBSE-5032.txt,RB-1030,अनोखे,0,0,0,0,0,0,0,0,1
HI-RBSE-5032.txt,RB-1031,उपहार,0,0,0,0,0,0,0,0,1
HI-RBSE-5032.txt,RB-1032,हैं,1,1,1,1,1,1,6,1,0
HI-RBSE-5032.txt,RB-1033,इनमें,0,0,0,0,0,0,0,0,1
HI-RBSE-5032.txt,RB-1034,नारियल,0,0,0,0,0,0,0,0,1
HI-RBSE-5032.txt,RB-1035,कुछ,0,0,0,0,0,0,0,0,1
HI-RBSE-5032.txt,RB-1036,विशेष,0,1,0,0,0,0,1,0,0
HI-RBSE-5032.txt,RB-1037,है,1,0,1,1,1,1,5,1,0
HI-RBSE-5032.txt,RB-1038,नारियल,0,0,0,0,0,0,0,0,1
HI-RBSE-5032.txt,RB-1039,को,1,0,0,0,0,1,2,0,0
HI-RBSE-5032.txt,RB-1040,हिन्दू,0,0,0,0,0,0,0,0,1
HI-RBSE-5032.txt,RB-1041,धर्म,0,0,0,0,0,0,0,0,1
HI-RBSE-5032.txt,RB-1042,में,1,1,0,1,1,0,4,1,0
HI-RBSE-5032.txt,RB-1043,बहुत,0,0,0,0,0,0,0,0,1
HI-RBSE-5032.txt,RB-1044,पवित्र,0,0,1,1,1,1,4,1,0
HI-RBSE-5032.txt,RB-1045,और,0,0,0,0,0,0,0,0,1
HI-RBSE-5032.txt,RB-1046,शुभ,0,0,0,0,0,0,0,0,1
HI-RBSE-5032.txt,RB-1047,माना,0,0,0,0,0,0,0,0,1
HI-RBSE-5032.txt,RB-1048,जाता,0,0,0,0,0,0,0,0,1
HI-RBSE-5032.txt,RB-1049,है,1,1,1,1,1,1,6,1,0
HI-RBSE-5032.txt,RB-1050,नारियल,0,0,0,0,0,0,0,0,1
HI-RBSE-5032.txt,RB-1051,को,0,0,0,0,0,1,1,0,0
HI-RBSE-5032.txt,RB-1052,श्रीफल,0,0,0,0,0,0,0,0,1
HI-RBSE-5032.txt,RB-1053,कहा,0,0,0,0,0,0,0,0,1
HI-RBSE-5032.txt,RB-1054,जाता,0,0,0,0,0,0,0,0,1
HI-RBSE-5032.txt,RB-1055,है,1,1,1,1,1,1,6,1,0
HI-RBSE-5032.txt,RB-1056,और,0,0,0,0,0,0,0,0,1
HI-RBSE-5032.txt,RB-1057,इसे,1,0,0,0,0,0,1,0,0
HI-RBSE-5032.txt,RB-1058,लक्ष्मी,0,0,0,0,0,0,0,0,1
HI-RBSE-5032.txt,RB-1059,जी,0,0,0,0,0,0,0,0,1
HI-RBSE-5032.txt,RB-1060,का,0,0,0,0,0,0,0,0,1
HI-RBSE-5032.txt,RB-1061,स्वरूप,0,0,0,0,0,1,1,0,0
HI-RBSE-5032.txt,RB-1062,माना,0,0,0,0,0,0,0,0,1
HI-RBSE-5032.txt,RB-1063,जाता,0,0,0,0,0,0,0,0,1
HI-RBSE-5032.txt,RB-1064,है,1,1,1,1,1,1,6,1,0
HI-RBSE-5032.txt,RB-1065,इसलिए,1,1,1,1,1,1,6,1,0
HI-RBSE-5032.txt,RB-1066,इसे,0,0,0,0,0,0,0,0,1
HI-RBSE-5032.txt,RB-1067,भेंट,0,0,0,0,0,0,0,0,1
HI-RBSE-5032.txt,RB-1068,करने,0,0,0,0,0,0,0,0,1
HI-RBSE-5032.txt,RB-1069,से,1,0,0,1,0,0,2,0,0
HI-RBSE-5032.txt,RB-1070,माना,0,0,0,0,0,0,0,0,1
HI-RBSE-5032.txt,RB-1071,जाता,0,0,0,0,0,0,0,0,1
HI-RBSE-5032.txt,RB-1072,है,1,1,0,0,0,1,3,0,0
HI-RBSE-5032.txt,RB-1073,कि,0,0,1,1,1,0,3,0,0
HI-RBSE-5032.txt,RB-1074,माँ,0,0,0,0,0,0,0,0,1
HI-RBSE-5032.txt,RB-1075,लक्ष्मी,0,0,0,0,0,0,0,0,1
HI-RBSE-5032.txt,RB-1076,की,0,0,0,0,0,0,0,0,1
HI-RBSE-5032.txt,RB-1077,कृपा,0,1,0,0,0,1,2,0,0
HI-RBSE-5032.txt,RB-1078,बनी,0,0,0,0,0,0,0,0,1
HI-RBSE-5032.txt,RB-1079,रहती,0,0,0,0,0,0,0,0,1
HI-RBSE-5032.txt,RB-1080,है,1,1,1,1,1,1,6,1,0
HI-RBSE-5032.txt,RB-1081,इसमें,0,0,0,0,0,0,0,0,1
HI-RBSE-5032.txt,RB-1082,कुछ,0,0,0,0,0,0,0,0,1
HI-RBSE-5032.txt,RB-1083,ऐसे,0,0,0,0,0,0,0,0,1
HI-RBSE-5032.txt,RB-1084,गुण,0,0,0,0,0,0,0,0,1
HI-RBSE-5032.txt,RB-1085,हैं,1,1,0,1,1,1,5,1,0
HI-RBSE-5032.txt,RB-1086,जो,0,0,0,0,0,0,0,0,1
HI-RBSE-5032.txt,RB-1087,इसे,0,0,0,0,0,0,0,0,1
HI-RBSE-5032.txt,RB-1088,विशेष,0,0,0,0,0,0,0,0,1
HI-RBSE-5032.txt,RB-1089,बनाते,0,0,0,0,0,0,0,0,1
HI-RBSE-5032.txt,RB-1090,हैं,1,1,1,1,1,1,6,1,0
HI-RBSE-5032.txt,RB-1091,नारियल,0,0,0,0,0,0,0,0,1
HI-RBSE-5032.txt,RB-1092,का,0,0,0,0,0,0,0,0,1
HI-RBSE-5032.txt,RB-1093,ऊपरी,0,0,0,0,0,0,0,0,1
HI-RBSE-5032.txt,RB-1094,भाग,0,1,0,1,1,1,4,1,0
HI-RBSE-5032.txt,RB-1095,रूखा,0,0,0,0,0,0,0,0,1
HI-RBSE-5032.txt,RB-1096,सूखा,1,1,1,1,1,1,6,1,0
HI-RBSE-5032.txt,RB-1097,खुरदरा,1,0,1,1,1,1,5,1,0
HI-RBSE-5032.txt,RB-1098,एवं,0,1,0,0,0,0,1,0,0
HI-RBSE-5032.txt,RB-1099,अरुचिकर,0,0,0,0,0,0,0,0,1
HI-RBSE-5032.txt,RB-1100,होता,0,0,0,0,0,0,0,0,1
HI-RBSE-5032.txt,RB-1101,है,1,1,1,1,1,1,6,1,0
HI-RBSE-5032.txt,RB-1102,उतना,0,0,0,0,0,0,0,0,1
HI-RBSE-5032.txt,RB-1103,ही,0,0,0,0,0,0,0,0,1
HI-RBSE-5032.txt,RB-1104,उसका,0,0,0,0,0,0,0,0,1
HI-RBSE-5032.txt,RB-1105,भीतरी,0,0,0,0,0,0,0,0,1
HI-RBSE-5032.txt,RB-1106,भाग,1,0,0,1,1,1,4,1,0
HI-RBSE-5032.txt,RB-1107,नरम,1,1,1,1,1,1,6,1,0
HI-RBSE-5032.txt,RB-1108,सरल,1,1,1,1,1,1,6,1,0
HI-RBSE-5032.txt,RB-1109,रुचिकर,1,1,1,1,1,1,6,1,0
HI-RBSE-5032.txt,RB-1110,व,0,0,0,0,0,0,0,0,1
HI-RBSE-5032.txt,RB-1111,हितकारी,0,0,0,0,0,0,0,0,1
HI-RBSE-5032.txt,RB-1112,होता,0,0,0,0,0,0,0,0,1
HI-RBSE-5032.txt,RB-1113,है,1,1,1,1,1,1,6,1,0
HI-RBSE-5032.txt,RB-1114,एक,0,0,0,0,0,0,0,0,1
HI-RBSE-5032.txt,RB-1115,सच्चे,0,0,0,0,0,0,0,0,1
HI-RBSE-5032.txt,RB-1116,इनसान,0,0,0,0,0,0,0,0,1
HI-RBSE-5032.txt,RB-1117,का,0,0,0,0,0,0,0,0,1
HI-RBSE-5032.txt,RB-1118,व्यक्तित्व,1,1,0,1,1,1,5,1,0
HI-RBSE-5032.txt,RB-1119,ऐसा,0,0,0,0,0,0,0,0,1
HI-RBSE-5032.txt,RB-1120,ही,0,0,0,0,0,0,0,0,1
HI-RBSE-5032.txt,RB-1121,होता,0,0,0,0,0,0,0,0,1
HI-RBSE-5032.txt,RB-1122,है,1,1,1,1,1,1,6,1,0
HI-RBSE-5032.txt,RB-1123,हर,0,0,0,0,0,0,0,0,1
HI-RBSE-5032.txt,RB-1124,मानव,0,0,0,0,0,0,0,0,1
HI-RBSE-5032.txt,RB-1125,का,0,0,0,0,0,0,0,0,1
HI-RBSE-5032.txt,RB-1126,स्वभाव,0,0,0,0,0,1,1,0,0
HI-RBSE-5032.txt,RB-1127,भी,0,1,0,1,0,0,2,0,0
HI-RBSE-5032.txt,RB-1128,ऐसा,0,0,0,0,0,0,0,0,1
HI-RBSE-5032.txt,RB-1129,ही,0,0,0,0,0,0,0,0,1
HI-RBSE-5032.txt,RB-1130,होना,0,0,0,0,0,0,0,0,1
HI-RBSE-5032.txt,RB-1131,चाहिए,1,1,1,1,1,1,6,1,0
HI-RBSE-5032.txt,RB-1132,संघर्ष,0,0,0,0,0,0,0,0,1
HI-RBSE-5032.txt,RB-1133,की,0,0,0,0,0,0,0,0,1
HI-RBSE-5032.txt,RB-1134,राह,0,0,0,0,0,0,0,0,1
HI-RBSE-5032.txt,RB-1135,चलता,0,0,0,0,0,0,0,0,1
HI-RBSE-5032.txt,RB-1136,हुआ,0,0,0,0,0,0,0,0,1
HI-RBSE-5032.txt,RB-1137,मनुष्य,1,0,1,1,1,1,5,1,0
HI-RBSE-5032.txt,RB-1138,ऊपर,0,1,0,0,0,0,1,0,0
HI-RBSE-5032.txt,RB-1139,से,0,0,0,0,0,0,0,0,1
HI-RBSE-5032.txt,RB-1140,भले,0,0,0,0,0,0,0,0,1
HI-RBSE-5032.txt,RB-1141,ही,0,0,0,0,0,0,0,0,1
HI-RBSE-5032.txt,RB-1142,कठोर,0,0,0,0,0,0,0,0,1
HI-RBSE-5032.txt,RB-1143,हो,1,1,1,1,1,1,6,1,0
HI-RBSE-5032.txt,RB-1144,सुंदर,0,0,0,0,0,0,0,0,1
HI-RBSE-5032.txt,RB-1145,न,0,0,0,0,0,0,0,0,1
HI-RBSE-5032.txt,RB-1146,लगे,1,0,1,1,1,1,5,1,0
HI-RBSE-5032.txt,RB-1147,लेकिन,0,0,0,0,0,0,0,0,1
HI-RBSE-5032.txt,RB-1148,भीतर,0,0,0,0,0,0,0,0,1
HI-RBSE-5032.txt,RB-1149,से,0,1,0,1,0,1,3,0,0
HI-RBSE-5032.txt,RB-1150,संवेदनशील,0,0,0,0,0,0,0,0,1
HI-RBSE-5032.txt,RB-1151,बना,0,0,0,0,0,0,0,0,1
HI-RBSE-5032.txt,RB-1152,रहे,1,1,1,1,1,1,6,1,0
HI-RBSE-5032.txt,RB-1153,नारियल,0,0,0,0,0,0,0,0,1
HI-RBSE-5032.txt,RB-1154,की,0,0,0,0,0,0,0,0,1
HI-RBSE-5032.txt,RB-1155,भेंट,1,0,0,1,1,1,4,1,0
HI-RBSE-5032.txt,RB-1156,विभिन्न,0,0,0,0,0,0,0,0,1
HI-RBSE-5032.txt,RB-1157,अवसरों,0,0,0,0,0,0,0,0,1
HI-RBSE-5032.txt,RB-1158,पर,0,1,0,0,0,0,1,0,0
HI-RBSE-5032.txt,RB-1159,दी,0,0,0,0,0,0,0,0,1
HI-RBSE-5032.txt,RB-1160,जाती,0,0,0,0,0,0,0,0,1
HI-RBSE-5032.txt,RB-1161,है,1,1,1,1,1,1,6,1,0
HI-RBSE-5032.txt,RB-1162,यही,0,0,0,0,0,0,0,0,1
HI-RBSE-5032.txt,RB-1163,इसका,0,0,0,0,0,0,0,0,1
HI-RBSE-5032.txt,RB-1164,रहस्य,0,0,0,0,0,0,0,0,1
HI-RBSE-5032.txt,RB-1165,है,1,1,1,1,1,1,6,1,0
HI-RBSE-5062.txt,RB-1001,एक,0,0,0,0,0,0,0,0,1
HI-RBSE-5062.txt,RB-1002,बार,0,1,0,1,1,1,4,1,0
HI-RBSE-5062.txt,RB-1003,एक,0,0,0,0,0,0,0,0,1
HI-RBSE-5062.txt,RB-1004,चित्रकार,1,1,1,1,1,0,5,1,0
HI-RBSE-5062.txt,RB-1005,एक,0,0,0,0,0,0,0,0,1
HI-RBSE-5062.txt,RB-1006,चित्र,0,0,0,0,0,0,0,0,1
HI-RBSE-5062.txt,RB-1007,बनाकर,0,1,0,1,0,1,3,0,0
HI-RBSE-5062.txt,RB-1008,राजा,0,0,0,0,0,0,0,0,1
HI-RBSE-5062.txt,RB-1009,के,0,0,0,0,0,0,0,0,1
HI-RBSE-5062.txt,RB-1010,पास,0,0,0,0,0,0,0,0,1
HI-RBSE-5062.txt,RB-1011,ले,0,0,0,0,0,0,0,0,1
HI-RBSE-5062.txt,RB-1012,गया,1,1,1,1,1,1,6,1,0
HI-RBSE-5062.txt,RB-1013,राजा,0,0,0,0,0,0,0,0,1
HI-RBSE-5062.txt,RB-1014,ने,0,0,0,0,0,0,0,0,1
HI-RBSE-5062.txt,RB-1015,उसे,0,1,0,1,0,1,3,0,0
HI-RBSE-5062.txt,RB-1016,पचास,0,0,0,0,0,0,0,0,1
HI-RBSE-5062.txt,RB-1017,रुपये,0,0,0,0,0,0,0,0,1
HI-RBSE-5062.txt,RB-1018,दिए,1,1,1,1,1,1,6,1,0
HI-RBSE-5062.txt,RB-1019,तब,0,1,0,0,0,0,1,0,0
HI-RBSE-5062.txt,RB-1020,चित्रकार,0,0,0,0,0,0,0,0,1
HI-RBSE-5062.txt,RB-1021,ने,0,0,0,0,0,0,0,0,1
HI-RBSE-5062.txt,RB-1022,पूछा,1,0,0,0,0,1,2,0,0
HI-RBSE-5062.txt,RB-1023,कि,0,1,0,1,1,0,3,0,0
HI-RBSE-5062.txt,RB-1024,महाराज,1,1,1,1,1,1,6,1,0
HI-RBSE-5062.txt,RB-1025,आपने,0,0,0,0,0,0,0,0,1
HI-RBSE-5062.txt,RB-1026,चित्र,0,0,0,0,0,0,0,0,1
HI-RBSE-5062.txt,RB-1027,की,0,0,0,0,0,0,0,0,1
HI-RBSE-5062.txt,RB-1028,कीमत,0,0,0,0,0,0,0,0,1
HI-RBSE-5062.txt,RB-1029,दी,0,0,0,0,0,0,0,0,1
HI-RBSE-5062.txt,RB-1030,है,1,1,1,1,1,1,6,1,0
HI-RBSE-5062.txt,RB-1031,या,0,0,0,0,0,0,0,0,1
HI-RBSE-5062.txt,RB-1032,मुझे,0,0,0,0,0,0,0,0,1
HI-RBSE-5062.txt,RB-1033,गरीब,0,0,0,0,0,0,0,0,1
HI-RBSE-5062.txt,RB-1034,जानकर,0,1,0,0,0,1,2,0,0
HI-RBSE-5062.txt,RB-1035,रुपये,0,0,0,0,0,0,0,0,1
HI-RBSE-5062.txt,RB-1036,दे,0,0,0,0,0,0,0,0,1
HI-RBSE-5062.txt,RB-1037,दिए,0,0,0,0,0,0,0,0,1
HI-RBSE-5062.txt,RB-1038,हैं,1,1,1,1,1,1,6,1,0
HI-RBSE-5062.txt,RB-1039,तब,0,0,0,0,0,0,0,0,1
HI-RBSE-5062.txt,RB-1040,राजा,0,0,0,0,0,0,0,0,1
HI-RBSE-5062.txt,RB-1041,ने,0,0,0,0,0,0,0,0,1
HI-RBSE-5062.txt,RB-1042,कहा,1,0,0,0,0,1,2,0,0
HI-RBSE-5062.txt,RB-1043,कि,0,1,0,1,1,0,3,0,0
HI-RBSE-5062.txt,RB-1044,चित्र,0,0,0,0,0,0,0,0,1
HI-RBSE-5062.txt,RB-1045,में,0,0,0,0,0,0,0,0,1
HI-RBSE-5062.txt,RB-1046,क्या,0,0,0,0,0,0,0,0,1
HI-RBSE-5062.txt,RB-1047,धरा,0,0,0,0,0,0,0,0,1
HI-RBSE-5062.txt,RB-1048,है,1,1,1,1,1,1,6,1,0
HI-RBSE-5062.txt,RB-1049,हमने,0,0,0,0,0,0,0,0,1
HI-RBSE-5062.txt,RB-1050,तो,0,0,0,0,0,0,0,0,1
HI-RBSE-5062.txt,RB-1051,तुमको,0,1,0,0,1,1,3,0,0
HI-RBSE-5062.txt,RB-1052,गरीब,0,0,0,0,0,0,0,0,1
HI-RBSE-5062.txt,RB-1053,जानकर,0,0,0,0,0,0,0,0,1
HI-RBSE-5062.txt,RB-1054,ही,0,0,0,1,0,0,1,0,0
HI-RBSE-5062.txt,RB-1055,रुपये,0,0,0,0,0,0,0,0,1
HI-RBSE-5062.txt,RB-1056,दिए,0,0,0,0,0,0,0,0,1
HI-RBSE-5062.txt,RB-1057,हैं,1,1,1,1,1,1,6,1,0
HI-RBSE-5062.txt,RB-1058,तब,0,0,0,0,0,0,0,0,1
HI-RBSE-5062.txt,RB-1059,चित्रकार,1,0,0,0,1,0,2,0,0
HI-RBSE-5062.txt,RB-1060,अपना,0,0,0,0,0,0,0,0,1
HI-RBSE-5062.txt,RB-1061,चित्र,0,0,0,0,0,0,0,0,1
HI-RBSE-5062.txt,RB-1062,लेकर,0,1,1,1,1,1,5,1,0
HI-RBSE-5062.txt,RB-1063,वहाँ,0,0,0,0,0,0,0,0,1
HI-RBSE-5062.txt,RB-1064,से,0,0,0,0,0,0,0,0,1
HI-RBSE-5062.txt,RB-1065,चला,0,0,0,0,0,0,0,0,1
HI-RBSE-5062.txt,RB-1066,आया,1,1,1,1,1,1,6,1,0
HI-RBSE-5062.txt,RB-1067,रास्ते,0,0,0,0,0,0,0,0,1
HI-RBSE-5062.txt,RB-1068,में,0,0,0,1,1,1,3,0,0
HI-RBSE-5062.txt,RB-1069,उसे,0,1,0,0,0,0,1,0,0
HI-RBSE-5062.txt,RB-1070,एक,0,0,0,0,0,0,0,0,1
HI-RBSE-5062.txt,RB-1071,गरीब,0,0,0,0,0,0,0,0,1
HI-RBSE-5062.txt,RB-1072,आदमी,0,0,0,0,0,0,0,0,1
HI-RBSE-5062.txt,RB-1073,मिला,1,1,1,1,1,1,6,1,0
HI-RBSE-5062.txt,RB-1074,उस,0,0,0,0,0,0,0,0,1
HI-RBSE-5062.txt,RB-1075,चित्र,0,0,0,0,0,0,0,0,1
HI-RBSE-5062.txt,RB-1076,को,0,0,0,0,0,0,0,0,1
HI-RBSE-5062.txt,RB-1077,देखकर,1,1,0,1,1,1,5,1,0
HI-RBSE-5062.txt,RB-1078,उसकी,0,0,0,0,0,0,0,0,1
HI-RBSE-5062.txt,RB-1079,आँखें,0,0,0,0,0,0,0,0,1
HI-RBSE-5062.txt,RB-1080,चमक,0,0,0,0,0,0,0,0,1
HI-RBSE-5062.txt,RB-1081,उठीं,1,1,1,1,1,1,6,1,0
HI-RBSE-5062.txt,RB-1082,उसने,0,0,0,0,0,0,0,0,1
HI-RBSE-5062.txt,RB-1083,कहा,1,0,0,0,0,1,2,0,0
HI-RBSE-5062.txt,RB-1084,कि,0,1,0,1,1,0,3,0,0
HI-RBSE-5062.txt,RB-1085,इस,0,0,0,0,0,0,0,0,1
HI-RBSE-5062.txt,RB-1086,चित्र,0,0,0,0,0,0,0,0,1
HI-RBSE-5062.txt,RB-1087,की,0,0,0,0,0,0,0,0,1
HI-RBSE-5062.txt,RB-1088,कीमत,0,1,1,1,1,1,5,1,0
HI-RBSE-5062.txt,RB-1089,दस,0,0,0,0,0,0,0,0,1
HI-RBSE-5062.txt,RB-1090,हजार,0,0,0,0,0,0,0,0,1
HI-RBSE-5062.txt,RB-1091,रुपये,0,0,0,0,0,0,0,0,1
HI-RBSE-5062.txt,RB-1092,भी,0,0,0,1,0,0,1,0,0
HI-RBSE-5062.txt,RB-1093,कम,0,0,0,0,0,0,0,0,1
HI-RBSE-5062.txt,RB-1094,है,1,1,1,1,1,1,6,1,0
HI-RBSE-5062.txt,RB-1095,तब,0,0,0,0,0,0,0,0,1
HI-RBSE-5062.txt,RB-1096,चित्रकार,0,0,0,0,0,0,0,0,1
HI-RBSE-5062.txt,RB-1097,ने,0,0,0,0,0,0,0,0,1
HI-RBSE-5062.txt,RB-1098,पूछा,1,0,0,0,0,1,2,0,0
HI-RBSE-5062.txt,RB-1099,कि,0,1,0,1,1,0,3,0,0
HI-RBSE-5062.txt,RB-1100,भला,0,0,0,0,0,0,0,0,1
HI-RBSE-5062.txt,RB-1101,ऐसी,0,0,0,0,0,0,0,0,1
HI-RBSE-5062.txt,RB-1102,इसमें,0,0,0,1,0,0,1,0,0
HI-RBSE-5062.txt,RB-1103,क्या,0,0,0,0,0,0,0,0,1
HI-RBSE-5062.txt,RB-1104,बात,0,0,0,0,0,0,0,0,1
HI-RBSE-5062.txt,RB-1105,है,1,1,1,1,1,1,6,1,0
HI-RBSE-5062.txt,RB-1106,तब,0,0,0,0,0,0,0,0,1
HI-RBSE-5062.txt,RB-1107,वह,0,0,0,0,0,0,0,0,1
HI-RBSE-5062.txt,RB-1108,बोला,1,0,0,0,0,1,2,0,0
HI-RBSE-5062.txt,RB-1109,कि,0,1,0,1,1,0,3,0,0
HI-RBSE-5062.txt,RB-1110,चित्र,0,0,0,0,0,0,0,0,1
HI-RBSE-5062.txt,RB-1111,में,0,0,0,0,0,0,0,0,1
HI-RBSE-5062.txt,RB-1112,एक,0,0,0,0,0,0,0,0,1
HI-RBSE-5062.txt,RB-1113,महिला,0,1,1,1,1,1,5,1,0
HI-RBSE-5062.txt,RB-1114,सिर,0,0,0,0,0,0,0,0,1
HI-RBSE-5062.txt,RB-1115,पर,0,0,0,0,0,0,0,0,1
HI-RBSE-5062.txt,RB-1116,पानी,0,0,0,0,0,0,0,0,1
HI-RBSE-5062.txt,RB-1117,का,0,0,0,0,0,0,0,0,1
HI-RBSE-5062.txt,RB-1118,घड़ा,0,0,0,0,0,0,0,0,1
HI-RBSE-5062.txt,RB-1119,लिए,0,1,0,1,0,1,3,0,0
HI-RBSE-5062.txt,RB-1120,चली,0,0,0,0,0,0,0,0,1
HI-RBSE-5062.txt,RB-1121,जा,0,0,0,0,0,0,0,0,1
HI-RBSE-5062.txt,RB-1122,रही,0,0,0,0,0,0,0,0,1
HI-RBSE-5062.txt,RB-1123,है,1,1,1,1,1,1,6,1,0
HI-RBSE-5062.txt,RB-1124,उसके,0,0,0,0,0,0,0,0,1
HI-RBSE-5062.txt,RB-1125,पैर,0,0,0,0,0,0,0,0,1
HI-RBSE-5062.txt,RB-1126,में,0,1,0,1,0,1,3,0,0
HI-RBSE-5062.txt,RB-1127,काँटा,0,0,0,0,0,0,0,0,1
HI-RBSE-5062.txt,RB-1128,लग,0,0,0,0,0,0,0,0,1
HI-RBSE-5062.txt,RB-1129,गया,0,0,0,0,0,0,0,0,1
HI-RBSE-5062.txt,RB-1130,है,1,1,1,1,1,1,6,1,0
HI-RBSE-5062.txt,RB-1131,सो,0,0,0,0,0,0,0,0,1
HI-RBSE-5062.txt,RB-1132,उसके,0,0,0,0,0,0,0,0,1
HI-RBSE-5062.txt,RB-1133,दर्द,0,0,0,0,0,0,0,0,1
HI-RBSE-5062.txt,RB-1134,से,1,1,0,1,1,1,5,1,0
HI-RBSE-5062.txt,RB-1135,उसके,0,0,0,0,0,0,0,0,1
HI-RBSE-5062.txt,RB-1136,नाक,0,0,0,0,0,0,0,0,1
HI-RBSE-5062.txt,RB-1137,में,0,1,0,1,0,0,2,0,0
HI-RBSE-5062.txt,RB-1138,बल,0,0,0,0,0,0,0,0,1
HI-RBSE-5062.txt,RB-1139,पड़,0,0,0,0,0,0,0,0,1
HI-RBSE-5062.txt,RB-1140,गया,0,0,0,0,0,0,0,0,1
HI-RBSE-5062.txt,RB-1141,है,1,1,1,1,1,1,6,1,0
HI-RBSE-5062.txt,RB-1142,वह,0,0,0,0,0,0,0,0,1
HI-RBSE-5062.txt,RB-1143,दाँतों,0,0,0,0,0,0,0,0,1
HI-RBSE-5062.txt,RB-1144,से,0,1,0,0,1,1,3,0,0
HI-RBSE-5062.txt,RB-1145,ओंठों,0,0,0,0,0,0,0,0,1
HI-RBSE-5062.txt,RB-1146,को,0,0,0,0,0,0,0,0,1
HI-RBSE-5062.txt,RB-1147,दबाए,1,1,1,1,1,1,6,1,0
HI-RBSE-5062.txt,RB-1148,चीत्कार,0,0,0,0,0,0,0,0,1
HI-RBSE-5062.txt,RB-1149,करती-सी,0,1,0,0,0,0,1,0,0
HI-RBSE-5062.txt,RB-1150,चली,0,0,0,0,0,0,0,0,1
HI-RBSE-5062.txt,RB-1151,जा,0,0,0,0,0,0,0,0,1
HI-RBSE-5062.txt,RB-1152,रही,0,0,0,0,0,0,0,0,1
HI-RBSE-5062.txt,RB-1153,है,1,1,1,1,1,1,6,1,0
HI-RBSE-5062.txt,RB-1154,पीड़ा,0,0,0,0,0,0,0,0,1
HI-RBSE-5062.txt,RB-1155,के,0,0,0,0,0,0,0,0,1
HI-RBSE-5062.txt,RB-1156,कारण,1,1,0,1,1,1,5,1,0
HI-RBSE-5062.txt,RB-1157,इसके,0,0,0,0,0,0,0,0,1
HI-RBSE-5062.txt,RB-1158,रोम-रोम,0,0,0,0,0,0,0,0,1
HI-RBSE-5062.txt,RB-1159,में,0,1,0,1,0,1,3,0,0
HI-RBSE-5062.txt,RB-1160,बल,0,0,0,0,0,0,0,0,1
HI-RBSE-5062.txt,RB-1161,पड़ा,0,0,0,0,0,0,0,0,1
HI-RBSE-5062.txt,RB-1162,हुआ,0,0,0,0,0,0,0,0,1
HI-RBSE-5062.txt,RB-1163,है,1,1,1,1,1,1,6,1,0
HI-RBSE-602.txt,RB-1001,केशव,0,0,0,0,0,0,0,0,1
HI-RBSE-602.txt,RB-1002,के,0,0,0,0,0,0,0,0,1
HI-RBSE-602.txt,RB-1003,घर,1,1,1,1,1,1,6,1,0
HI-RBSE-602.txt,RB-1004,कार्निस,0,0,0,0,0,0,0,0,1
HI-RBSE-602.txt,RB-1005,के,0,0,0,0,0,0,0,0,1
HI-RBSE-602.txt,RB-1006,ऊपर,1,1,0,1,1,1,5,1,0
HI-RBSE-602.txt,RB-1007,एक,0,0,0,0,0,0,0,0,1
HI-RBSE-602.txt,RB-1008,चिडिया,0,0,0,0,0,0,0,0,1
HI-RBSE-602.txt,RB-1009,ने,0,0,0,0,0,0,0,0,1
HI-RBSE-602.txt,RB-1010,अंडे,0,0,0,0,0,0,0,0,1
HI-RBSE-602.txt,RB-1011,दिए,0,0,0,0,0,0,0,0,1
HI-RBSE-602.txt,RB-1012,थे,1,1,1,1,1,1,6,1,0
HI-RBSE-602.txt,RB-1013,केशव,0,1,0,0,0,0,1,0,0
HI-RBSE-602.txt,RB-1014,और,0,0,0,0,0,0,0,0,1
HI-RBSE-602.txt,RB-1015,उसकी,0,0,0,0,0,0,0,0,1
HI-RBSE-602.txt,RB-1016,बहन,0,0,0,0,0,1,1,0,0
HI-RBSE-602.txt,RB-1017,श्यामा,1,1,1,1,1,1,6,1,0
HI-RBSE-602.txt,RB-1018,दोनों,0,0,0,0,0,0,0,0,1
HI-RBSE-602.txt,RB-1019,बड़े,0,0,0,0,0,0,0,0,1
HI-RBSE-602.txt,RB-1020,ध्यान,0,0,0,0,0,0,0,0,1
HI-RBSE-602.txt,RB-1021,से,1,1,0,0,0,1,3,0,0
HI-RBSE-602.txt,RB-1022,चिड़िया,0,0,0,0,0,0,0,0,1
HI-RBSE-602.txt,RB-1023,को,0,0,0,1,1,0,2,0,0
HI-RBSE-602.txt,RB-1024,वहाँ,0,0,0,0,0,1,1,0,0
HI-RBSE-602.txt,RB-1025,आते-जाते,0,0,0,0,0,0,0,0,1
HI-RBSE-602.txt,RB-1026,देखा,0,0,0,0,0,0,0,0,1
HI-RBSE-602.txt,RB-1027,करते,1,1,1,1,1,1,6,1,0
HI-RBSE-602.txt,RB-1028,सवेरे,0,1,0,1,0,0,2,0,0
HI-RBSE-602.txt,RB-1029,दोनों,0,0,0,0,0,0,0,0,1
HI-RBSE-602.txt,RB-1030,आँखें,0,0,0,0,0,0,0,0,1
HI-RBSE-602.txt,RB-1031,मलते,1,1,0,1,1,1,5,1,0
HI-RBSE-602.txt,RB-1032,कार्निस,0,0,0,0,0,0,0,0,1
HI-RBSE-602.txt,RB-1033,के,0,0,0,0,0,0,0,0,1
HI-RBSE-602.txt,RB-1034,सामने,0,0,0,0,0,0,0,0,1
HI-RBSE-602.txt,RB-1035,पहुँच,0,0,0,0,0,0,0,0,1
HI-RBSE-602.txt,RB-1036,जाते,1,1,1,1,1,1,6,1,0
HI-RBSE-602.txt,RB-1037,और,0,0,0,0,0,0,0,0,1
HI-RBSE-602.txt,RB-1038,चिड़ा,1,0,0,0,0,1,2,0,0
HI-RBSE-602.txt,RB-1039,और,0,0,0,0,0,0,0,0,1
HI-RBSE-602.txt,RB-1040,चिड़िया,1,1,0,0,1,1,4,1,0
HI-RBSE-602.txt,RB-1041,दोनों,0,0,0,0,0,0,0,0,1
HI-RBSE-602.txt,RB-1042,को,0,0,0,1,0,0,1,0,0
HI-RBSE-602.txt,RB-1043,वहाँ,0,0,0,0,0,0,0,0,1
HI-RBSE-602.txt,RB-1044,बैठा,0,0,0,0,0,0,0,0,1
HI-RBSE-602.txt,RB-1045,पाते,1,1,1,1,1,1,6,1,0
HI-RBSE-602.txt,RB-1046,उनको,0,0,0,0,0,0,0,0,1
HI-RBSE-602.txt,RB-1047,देखने,0,0,0,0,0,0,0,0,1
HI-RBSE-602.txt,RB-1048,में,1,1,0,0,0,1,3,0,0
HI-RBSE-602.txt,RB-1049,दोनों,0,0,0,0,0,0,0,0,1
HI-RBSE-602.txt,RB-1050,बच्चों,0,0,0,0,0,0,0,0,1
HI-RBSE-602.txt,RB-1051,को,0,0,0,1,1,1,3,0,0
HI-RBSE-602.txt,RB-1052,न,0,0,0,0,0,0,0,0,1
HI-RBSE-602.txt,RB-1053,मालूम,0,1,0,0,0,0,1,0,0
HI-RBSE-602.txt,RB-1054,क्या,0,0,0,0,0,0,0,0,1
HI-RBSE-602.txt,RB-1055,मज़ा,0,0,0,0,0,0,0,0,1
HI-RBSE-602.txt,RB-1056,मिलता,1,1,1,1,1,1,6,1,0
HI-RBSE-602.txt,RB-1057,दूध,0,0,0,0,0,1,1,0,0
HI-RBSE-602.txt,RB-1058,और,0,0,0,0,0,0,0,0,1
HI-RBSE-602.txt,RB-1059,जलेबी,0,1,0,0,0,0,1,0,0
HI-RBSE-602.txt,RB-1060,की,0,0,0,0,0,0,0,0,1
HI-RBSE-602.txt,RB-1061,सुध,0,0,0,0,0,1,1,0,0
HI-RBSE-602.txt,RB-1062,भी,0,0,0,1,0,0,1,0,0
HI-RBSE-602.txt,RB-1063,न,0,0,0,0,0,0,0,0,1
HI-RBSE-602.txt,RB-1064,रहती,0,0,0,0,0,0,0,0,1
HI-RBSE-602.txt,RB-1065,थी,1,1,1,1,1,1,6,1,0
HI-RBSE-602.txt,RB-1066,दोनों,0,0,0,0,0,0,0,0,1
HI-RBSE-602.txt,RB-1067,के,0,0,0,0,0,0,0,0,1
HI-RBSE-602.txt,RB-1068,दिल,0,0,0,0,0,0,0,0,1
HI-RBSE-602.txt,RB-1069,में,0,1,0,1,1,1,4,1,0
HI-RBSE-602.txt,RB-1070,तरह-तरह,0,0,0,0,0,0,0,0,1
HI-RBSE-602.txt,RB-1071,के,0,0,0,0,0,0,0,0,1
HI-RBSE-602.txt,RB-1072,सवाल,0,0,0,0,0,0,0,0,1
HI-RBSE-602.txt,RB-1073,उठते,1,1,1,1,1,1,6,1,0
HI-RBSE-602.txt,RB-1074,लेकिन,0,0,0,1,0,0,1,0,0
HI-RBSE-602.txt,RB-1075,इन,0,0,0,0,0,0,0,0,1
HI-RBSE-602.txt,RB-1076,बातों,0,0,0,0,0,0,0,0,1
HI-RBSE-602.txt,RB-1077,का,0,0,0,0,0,0,0,0,1
HI-RBSE-602.txt,RB-1078,जवाब,0,1,0,0,0,1,2,0,0
HI-RBSE-602.txt,RB-1079,देने,0,0,0,0,0,0,0,0,1
HI-RBSE-602.txt,RB-1080,वाला,0,0,0,1,0,0,1,0,0
HI-RBSE-602.txt,RB-1081,कोई,0,0,0,0,0,0,0,0,1
HI-RBSE-602.txt,RB-1082,नहीं,1,1,1,1,1,1,6,1,0
HI-RBSE-602.txt,RB-1083,न,0,0,0,0,0,0,0,0,1
HI-RBSE-602.txt,RB-1084,अम्मा,0,0,0,0,0,0,0,0,1
HI-RBSE-602.txt,RB-1085,को,0,0,0,0,0,1,1,0,0
HI-RBSE-602.txt,RB-1086,घर,0,0,0,0,0,0,0,0,1
HI-RBSE-602.txt,RB-1087,के,0,0,0,0,0,0,0,0,1
HI-RBSE-602.txt,RB-1088,काम-धंधो,0,1,0,0,0,0,1,0,0
HI-RBSE-602.txt,RB-1089,से,0,0,0,0,0,0,0,0,1
HI-RBSE-602.txt,RB-1090,फुरसत,0,0,0,0,0,0,0,0,1
HI-RBSE-602.txt,RB-1091,थी,1,1,1,1,1,1,6,1,0
HI-RBSE-602.txt,RB-1092,न,0,0,0,0,0,0,0,0,1
HI-RBSE-602.txt,RB-1093,बाबू,0,0,0,0,0,0,0,0,1
HI-RBSE-602.txt,RB-1094,जी,0,0,0,0,0,0,0,0,1
HI-RBSE-602.txt,RB-1095,को,0,1,0,1,0,1,3,0,0
HI-RBSE-602.txt,RB-1096,पढ़ने-लिखने,0,0,0,0,0,0,0,0,1
HI-RBSE-602.txt,RB-1097,से,1,1,1,1,1,1,6,1,0
HI-RBSE-602.txt,RB-1098,दोनों,0,0,0,0,0,0,0,0,1
HI-RBSE-602.txt,RB-1099,बच्चे,1,0,0,0,1,0,2,0,0
HI-RBSE-602.txt,RB-1100,आपस,0,1,0,0,0,0,1,0,0
HI-RBSE-602.txt,RB-1101,ही,0,0,0,0,0,0,0,0,1
HI-RBSE-602.txt,RB-1102,में,0,0,0,1,0,1,2,0,0
HI-RBSE-602.txt,RB-1103,सवाल-जवाब,0,0,0,0,0,0,0,0,1
HI-RBSE-602.txt,RB-1104,करके,1,1,1,1,1,1,6,1,0
HI-RBSE-602.txt,RB-1105,अपने,0,0,0,0,0,0,0,0,1
HI-RBSE-602.txt,RB-1106,दिल,0,0,0,0,0,0,0,0,1
HI-RBSE-602.txt,RB-1107,को,0,0,0,0,0,1,1,0,0
HI-RBSE-602.txt,RB-1108,तसल्ली,0,1,0,0,0,0,1,0,0
HI-RBSE-602.txt,RB-1109,दे,0,0,0,0,0,0,0,0,1
HI-RBSE-602.txt,RB-1110,लिया,0,0,0,0,0,0,0,0,1
HI-RBSE-602.txt,RB-1111,करते,0,0,0,0,0,0,0,0,1
HI-RBSE-602.txt,RB-1112,थे,1,1,1,1,1,1,6,1,0
HI-RBSE-602.txt,RB-1113,श्यामा,0,0,0,0,0,0,0,0,1
HI-RBSE-602.txt,RB-1114,का,0,0,0,0,0,0,0,0,1
HI-RBSE-602.txt,RB-1115,मन,0,0,0,0,0,0,0,0,1
HI-RBSE-602.txt,RB-1116,कहता,1,1,0,0,1,1,4,1,0
HI-RBSE-602.txt,RB-1117,की,0,0,0,1,0,0,1,0,0
HI-RBSE-602.txt,RB-1118,बच्चे,0,0,0,0,0,0,0,0,1
HI-RBSE-602.txt,RB-1119,अभी,0,0,0,0,0,0,0,0,1
HI-RBSE-602.txt,RB-1120,निकलकर,0,1,0,1,1,1,4,1,0
HI-RBSE-602.txt,RB-1121,फुर्र,0,0,0,0,0,0,0,0,1
HI-RBSE-602.txt,RB-1122,से,0,0,0,0,0,0,0,0,1
HI-RBSE-602.txt,RB-1123,उड,0,0,0,0,0,0,0,0,1
HI-RBSE-602.txt,RB-1124,जाएँगे,1,1,1,1,1,1,6,1,0
HI-RBSE-602.txt,RB-1125,केशव,0,0,0,0,0,0,0,0,1
HI-RBSE-602.txt,RB-1126,विद्वानों,0,1,0,0,0,0,1,0,0
HI-RBSE-602.txt,RB-1127,जैसे,0,0,0,0,0,1,1,0,0
HI-RBSE-602.txt,RB-1128,गर्व,0,0,0,0,0,0,0,0,1
HI-RBSE-602.txt,RB-1129,से,0,0,0,0,0,0,0,0,1
HI-RBSE-602.txt,RB-1130,कहता,1,1,0,0,1,1,4,1,0
HI-RBSE-602.txt,RB-1131,कि,0,0,0,1,0,0,1,0,0
HI-RBSE-602.txt,RB-1132,पहले,0,0,0,0,0,0,0,0,1
HI-RBSE-602.txt,RB-1133,पंख,0,0,0,0,0,0,0,0,1
HI-RBSE-602.txt,RB-1134,निकलेंगे,1,1,1,1,1,1,6,1,0
HI-RBSE-602.txt,RB-1135,बगैर,0,0,0,0,0,0,0,0,1
HI-RBSE-602.txt,RB-1136,पंखों,0,0,0,0,0,0,0,0,1
HI-RBSE-602.txt,RB-1137,के,0,1,0,1,0,1,3,0,0
HI-RBSE-602.txt,RB-1138,बेचारे,0,0,0,0,0,0,0,0,1
HI-RBSE-602.txt,RB-1139,उड,0,0,0,0,0,0,0,0,1
HI-RBSE-602.txt,RB-1140,नही,0,0,0,0,0,0,0,0,1
HI-RBSE-602.txt,RB-1141,सकेंगे,1,1,1,1,1,1,6,1,0
HI-RBSE-602.txt,RB-1142,श्यामा,0,0,0,0,0,0,0,0,1
HI-RBSE-602.txt,RB-1143,यह,0,0,0,0,0,0,0,0,1
HI-RBSE-602.txt,RB-1144,जानना,0,0,0,0,0,0,0,0,1
HI-RBSE-602.txt,RB-1145,चाहती,0,0,0,0,0,0,0,0,1
HI-RBSE-602.txt,RB-1146,थी,1,1,1,0,1,1,5,1,0
HI-RBSE-602.txt,RB-1147,की,0,0,0,1,0,0,1,0,0
HI-RBSE-602.txt,RB-1148,चिड़िया,0,0,0,0,0,0,0,0,1
HI-RBSE-602.txt,RB-1149,बच्चो,0,0,0,0,0,0,0,0,1
HI-RBSE-602.txt,RB-1150,को,0,0,0,0,0,0,0,0,1
HI-RBSE-602.txt,RB-1151,क्या,0,0,0,0,0,0,0,0,1
HI-RBSE-602.txt,RB-1152,खिलाएगी,1,1,1,1,1,1,6,1,0
HI-RBSE-602.txt,RB-1153,केशव,0,0,0,0,0,0,0,0,1
HI-RBSE-602.txt,RB-1154,इस,0,0,0,0,0,0,0,0,1
HI-RBSE-602.txt,RB-1155,पेचीदा,0,0,0,0,0,0,0,0,1
HI-RBSE-602.txt,RB-1156,सवाल,0,0,0,0,0,0,0,0,1
HI-RBSE-602.txt,RB-1157,का,0,0,0,0,0,0,0,0,1
HI-RBSE-602.txt,RB-1158,जवाब,0,1,0,1,1,1,4,1,0
HI-RBSE-602.txt,RB-1159,कुछ,0,0,0,0,0,0,0,0,1
HI-RBSE-602.txt,RB-1160,न,0,0,0,0,0,0,0,0,1
HI-RBSE-602.txt,RB-1161,दे,0,0,0,0,0,0,0,0,1
HI-RBSE-602.txt,RB-1162,सकता,0,0,0,0,0,0,0,0,1
HI-RBSE-602.txt,RB-1163,था,1,1,1,1,1,1,6,1,0
HI-RBSE-606.txt,RB-1001,बहुत,0,0,0,0,0,0,0,0,1
HI-RBSE-606.txt,RB-1002,वर्षों,0,0,0,0,0,0,0,0,1
HI-RBSE-606.txt,RB-1003,बाद,1,1,0,1,1,1,5,1,0
HI-RBSE-606.txt,RB-1004,बिलासपुर,0,0,0,0,0,0,0,0,1
HI-RBSE-606.txt,RB-1005,में,0,0,0,0,0,0,0,0,1
HI-RBSE-606.txt,RB-1006,आने,0,0,0,0,0,0,0,0,1
HI-RBSE-606.txt,RB-1007,का,0,0,0,0,0,0,0,0,1
HI-RBSE-606.txt,RB-1008,अवसर,0,0,0,0,0,0,0,0,1
HI-RBSE-606.txt,RB-1009,मिला,1,1,1,1,1,1,6,1,0
HI-RBSE-606.txt,RB-1010,चारों,0,0,0,0,0,0,0,0,1
HI-RBSE-606.txt,RB-1011,ओर,0,0,0,0,0,0,0,0,1
HI-RBSE-606.txt,RB-1012,देखा,1,1,1,1,1,1,6,1,0
HI-RBSE-606.txt,RB-1013,दस,0,0,0,0,0,0,0,0,1
HI-RBSE-606.txt,RB-1014,वर्ष,0,0,0,0,0,0,0,0,1
HI-RBSE-606.txt,RB-1015,में,0,1,0,0,0,1,2,0,0
HI-RBSE-606.txt,RB-1016,कितना,0,0,0,0,0,0,0,0,1
HI-RBSE-606.txt,RB-1017,परिवर्तन,0,0,0,0,0,0,0,0,1
HI-RBSE-606.txt,RB-1018,हो,0,0,0,0,0,0,0,0,1
HI-RBSE-606.txt,RB-1019,गया,0,0,0,0,0,0,0,0,1
HI-RBSE-606.txt,RB-1020,था,1,1,1,1,1,1,6,1,0
HI-RBSE-606.txt,RB-1021,बस्ती,0,0,0,0,0,0,0,0,1
HI-RBSE-606.txt,RB-1022,के,0,0,0,0,0,0,0,0,1
HI-RBSE-606.txt,RB-1023,लोगों,0,0,0,0,0,0,0,0,1
HI-RBSE-606.txt,RB-1024,के,0,0,0,0,0,0,0,0,1
HI-RBSE-606.txt,RB-1025,चेहरे,0,1,0,0,0,1,2,0,0
HI-RBSE-606.txt,RB-1026,जाने-पहचाने,0,0,0,0,0,0,0,0,1
HI-RBSE-606.txt,RB-1027,थे,1,1,1,1,1,1,6,1,0
HI-RBSE-606.txt,RB-1028,लेकिन,0,0,0,0,0,0,0,0,1
HI-RBSE-606.txt,RB-1029,समय,0,0,0,0,0,0,0,0,1
HI-RBSE-606.txt,RB-1030,की,0,0,0,0,0,0,0,0,1
HI-RBSE-606.txt,RB-1031,मार,0,0,0,0,0,0,0,0,1
HI-RBSE-606.txt,RB-1032,से,0,1,0,1,1,1,4,1,0
HI-RBSE-606.txt,RB-1033,वे,0,0,0,0,0,0,0,0,1
HI-RBSE-606.txt,RB-1034,चेहरे,0,0,0,0,0,0,0,0,1
HI-RBSE-606.txt,RB-1035,बूढ़े,0,0,0,0,0,0,0,0,1
HI-RBSE-606.txt,RB-1036,हो,0,0,0,0,0,0,0,0,1
HI-RBSE-606.txt,RB-1037,गए,0,0,0,0,0,0,0,0,1
HI-RBSE-606.txt,RB-1038,थे,1,1,1,1,1,1,6,1,0
HI-RBSE-606.txt,RB-1039,मेरी,0,0,0,0,0,0,0,0,1
HI-RBSE-606.txt,RB-1040,निगाहें,1,0,0,0,1,0,2,0,0
HI-RBSE-606.txt,RB-1041,बस्ती,0,0,0,0,0,0,0,0,1
HI-RBSE-606.txt,RB-1042,के,0,0,0,0,0,0,0,0,1
HI-RBSE-606.txt,RB-1043,बीच,0,1,0,1,1,1,4,1,0
HI-RBSE-606.txt,RB-1044,चाय,0,0,0,0,0,0,0,0,1
HI-RBSE-606.txt,RB-1045,के,0,0,0,0,0,0,0,0,1
HI-RBSE-606.txt,RB-1046,उस,0,0,0,0,0,0,0,0,1
HI-RBSE-606.txt,RB-1047,ठेले,0,0,0,0,0,0,0,0,1
HI-RBSE-606.txt,RB-1048,को,0,0,0,0,0,0,0,0,1
HI-RBSE-606.txt,RB-1049,ढूँढ़,0,0,0,0,0,0,0,0,1
HI-RBSE-606.txt,RB-1050,रही,0,0,0,0,0,0,0,0,1
HI-RBSE-606.txt,RB-1051,थीं,1,1,1,1,1,1,6,1,0
HI-RBSE-606.txt,RB-1052,जो,0,0,0,0,0,0,0,0,1
HI-RBSE-606.txt,RB-1053,उन,0,0,0,0,0,0,0,0,1
HI-RBSE-606.txt,RB-1054,दिनों,0,1,0,1,1,1,4,1,0
HI-RBSE-606.txt,RB-1055,एक,0,0,0,0,0,0,0,0,1
HI-RBSE-606.txt,RB-1056,चाय,0,0,0,0,0,0,0,0,1
HI-RBSE-606.txt,RB-1057,की,0,0,0,0,0,0,0,0,1
HI-RBSE-606.txt,RB-1058,दुकान,0,0,0,0,0,0,0,0,1
HI-RBSE-606.txt,RB-1059,थी,1,1,1,1,1,1,6,1,0
HI-RBSE-606.txt,RB-1060,आज,1,0,0,0,0,0,1,0,0
HI-RBSE-606.txt,RB-1061,वहाँ,0,0,0,0,0,0,0,0,1
HI-RBSE-606.txt,RB-1062,एक,0,0,0,0,0,1,1,0,0
HI-RBSE-606.txt,RB-1063,पक्का,0,0,0,0,0,0,0,0,1
HI-RBSE-606.txt,RB-1064,मकान,0,0,0,0,0,0,0,0,1
HI-RBSE-606.txt,RB-1065,बन,0,0,0,0,0,0,0,0,1
HI-RBSE-606.txt,RB-1066,चुका,0,0,0,0,0,0,0,0,1
HI-RBSE-606.txt,RB-1067,था,1,1,1,1,1,1,6,1,0
HI-RBSE-606.txt,RB-1068,हाँ,1,1,1,1,1,1,6,1,0
HI-RBSE-606.txt,RB-1069,मकान,0,0,0,0,0,0,0,0,1
HI-RBSE-606.txt,RB-1070,के,0,0,0,0,0,0,0,0,1
HI-RBSE-606.txt,RB-1071,नीचे,1,0,0,1,1,1,4,1,0
HI-RBSE-606.txt,RB-1072,फुटपाथ,0,0,0,0,0,0,0,0,1
HI-RBSE-606.txt,RB-1073,से,0,0,0,0,0,0,0,0,1
HI-RBSE-606.txt,RB-1074,लगे,0,1,1,0,0,1,3,0,0
HI-RBSE-606.txt,RB-1075,एक,0,0,0,0,0,0,0,0,1
HI-RBSE-606.txt,RB-1076,छोटे,0,0,0,0,0,0,0,0,1
HI-RBSE-606.txt,RB-1077,से,0,0,0,0,0,0,0,0,1
HI-RBSE-606.txt,RB-1078,केबिन,0,0,0,0,0,0,0,0,1
HI-RBSE-606.txt,RB-1079,को,0,0,0,0,0,0,0,0,1
HI-RBSE-606.txt,RB-1080,देखकर,1,1,1,1,1,1,6,1,0
HI-RBSE-606.txt,RB-1081,मेरी,0,0,0,0,0,0,0,0,1
HI-RBSE-606.txt,RB-1082,दृष्टि,0,0,0,0,0,0,0,0,1
HI-RBSE-606.txt,RB-1083,एक,0,0,0,0,0,0,0,0,1
HI-RBSE-606.txt,RB-1084,पल,0,0,0,0,0,0,0,0,1
HI-RBSE-606.txt,RB-1085,के,0,0,0,0,0,0,0,0,1
HI-RBSE-606.txt,RB-1086,लिए,0,0,0,0,0,0,0,0,1
HI-RBSE-606.txt,RB-1087,ठिठकी,1,1,1,1,1,1,6,1,0
HI-RBSE-606.txt,RB-1088,हाँ,1,1,1,1,1,1,6,1,0
HI-RBSE-606.txt,RB-1089,वही,0,0,0,0,0,0,0,0,1
HI-RBSE-606.txt,RB-1090,चाय,0,0,0,0,0,0,0,0,1
HI-RBSE-606.txt,RB-1091,का,0,0,0,0,0,0,0,0,1
HI-RBSE-606.txt,RB-1092,ठेला,1,1,0,1,1,1,5,1,0
HI-RBSE-606.txt,RB-1093,आज,0,0,0,0,0,0,0,0,1
HI-RBSE-606.txt,RB-1094,साफ-सुथरा,0,0,0,0,0,0,0,0,1
HI-RBSE-606.txt,RB-1095,केबिन,0,0,0,0,0,0,0,0,1
HI-RBSE-606.txt,RB-1096,बन,0,0,0,0,0,0,0,0,1
HI-RBSE-606.txt,RB-1097,गया,0,0,0,0,0,0,0,0,1
HI-RBSE-606.txt,RB-1098,था,1,1,1,1,1,1,6,1,0
HI-RBSE-606.txt,RB-1099,बिलासपुर,0,0,0,0,0,0,0,0,1
HI-RBSE-606.txt,RB-1100,छोड़ने,0,0,0,0,0,0,0,0,1
HI-RBSE-606.txt,RB-1101,के,0,0,0,0,0,0,0,0,1
HI-RBSE-606.txt,RB-1102,बाद,1,1,1,1,1,1,6,1,0
HI-RBSE-606.txt,RB-1103,मैं,0,0,0,0,0,0,0,0,1
HI-RBSE-606.txt,RB-1104,सपरिवार,1,0,0,1,1,1,4,1,0
HI-RBSE-606.txt,RB-1105,जनकनगर,0,0,0,0,0,0,0,0,1
HI-RBSE-606.txt,RB-1106,के,0,1,0,0,0,0,1,0,0
HI-RBSE-606.txt,RB-1107,अपने,0,0,0,0,0,0,0,0,1
HI-RBSE-606.txt,RB-1108,पुश्तैनी,0,0,0,0,0,0,0,0,1
HI-RBSE-606.txt,RB-1109,घर,0,0,0,0,0,0,0,0,1
HI-RBSE-606.txt,RB-1110,में,0,0,0,1,0,1,2,0,0
HI-RBSE-606.txt,RB-1111,बस,0,0,0,0,0,0,0,0,1
HI-RBSE-606.txt,RB-1112,गया,0,0,0,0,0,0,0,0,1
HI-RBSE-606.txt,RB-1113,था,1,1,1,1,1,1,6,1,0
HI-RBSE-606.txt,RB-1114,आज,0,0,0,0,0,0,0,0,1
HI-RBSE-606.txt,RB-1115,इतने,0,0,0,0,0,0,0,0,1
HI-RBSE-606.txt,RB-1116,वर्षों,0,0,0,0,0,0,0,0,1
HI-RBSE-606.txt,RB-1117,बाद,1,1,1,1,1,1,6,1,0
HI-RBSE-606.txt,RB-1118,एक,0,0,0,0,0,0,0,0,1
HI-RBSE-606.txt,RB-1119,पारिवारिक,0,0,0,0,0,0,0,0,1
HI-RBSE-606.txt,RB-1120,समारोह,0,0,0,0,0,0,0,0,1
HI-RBSE-606.txt,RB-1121,में,0,1,0,1,0,1,3,0,0
HI-RBSE-606.txt,RB-1122,सम्मिलित,0,0,0,0,0,0,0,0,1
HI-RBSE-606.txt,RB-1123,होने,0,0,0,0,0,0,0,0,1
HI-RBSE-606.txt,RB-1124,आया,0,0,0,0,0,0,0,0,1
HI-RBSE-606.txt,RB-1125,था,1,1,1,1,1,1,6,1,0
HI-RBSE-606.txt,RB-1126,न,0,0,0,0,0,0,0,0,1
HI-RBSE-606.txt,RB-1127,जाने,0,0,0,0,0,0,0,0,1
HI-RBSE-606.txt,RB-1128,क्यों,1,1,0,1,1,1,5,1,0
HI-RBSE-606.txt,RB-1129,बरसों,0,0,0,0,0,0,0,0,1
HI-RBSE-606.txt,RB-1130,पुराना,0,0,0,0,0,0,0,0,1
HI-RBSE-606.txt,RB-1131,चाय,0,0,0,0,0,0,0,0,1
HI-RBSE-606.txt,RB-1132,का,0,0,0,0,0,0,0,0,1
HI-RBSE-606.txt,RB-1133,ठेला,1,1,1,1,1,1,6,1,0
HI-RBSE-606.txt,RB-1134,मुझे,0,0,0,0,0,0,0,0,1
HI-RBSE-606.txt,RB-1135,बिलासपुर,0,0,0,0,0,0,0,0,1
HI-RBSE-606.txt,RB-1136,की,0,0,0,0,0,0,0,0,1
HI-RBSE-606.txt,RB-1137,पुरानी,0,0,0,0,0,0,0,0,1
HI-RBSE-606.txt,RB-1138,बस्ती,0,1,0,0,0,0,1,0,0
HI-RBSE-606.txt,RB-1139,में,0,0,0,0,0,1,1,0,0
HI-RBSE-606.txt,RB-1140,खींच,0,0,0,0,0,0,0,0,1
HI-RBSE-606.txt,RB-1141,लाया,0,0,0,0,0,0,0,0,1
HI-RBSE-606.txt,RB-1142,था,1,1,1,1,1,1,6,1,0
HI-RBSE-606.txt,RB-1143,केबिन,0,0,0,0,0,0,0,0,1
HI-RBSE-606.txt,RB-1144,पर,0,0,0,0,0,0,0,0,1
HI-RBSE-606.txt,RB-1145,चाय,0,0,0,0,0,0,0,0,1
HI-RBSE-606.txt,RB-1146,बनाते,0,1,0,0,1,1,3,0,0
HI-RBSE-606.txt,RB-1147,एक,0,0,0,0,0,0,0,0,1
HI-RBSE-606.txt,RB-1148,युवक,0,0,0,0,0,0,0,0,1
HI-RBSE-606.txt,RB-1149,को,0,0,0,0,0,0,0,0,1
HI-RBSE-606.txt,RB-1150,देखकर,1,0,1,1,1,1,5,1,0
HI-RBSE-606.txt,RB-1151,मेरे,0,0,0,0,0,0,0,0,1
HI-RBSE-606.txt,RB-1152,पैर,0,1,0,0,0,0,1,0,0
HI-RBSE-606.txt,RB-1153,बरबस,0,0,0,0,0,0,0,0,1
HI-RBSE-606.txt,RB-1154,उसकी,0,0,0,0,0,0,0,0,1
HI-RBSE-606.txt,RB-1155,ओर,0,0,0,0,0,0,0,0,1
HI-RBSE-606.txt,RB-1156,बढ़,0,0,0,0,0,0,0,0,1
HI-RBSE-606.txt,RB-1157,गए,1,1,1,1,1,1,6,1,0
HI-RBSE-606.txt,RB-1158,क्या,0,0,0,0,0,0,0,0,1
HI-RBSE-606.txt,RB-1159,तुम,0,0,0,0,0,1,1,0,0
HI-RBSE-606.txt,RB-1160,मनोहर,0,0,0,0,0,0,0,0,1
HI-RBSE-606.txt,RB-1161,नाम,0,0,0,0,0,0,0,0,1
HI-RBSE-606.txt,RB-1162,के,0,1,0,0,0,1,2,0,0
HI-RBSE-606.txt,RB-1163,किसी,0,0,0,0,0,0,0,0,1
HI-RBSE-606.txt,RB-1164,व्यक्ति,0,0,0,0,0,0,0,0,1
HI-RBSE-606.txt,RB-1165,को,0,0,0,1,0,0,1,0,0
HI-RBSE-606.txt,RB-1166,जानते,0,0,0,0,0,0,0,0,1
HI-RBSE-606.txt,RB-1167,हो,1,1,1,1,1,1,6,1,0
HI-RBSE-708.txt,RB-1001,आजादी,0,1,0,0,0,1,2,0,0
HI-RBSE-708.txt,RB-1002,किसे,0,0,0,0,0,0,0,0,1
HI-RBSE-708.txt,RB-1003,अच्छी,0,0,0,0,0,0,0,0,1
HI-RBSE-708.txt,RB-1004,नहीं,0,0,0,0,0,0,0,0,1
HI-RBSE-708.txt,RB-1005,लगती,1,1,1,1,1,1,6,1,0
HI-RBSE-708.txt,RB-1006,चाहे,0,0,0,0,0,0,0,0,1
HI-RBSE-708.txt,RB-1007,पिंजड़े,0,0,0,0,0,0,0,0,1
HI-RBSE-708.txt,RB-1008,में,0,0,0,0,0,0,0,0,1
HI-RBSE-708.txt,RB-1009,बंद,0,0,0,0,0,0,0,0,1
HI-RBSE-708.txt,RB-1010,पक्षी,0,0,0,0,0,0,0,0,1
HI-RBSE-708.txt,RB-1011,हो,1,1,1,1,1,1,6,1,0
HI-RBSE-708.txt,RB-1012,चाहे,0,0,0,0,0,0,0,0,1
HI-RBSE-708.txt,RB-1013,रस्सी,0,0,0,0,0,0,0,0,1
HI-RBSE-708.txt,RB-1014,से,0,0,0,0,0,0,0,0,1
HI-RBSE-708.txt,RB-1015,बँधा,0,0,0,0,0,0,0,0,1
HI-RBSE-708.txt,RB-1016,हुआ,0,0,0,0,0,0,0,0,1
HI-RBSE-708.txt,RB-1017,पशु,1,1,1,1,1,1,6,1,0
HI-RBSE-708.txt,RB-1018,सभी,1,0,0,0,0,0,1,0,0
HI-RBSE-708.txt,RB-1019,परतंत्रता,0,1,0,0,0,0,1,0,0
HI-RBSE-708.txt,RB-1020,के,0,0,0,0,0,0,0,0,1
HI-RBSE-708.txt,RB-1021,बंधनों,0,0,0,0,0,0,0,0,1
HI-RBSE-708.txt,RB-1022,को,0,1,1,1,1,1,5,1,0
HI-RBSE-708.txt,RB-1023,तोड़,0,0,0,0,0,0,0,0,1
HI-RBSE-708.txt,RB-1024,फेंकना,0,0,0,0,0,0,0,0,1
HI-RBSE-708.txt,RB-1025,चाहते,0,0,0,0,0,0,0,0,1
HI-RBSE-708.txt,RB-1026,हैं,1,1,1,1,1,1,6,1,0
HI-RBSE-708.txt,RB-1027,फिर,0,0,0,0,0,0,0,0,1
HI-RBSE-708.txt,RB-1028,मनुष्य,0,0,0,0,0,0,0,0,1
HI-RBSE-708.txt,RB-1029,तो,0,1,1,1,0,1,4,1,0
HI-RBSE-708.txt,RB-1030,पशुओं,0,0,0,0,0,0,0,0,1
HI-RBSE-708.txt,RB-1031,की,0,0,0,0,0,0,0,0,1
HI-RBSE-708.txt,RB-1032,अपेक्षा,0,1,0,1,1,0,3,0,0
HI-RBSE-708.txt,RB-1033,अधिक,0,0,0,0,0,0,0,0,1
HI-RBSE-708.txt,RB-1034,बु‌द्धिमान,0,1,1,1,1,1,5,1,0
HI-RBSE-708.txt,RB-1035,और,0,0,0,0,0,0,0,0,1
HI-RBSE-708.txt,RB-1036,संवेदनशील,0,0,0,0,0,0,0,0,1
HI-RBSE-708.txt,RB-1037,होता,0,0,0,0,0,0,0,0,1
HI-RBSE-708.txt,RB-1038,है,1,1,1,1,1,1,6,1,0
HI-RBSE-708.txt,RB-1039,उसे,0,0,0,0,0,0,0,0,1
HI-RBSE-708.txt,RB-1040,गुलामी,0,0,0,0,0,0,0,0,1
HI-RBSE-708.txt,RB-1041,की,0,0,0,0,0,0,0,0,1
HI-RBSE-708.txt,RB-1042,जंजीर,0,1,1,1,1,0,4,1,0
HI-RBSE-708.txt,RB-1043,सदा,0,0,0,0,0,0,0,0,1
HI-RBSE-708.txt,RB-1044,ही,0,0,0,0,0,1,1,0,0
HI-RBSE-708.txt,RB-1045,खटकती,0,0,0,0,0,0,0,0,1
HI-RBSE-708.txt,RB-1046,रहती,0,0,0,0,0,0,0,0,1
HI-RBSE-708.txt,RB-1047,है,1,1,1,1,1,1,6,1,0
HI-RBSE-708.txt,RB-1048,सभी,0,0,0,0,0,0,0,0,1
HI-RBSE-708.txt,RB-1049,देशों,0,0,0,0,0,0,0,0,1
HI-RBSE-708.txt,RB-1050,के,0,0,0,0,0,0,0,0,1
HI-RBSE-708.txt,RB-1051,इतिहास,0,0,0,0,0,0,0,0,1
HI-RBSE-708.txt,RB-1052,में,1,1,1,1,1,1,6,1,0
HI-RBSE-708.txt,RB-1053,आजादी,0,0,0,0,0,0,0,0,1
HI-RBSE-708.txt,RB-1054,के,0,0,0,0,0,0,0,0,1
HI-RBSE-708.txt,RB-1055,लिए,1,1,0,1,1,1,5,1,0
HI-RBSE-708.txt,RB-1056,अपने,0,0,0,0,0,0,0,0,1
HI-RBSE-708.txt,RB-1057,प्राणों,0,0,0,0,0,0,0,0,1
HI-RBSE-708.txt,RB-1058,की,0,0,0,1,0,0,1,0,0
HI-RBSE-708.txt,RB-1059,बलि,0,1,0,0,0,0,1,0,0
HI-RBSE-708.txt,RB-1060,देने,0,0,0,0,0,0,0,0,1
HI-RBSE-708.txt,RB-1061,वाले,0,0,0,0,0,1,1,0,0
HI-RBSE-708.txt,RB-1062,वीरों,0,0,1,0,0,0,1,0,0
HI-RBSE-708.txt,RB-1063,के,0,0,0,1,0,0,1,0,0
HI-RBSE-708.txt,RB-1064,उदाहरण,0,0,0,0,0,0,0,0,1
HI-RBSE-708.txt,RB-1065,हैं,1,1,1,1,1,1,6,1,0
HI-RBSE-708.txt,RB-1066,सन,0,0,0,0,0,0,0,0,1
HI-RBSE-708.txt,RB-1067,उन्नीस,0,0,0,0,0,0,0,0,1
HI-RBSE-708.txt,RB-1068,सौ,0,0,0,0,0,0,0,0,1
HI-RBSE-708.txt,RB-1069,सैंतालीस,0,0,0,0,0,0,0,0,1
HI-RBSE-708.txt,RB-1070,के,0,0,0,0,0,0,0,0,1
HI-RBSE-708.txt,RB-1071,पूर्व,1,1,1,1,1,1,6,1,0
HI-RBSE-708.txt,RB-1072,भारत,0,0,0,0,0,0,0,0,1
HI-RBSE-708.txt,RB-1073,परतंत्र,0,0,0,0,0,0,0,0,1
HI-RBSE-708.txt,RB-1074,था,1,1,1,1,1,1,6,1,0
HI-RBSE-708.txt,RB-1075,तब,0,0,0,0,0,0,0,0,1
HI-RBSE-708.txt,RB-1076,अंग्रेजों,0,0,0,0,0,0,0,0,1
HI-RBSE-708.txt,RB-1077,से,0,1,0,1,1,1,4,1,0
HI-RBSE-708.txt,RB-1078,स्वतंत्रता,0,0,0,0,0,0,0,0,1
HI-RBSE-708.txt,RB-1079,प्राप्त,0,0,0,0,0,0,0,0,1
HI-RBSE-708.txt,RB-1080,करने,0,0,0,0,0,0,0,0,1
HI-RBSE-708.txt,RB-1081,के,0,0,0,0,0,0,0,0,1
HI-RBSE-708.txt,RB-1082,प्रयत्न,1,1,1,1,1,1,6,1,0
HI-RBSE-708.txt,RB-1083,बराबर,0,0,0,0,0,0,0,0,1
HI-RBSE-708.txt,RB-1084,होते,0,0,0,0,0,0,0,0,1
HI-RBSE-708.txt,RB-1085,रहते,0,0,0,0,0,0,0,0,1
HI-RBSE-708.txt,RB-1086,थे,1,1,1,1,1,1,6,1,0
HI-RBSE-708.txt,RB-1087,सन,0,0,0,0,0,0,0,0,1
HI-RBSE-708.txt,RB-1088,अठारह,0,0,0,0,0,0,0,0,1
HI-RBSE-708.txt,RB-1089,सौ,0,0,0,0,0,0,0,0,1
HI-RBSE-708.txt,RB-1090,सत्तावन,0,0,0,0,0,0,0,0,1
HI-RBSE-708.txt,RB-1091,में,1,1,1,1,1,1,6,1,0
HI-RBSE-708.txt,RB-1092,ऐसा,0,0,0,0,0,0,0,0,1
HI-RBSE-708.txt,RB-1093,ही,0,0,0,0,0,0,0,0,1
HI-RBSE-708.txt,RB-1094,सामूहिक,0,0,0,0,0,0,0,0,1
HI-RBSE-708.txt,RB-1095,संघर्ष,1,1,1,1,1,1,6,1,0
HI-RBSE-708.txt,RB-1096,भारतीय,0,0,0,0,0,0,0,0,1
HI-RBSE-708.txt,RB-1097,लोगों,0,0,0,0,0,0,0,0,1
HI-RBSE-708.txt,RB-1098,ने,0,0,0,0,0,0,0,0,1
HI-RBSE-708.txt,RB-1099,किया,0,0,0,0,0,0,0,0,1
HI-RBSE-708.txt,RB-1100,था,1,1,1,1,1,1,6,1,0
HI-RBSE-708.txt,RB-1101,उसके,0,0,0,0,0,0,0,0,1
HI-RBSE-708.txt,RB-1102,बाद,0,0,0,0,0,0,0,0,1
HI-RBSE-708.txt,RB-1103,भी,0,1,0,1,0,1,3,0,0
HI-RBSE-708.txt,RB-1104,यह,0,0,0,0,0,0,0,0,1
HI-RBSE-708.txt,RB-1105,संघर्ष,1,1,1,1,1,0,5,1,0
HI-RBSE-708.txt,RB-1106,निरंतर,0,0,0,0,0,0,0,0,1
HI-RBSE-708.txt,RB-1107,चलता,0,0,0,0,0,0,0,0,1
HI-RBSE-708.txt,RB-1108,रहा,1,1,1,1,1,1,6,1,0
HI-RBSE-708.txt,RB-1109,जनता,0,0,0,0,0,0,0,0,1
HI-RBSE-708.txt,RB-1110,में,0,0,1,0,0,1,2,0,0
HI-RBSE-708.txt,RB-1111,आजादी,0,0,0,0,0,0,0,0,1
HI-RBSE-708.txt,RB-1112,की,0,0,0,0,0,0,0,0,1
HI-RBSE-708.txt,RB-1113,चिंगारी,0,1,0,0,0,1,2,0,0
HI-RBSE-708.txt,RB-1114,सुलगाने,0,0,0,0,0,0,0,0,1
HI-RBSE-708.txt,RB-1115,का,0,0,0,0,0,0,0,0,1
HI-RBSE-708.txt,RB-1116,काम,1,1,1,1,1,1,6,1,0
HI-RBSE-708.txt,RB-1117,प्रायः,0,0,0,1,0,0,1,0,0
HI-RBSE-708.txt,RB-1118,क्रांतिकारी,0,1,0,0,0,0,1,0,0
HI-RBSE-708.txt,RB-1119,किया,0,0,0,0,0,0,0,0,1
HI-RBSE-708.txt,RB-1120,करते,0,0,0,0,0,0,0,0,1
HI-RBSE-708.txt,RB-1121,थे,1,1,1,1,1,1,6,1,0
HI-RBSE-708.txt,RB-1122,अंग्रेजों,0,0,0,0,0,0,0,0,1
HI-RBSE-708.txt,RB-1123,को,1,1,0,0,0,0,2,0,0
HI-RBSE-708.txt,RB-1124,भारत,0,0,0,0,0,0,0,0,1
HI-RBSE-708.txt,RB-1125,से,0,0,1,1,1,1,4,1,0
HI-RBSE-708.txt,RB-1126,किसी,0,0,0,0,0,0,0,0,1
HI-RBSE-708.txt,RB-1127,भी,0,0,0,0,0,0,0,0,1
HI-RBSE-708.txt,RB-1128,प्रकार,0,1,0,1,0,0,2,0,0
HI-RBSE-708.txt,RB-1129,निकाल,0,0,0,0,0,0,0,0,1
HI-RBSE-708.txt,RB-1130,बाहर,0,0,0,0,0,0,0,0,1
HI-RBSE-708.txt,RB-1131,करने,0,0,0,0,0,0,0,0,1
HI-RBSE-708.txt,RB-1132,के,0,0,0,0,0,0,0,0,1
HI-RBSE-708.txt,RB-1133,लिए,1,1,1,1,1,1,6,1,0
HI-RBSE-708.txt,RB-1134,वे,0,0,0,0,0,0,0,0,1
HI-RBSE-708.txt,RB-1135,कटिबद्ध,0,0,0,0,0,0,0,0,1
HI-RBSE-708.txt,RB-1136,थे,1,1,1,1,1,1,6,1,0
HI-RBSE-708.txt,RB-1137,ऐसे,0,0,0,0,0,0,0,0,1
HI-RBSE-708.txt,RB-1138,क्रांतिकारियों,0,0,0,0,0,0,0,0,1
HI-RBSE-708.txt,RB-1139,को,1,1,1,1,0,1,5,1,0
HI-RBSE-708.txt,RB-1140,जब,0,0,0,0,0,0,0,0,1
HI-RBSE-708.txt,RB-1141,भी,0,0,0,0,0,0,0,0,1
HI-RBSE-708.txt,RB-1142,अंग्रेजी,0,0,0,0,0,0,0,0,1
HI-RBSE-708.txt,RB-1143,सरकार,0,1,0,0,0,0,1,0,0
HI-RBSE-708.txt,RB-1144,पकड़,0,0,0,0,0,0,0,0,1
HI-RBSE-708.txt,RB-1145,पाती,1,1,1,1,1,1,6,1,0
HI-RBSE-708.txt,RB-1146,उन्हें,0,0,0,0,0,0,0,0,1
HI-RBSE-708.txt,RB-1147,फाँसी,0,1,0,1,1,1,4,1,0
HI-RBSE-708.txt,RB-1148,या,0,0,0,0,0,0,0,0,1
HI-RBSE-708.txt,RB-1149,कालेपानी,0,0,0,0,0,0,0,0,1
HI-RBSE-708.txt,RB-1150,की,0,0,0,0,0,0,0,0,1
HI-RBSE-708.txt,RB-1151,सजा,0,0,0,0,0,0,0,0,1
HI-RBSE-708.txt,RB-1152,देती,1,1,1,1,1,1,6,1,0
HI-RBSE-708.txt,RB-1153,भारत,0,0,0,0,0,0,0,0,1
HI-RBSE-708.txt,RB-1154,माँ,0,0,0,0,0,0,0,0,1
HI-RBSE-708.txt,RB-1155,की,0,0,0,0,0,0,0,0,1
HI-RBSE-708.txt,RB-1156,आजादी,0,0,0,0,0,0,0,0,1
HI-RBSE-708.txt,RB-1157,के,0,0,0,0,0,0,0,0,1
HI-RBSE-708.txt,RB-1158,लिए,1,1,1,1,1,1,6,1,0
HI-RBSE-708.txt,RB-1159,अपने,0,0,0,0,0,0,0,0,1
HI-RBSE-708.txt,RB-1160,प्राणों,0,0,0,0,0,0,0,0,1
HI-RBSE-708.txt,RB-1161,की,0,0,0,0,0,0,0,0,1
HI-RBSE-708.txt,RB-1162,आहुति,0,0,0,0,0,0,0,0,1
HI-RBSE-708.txt,RB-1163,देने,0,0,0,0,0,0,0,0,1
HI-RBSE-708.txt,RB-1164,वाले,0,1,0,1,0,1,3,0,0
HI-RBSE-708.txt,RB-1165,ऐसे,0,0,0,0,0,0,0,0,1
HI-RBSE-708.txt,RB-1166,क्रांतिकारियों,0,0,0,0,0,0,0,0,1
HI-RBSE-708.txt,RB-1167,में,1,1,1,1,1,1,6,1,0
HI-RBSE-708.txt,RB-1168,चंद्रशेखर,0,0,0,0,0,0,0,0,1
HI-RBSE-708.txt,RB-1169,आजाद,0,0,0,0,0,0,0,0,1
HI-RBSE-708.txt,RB-1170,का,0,0,0,0,0,0,0,0,1
HI-RBSE-708.txt,RB-1171,नाम,1,1,0,1,0,0,3,0,0
HI-RBSE-708.txt,RB-1172,अग्रगण्य,0,0,0,0,0,0,0,0,1
HI-RBSE-708.txt,RB-1173,है,1,1,1,1,1,1,6,1,0
HI-RBSE-708.txt,RB-1174,बचपन,0,0,0,0,0,0,0,0,1
HI-RBSE-708.txt,RB-1175,से,0,0,0,0,0,0,0,0,1
HI-RBSE-708.txt,RB-1176,ही,1,1,0,0,0,1,3,0,0
HI-RBSE-708.txt,RB-1177,वे,0,0,0,0,0,0,0,0,1
HI-RBSE-708.txt,RB-1178,बहुत,0,0,0,0,0,0,0,0,1
HI-RBSE-708.txt,RB-1179,साहसी,0,0,0,0,0,0,0,0,1
HI-RBSE-708.txt,RB-1180,थे,1,1,1,1,1,1,6,1,0
HI-RBSE-710.txt,RB-1001,कार्निवाल,0,0,0,0,0,0,0,0,1
HI-RBSE-710.txt,RB-1002,के,0,0,0,0,0,0,0,0,1
HI-RBSE-710.txt,RB-1003,मैदान,0,0,0,0,0,0,0,0,1
HI-RBSE-710.txt,RB-1004,में,1,1,0,1,1,1,5,1,0
HI-RBSE-710.txt,RB-1005,बिजली,0,0,0,0,0,0,0,0,1
HI-RBSE-710.txt,RB-1006,जगमगा,0,0,0,0,0,0,0,0,1
HI-RBSE-710.txt,RB-1007,रही,0,0,0,0,0,0,0,0,1
HI-RBSE-710.txt,RB-1008,थी,1,1,1,1,1,1,6,1,0
HI-RBSE-710.txt,RB-1009,हँसी,0,0,0,0,0,0,0,0,1
HI-RBSE-710.txt,RB-1010,और,0,0,0,0,0,0,0,0,1
HI-RBSE-710.txt,RB-1011,विनोद,0,1,0,0,0,0,1,0,0
HI-RBSE-710.txt,RB-1012,का,0,0,0,0,0,1,1,0,0
HI-RBSE-710.txt,RB-1013,कलनाद,0,0,0,1,1,0,2,0,0
HI-RBSE-710.txt,RB-1014,गूँज,0,0,0,0,0,0,0,0,1
HI-RBSE-710.txt,RB-1015,रहा,0,0,0,0,0,0,0,0,1
HI-RBSE-710.txt,RB-1016,था,1,1,1,1,1,1,6,1,0
HI-RBSE-710.txt,RB-1017,मैं,0,0,0,0,0,0,0,0,1
HI-RBSE-710.txt,RB-1018,उस,0,0,0,0,0,0,0,0,1
HI-RBSE-710.txt,RB-1019,छोटे,0,0,0,0,0,0,0,0,1
HI-RBSE-710.txt,RB-1020,फुहारे,0,0,0,0,0,0,0,0,1
HI-RBSE-710.txt,RB-1021,के,0,0,0,0,0,0,0,0,1
HI-RBSE-710.txt,RB-1022,पास,0,1,0,0,0,0,1,0,0
HI-RBSE-710.txt,RB-1023,खड़ा,0,0,0,0,0,0,0,0,1
HI-RBSE-710.txt,RB-1024,था,1,1,1,1,1,1,6,1,0
HI-RBSE-710.txt,RB-1025,जहाँ,0,0,0,0,0,0,0,0,1
HI-RBSE-710.txt,RB-1026,एक,0,0,0,0,0,0,0,0,1
HI-RBSE-710.txt,RB-1027,लड़का,1,0,0,1,1,1,4,1,0
HI-RBSE-710.txt,RB-1028,चुपचाप,0,1,0,1,0,0,2,0,0
HI-RBSE-710.txt,RB-1029,शरबत,0,0,0,0,0,0,0,0,1
HI-RBSE-710.txt,RB-1030,पीने,0,0,0,0,0,0,0,0,1
HI-RBSE-710.txt,RB-1031,वालों,0,0,0,0,0,0,0,0,1
HI-RBSE-710.txt,RB-1032,को,0,1,0,0,0,1,2,0,0
HI-RBSE-710.txt,RB-1033,देख,0,0,0,0,0,0,0,0,1
HI-RBSE-710.txt,RB-1034,रहा,0,0,0,0,0,0,0,0,1
HI-RBSE-710.txt,RB-1035,था,1,1,1,1,1,1,6,1,0
HI-RBSE-710.txt,RB-1036,उसके,0,0,0,0,0,0,0,0,1
HI-RBSE-710.txt,RB-1037,गले,0,0,0,0,0,0,0,0,1
HI-RBSE-710.txt,RB-1038,में,1,1,1,1,0,1,5,1,0
HI-RBSE-710.txt,RB-1039,फटे,0,0,0,0,0,0,0,0,1
HI-RBSE-710.txt,RB-1040,कुर्ते,0,0,0,0,0,0,0,0,1
HI-RBSE-710.txt,RB-1041,के,0,0,0,0,0,0,0,0,1
HI-RBSE-710.txt,RB-1042,ऊपर,0,0,0,0,0,0,0,0,1
HI-RBSE-710.txt,RB-1043,से,1,1,1,1,1,1,6,1,0
HI-RBSE-710.txt,RB-1044,एक,0,0,0,0,0,0,0,0,1
HI-RBSE-710.txt,RB-1045,मोटी-सी,0,0,0,0,0,0,0,0,1
HI-RBSE-710.txt,RB-1046,सूत,0,0,0,0,0,0,0,0,1
HI-RBSE-710.txt,RB-1047,की,0,0,0,0,0,0,0,0,1
HI-RBSE-710.txt,RB-1048,रस्सी,0,0,0,0,0,0,0,0,1
HI-RBSE-710.txt,RB-1049,पड़ी,0,0,0,0,0,0,0,0,1
HI-RBSE-710.txt,RB-1050,थी,1,1,1,1,1,1,6,1,0
HI-RBSE-710.txt,RB-1051,और,0,0,0,0,0,0,0,0,1
HI-RBSE-710.txt,RB-1052,जेब,0,0,0,0,0,0,0,0,1
HI-RBSE-710.txt,RB-1053,में,0,0,0,1,0,0,1,0,0
HI-RBSE-710.txt,RB-1054,कुछ,0,0,0,0,0,1,1,0,0
HI-RBSE-710.txt,RB-1055,ताश,0,0,0,0,0,0,0,0,1
HI-RBSE-710.txt,RB-1056,के,0,0,0,0,0,0,0,0,1
HI-RBSE-710.txt,RB-1057,पत्ते,0,0,0,0,0,0,0,0,1
HI-RBSE-710.txt,RB-1058,थे,1,1,1,1,1,1,6,1,0
HI-RBSE-710.txt,RB-1059,उसके,0,0,0,0,0,0,0,0,1
HI-RBSE-710.txt,RB-1060,मुँह,0,0,0,0,0,0,0,0,1
HI-RBSE-710.txt,RB-1061,पर,0,1,0,1,0,1,3,0,0
HI-RBSE-710.txt,RB-1062,गंभीर,0,0,0,0,0,0,0,0,1
HI-RBSE-710.txt,RB-1063,विषाद,0,0,0,0,0,0,0,0,1
HI-RBSE-710.txt,RB-1064,के,0,0,0,0,0,0,0,0,1
HI-RBSE-710.txt,RB-1065,साथ,1,1,1,1,1,1,6,1,0
HI-RBSE-710.txt,RB-1066,धैर्य,0,0,0,0,0,0,0,0,1
HI-RBSE-710.txt,RB-1067,की,0,0,0,0,0,0,0,0,1
HI-RBSE-710.txt,RB-1068,रेखा,0,0,0,0,0,0,0,0,1
HI-RBSE-710.txt,RB-1069,थी,1,1,1,1,1,1,6,1,0
HI-RBSE-710.txt,RB-1070,मैं,0,0,0,0,0,0,0,0,1
HI-RBSE-710.txt,RB-1071,उसकी,0,0,0,0,0,0,0,0,1
HI-RBSE-710.txt,RB-1072,ओर,0,1,0,0,0,1,2,0,0
HI-RBSE-710.txt,RB-1073,न,0,0,0,0,0,0,0,0,1
HI-RBSE-710.txt,RB-1074,जाने,0,0,0,0,0,0,0,0,1
HI-RBSE-710.txt,RB-1075,क्यों,0,0,0,1,0,1,2,0,0
HI-RBSE-710.txt,RB-1076,आकृष्ट,0,0,0,0,0,0,0,0,1
HI-RBSE-710.txt,RB-1077,हुआ,1,1,1,1,1,1,6,1,0
HI-RBSE-710.txt,RB-1078,उसके,0,0,0,0,0,0,0,0,1
HI-RBSE-710.txt,RB-1079,अभाव,0,0,0,0,0,0,0,0,1
HI-RBSE-710.txt,RB-1080,में,0,0,0,0,0,0,0,0,1
HI-RBSE-710.txt,RB-1081,भी,0,1,0,1,0,1,3,0,0
HI-RBSE-710.txt,RB-1082,संपूर्णता,0,0,0,0,0,0,0,0,1
HI-RBSE-710.txt,RB-1083,थी,1,1,1,1,1,1,6,1,0
HI-RBSE-710.txt,RB-1084,मैंने,0,0,0,0,0,0,0,0,1
HI-RBSE-710.txt,RB-1085,उसे,0,0,0,0,0,0,0,0,1
HI-RBSE-710.txt,RB-1086,पूछा,1,0,0,1,0,1,3,0,0
HI-RBSE-710.txt,RB-1087,कि,0,1,0,0,1,0,2,0,0
HI-RBSE-710.txt,RB-1088,उसने,0,0,0,0,0,0,0,0,1
HI-RBSE-710.txt,RB-1089,इसमें,0,0,0,0,0,0,0,0,1
HI-RBSE-710.txt,RB-1090,क्या,0,0,0,0,0,0,0,0,1
HI-RBSE-710.txt,RB-1091,देखा,1,1,1,1,1,1,6,1,0
HI-RBSE-710.txt,RB-1092,मैंने,0,0,0,0,0,0,0,0,1
HI-RBSE-710.txt,RB-1093,सब,0,0,0,0,0,0,0,0,1
HI-RBSE-710.txt,RB-1094,देखा,0,1,0,0,0,0,1,0,0
HI-RBSE-710.txt,RB-1095,है,1,0,1,1,1,1,5,1,0
HI-RBSE-710.txt,RB-1096,यहाँ,0,0,0,0,0,0,0,0,1
HI-RBSE-710.txt,RB-1097,चूड़ी,0,0,0,0,0,0,0,0,1
HI-RBSE-710.txt,RB-1098,फेंकते,0,0,0,0,0,0,0,0,1
HI-RBSE-710.txt,RB-1099,हैं,1,1,1,1,1,1,6,1,0
HI-RBSE-710.txt,RB-1100,खिलौनों,0,0,0,0,0,0,0,0,1
HI-RBSE-710.txt,RB-1101,पर,0,0,0,0,0,0,0,0,1
HI-RBSE-710.txt,RB-1102,निशाना,0,0,0,0,0,0,0,0,1
HI-RBSE-710.txt,RB-1103,लगाते,0,0,0,0,0,0,0,0,1
HI-RBSE-710.txt,RB-1104,हैं,1,1,1,1,1,1,6,1,0
HI-RBSE-710.txt,RB-1105,तीर,0,0,0,0,0,0,0,0,1
HI-RBSE-710.txt,RB-1106,से,0,0,0,0,0,0,0,0,1
HI-RBSE-710.txt,RB-1107,नंबर,0,0,0,0,0,0,0,0,1
HI-RBSE-710.txt,RB-1108,छेदते,0,0,0,0,0,0,0,0,1
HI-RBSE-710.txt,RB-1109,हैं,1,1,1,1,1,1,6,1,0
HI-RBSE-710.txt,RB-1110,मुझे,0,0,0,0,0,0,0,0,1
HI-RBSE-710.txt,RB-1111,तो,0,0,0,0,0,0,0,0,1
HI-RBSE-710.txt,RB-1112,खिलौनों,0,0,0,0,0,0,0,0,1
HI-RBSE-710.txt,RB-1113,पर,0,1,0,0,0,1,2,0,0
HI-RBSE-710.txt,RB-1114,निशाना,0,0,0,0,0,0,0,0,1
HI-RBSE-710.txt,RB-1115,लगाना,0,0,0,1,1,1,3,0,0
HI-RBSE-710.txt,RB-1116,अच्छा,0,0,0,0,0,0,0,0,1
HI-RBSE-710.txt,RB-1117,मालूम,0,0,0,0,0,0,0,0,1
HI-RBSE-710.txt,RB-1118,हुआ,1,1,1,1,0,1,5,1,0
HI-RBSE-710.txt,RB-1119,जादूगर,0,0,0,0,0,0,0,0,1
HI-RBSE-710.txt,RB-1120,तो,0,1,0,0,0,1,2,0,0
HI-RBSE-710.txt,RB-1121,बिलकुल,0,0,0,0,0,0,0,0,1
HI-RBSE-710.txt,RB-1122,निकम्मा,0,0,0,0,0,0,0,0,1
HI-RBSE-710.txt,RB-1123,है,1,1,1,1,1,1,6,1,0
HI-RBSE-710.txt,RB-1124,उससे,0,0,0,0,0,0,0,0,1
HI-RBSE-710.txt,RB-1125,अच्छा,0,0,0,0,0,0,0,0,1
HI-RBSE-710.txt,RB-1126,तो,0,1,0,1,0,1,3,0,0
HI-RBSE-710.txt,RB-1127,ताश,0,0,0,0,0,0,0,0,1
HI-RBSE-710.txt,RB-1128,का,0,0,0,0,0,0,0,0,1
HI-RBSE-710.txt,RB-1129,खेल,1,0,0,1,1,1,4,1,0
HI-RBSE-710.txt,RB-1130,मैं,0,0,0,0,0,0,0,0,1
HI-RBSE-710.txt,RB-1131,ही,0,0,0,0,0,0,0,0,1
HI-RBSE-710.txt,RB-1132,दिखा,0,0,0,0,0,0,0,0,1
HI-RBSE-710.txt,RB-1133,सकता,0,0,0,0,0,0,0,0,1
HI-RBSE-710.txt,RB-1134,हूँ,1,1,1,1,1,1,6,1,0
HI-RBSE-710.txt,RB-1135,उसने,0,0,0,0,0,0,0,0,1
HI-RBSE-710.txt,RB-1136,बड़े,0,0,0,0,0,0,0,0,1
HI-RBSE-710.txt,RB-1137,विश्वास,0,0,0,0,0,0,0,0,1
HI-RBSE-710.txt,RB-1138,में,0,0,0,0,0,0,0,0,1
HI-RBSE-710.txt,RB-1139,कहा,1,1,1,1,1,1,6,1,0
HI-RBSE-710.txt,RB-1140,उसकी,0,0,0,0,0,0,0,0,1
HI-RBSE-710.txt,RB-1141,वाणी,0,0,0,0,0,0,0,0,1
HI-RBSE-710.txt,RB-1142,में,0,0,0,1,0,1,2,0,0
HI-RBSE-710.txt,RB-1143,कहीं,0,0,0,0,0,0,0,0,1
HI-RBSE-710.txt,RB-1144,भी,0,1,0,0,0,0,1,0,0
HI-RBSE-710.txt,RB-1145,बनावट,0,0,0,0,0,0,0,0,1
HI-RBSE-710.txt,RB-1146,नहीं,0,0,0,0,0,0,0,0,1
HI-RBSE-710.txt,RB-1147,थी,1,1,1,1,1,1,6,1,0
HI-RBSE-710.txt,RB-1148,मैंने,0,0,0,0,0,0,0,0,1
HI-RBSE-710.txt,RB-1149,उससे,0,0,0,0,0,0,0,0,1
HI-RBSE-710.txt,RB-1150,पूछा,1,0,0,1,0,1,3,0,0
HI-RBSE-710.txt,RB-1151,कि,0,1,1,0,1,0,3,0,0
HI-RBSE-710.txt,RB-1152,उस,0,0,0,0,0,0,0,0,1
HI-RBSE-710.txt,RB-1153,पर्दे,0,0,0,0,0,0,0,0,1
HI-RBSE-710.txt,RB-1154,के,0,0,0,0,0,0,0,0,1
HI-RBSE-710.txt,RB-1155,पीछे,0,0,0,1,0,1,2,0,0
HI-RBSE-710.txt,RB-1156,क्या,0,0,0,0,0,0,0,0,1
HI-RBSE-710.txt,RB-1157,है,1,1,1,1,1,1,6,1,0
HI-RBSE-710.txt,RB-1158,पर,0,0,0,0,0,0,0,0,1
HI-RBSE-710.txt,RB-1159,उसे,0,0,0,0,0,0,0,0,1
HI-RBSE-710.txt,RB-1160,पता,0,0,0,0,0,0,0,0,1
HI-RBSE-710.txt,RB-1161,नहीं,0,0,0,0,0,0,0,0,1
HI-RBSE-710.txt,RB-1162,था,1,1,0,1,1,1,5,1,0
HI-RBSE-710.txt,RB-1163,क्योंकि,0,0,0,0,0,0,0,0,1
HI-RBSE-710.txt,RB-1164,वहाँ,0,0,0,0,0,0,0,0,1
HI-RBSE-710.txt,RB-1165,जाने,0,0,0,0,0,0,0,0,1
HI-RBSE-710.txt,RB-1166,के,0,0,0,0,0,0,0,0,1
HI-RBSE-710.txt,RB-1167,लिए,0,1,0,1,1,1,4,1,0
HI-RBSE-710.txt,RB-1168,टिकट,0,0,0,0,0,0,0,0,1
HI-RBSE-710.txt,RB-1169,लगता,0,0,0,0,0,0,0,0,1
HI-RBSE-710.txt,RB-1170,है,1,1,1,1,1,1,6,1,0
HI-RBSE-710.txt,RB-1171,मैंने,0,0,0,0,1,0,1,0,0
HI-RBSE-710.txt,RB-1172,उसे,0,0,0,1,0,1,2,0,0
HI-RBSE-710.txt,RB-1173,वहाँ,0,0,0,0,0,0,0,0,1
HI-RBSE-710.txt,RB-1174,ले,0,0,0,0,0,0,0,0,1
HI-RBSE-710.txt,RB-1175,जाने,0,0,0,0,0,0,0,0,1
HI-RBSE-710.txt,RB-1176,के,0,0,0,0,0,0,0,0,1
HI-RBSE-710.txt,RB-1177,लिए,0,0,0,0,0,0,0,0,1
HI-RBSE-710.txt,RB-1178,बुलाया,1,1,1,1,1,1,6,1,0
HI-RBSE-7122.txt,RB-1001,आप,0,0,0,0,0,0,0,0,1
HI-RBSE-7122.txt,RB-1002,पाठ्यपुस्तकें,0,0,0,0,0,0,0,0,1
HI-RBSE-7122.txt,RB-1003,पढ़ते,0,0,0,0,0,0,0,0,1
HI-RBSE-7122.txt,RB-1004,हैं,1,1,1,1,1,1,6,1,0
HI-RBSE-7122.txt,RB-1005,इनके,0,0,0,0,0,0,0,0,1
HI-RBSE-7122.txt,RB-1006,अलावा,0,0,0,0,0,0,0,0,1
HI-RBSE-7122.txt,RB-1007,भी,0,1,0,1,1,1,4,1,0
HI-RBSE-7122.txt,RB-1008,कई,0,0,0,0,0,0,0,0,1
HI-RBSE-7122.txt,RB-1009,अन्य,0,0,0,0,0,0,0,0,1
HI-RBSE-7122.txt,RB-1010,माध्यम,0,0,0,0,0,0,0,0,1
HI-RBSE-7122.txt,RB-1011,हैं,1,1,1,1,1,1,6,1,0
HI-RBSE-7122.txt,RB-1012,जो,0,0,0,0,0,0,0,0,1
HI-RBSE-7122.txt,RB-1013,हमें,0,0,0,0,0,0,0,0,1
HI-RBSE-7122.txt,RB-1014,नई,0,0,0,0,0,0,0,0,1
HI-RBSE-7122.txt,RB-1015,जानकारियाँ,0,0,0,0,0,0,0,0,1
HI-RBSE-7122.txt,RB-1016,देते,0,0,0,0,0,0,0,0,1
HI-RBSE-7122.txt,RB-1017,हैं,1,1,1,1,1,1,6,1,0
HI-RBSE-7122.txt,RB-1018,हमारा,0,0,0,0,0,0,0,0,1
HI-RBSE-7122.txt,RB-1019,मनोरंजन,0,0,0,0,0,0,0,0,1
HI-RBSE-7122.txt,RB-1020,करते,0,0,0,0,0,0,0,0,1
HI-RBSE-7122.txt,RB-1021,हैं,1,1,1,1,1,1,6,1,0
HI-RBSE-7122.txt,RB-1022,बाल,0,0,0,0,0,0,0,0,1
HI-RBSE-7122.txt,RB-1023,पत्रिकाएँ,0,1,0,1,1,1,4,1,0
HI-RBSE-7122.txt,RB-1024,इनमें,0,0,0,0,0,0,0,0,1
HI-RBSE-7122.txt,RB-1025,सबसे,0,0,0,0,0,0,0,0,1
HI-RBSE-7122.txt,RB-1026,प्रमुख,0,0,0,0,0,0,0,0,1
HI-RBSE-7122.txt,RB-1027,हैं,1,1,1,1,1,1,6,1,0
HI-RBSE-7122.txt,RB-1028,बालहंस,1,1,1,1,1,1,6,1,0
HI-RBSE-7122.txt,RB-1029,देवपुत्र,1,1,1,1,1,1,6,1,0
HI-RBSE-7122.txt,RB-1030,नंदन,1,1,1,1,1,1,6,1,0
HI-RBSE-7122.txt,RB-1031,चंपक,1,1,1,1,1,1,6,1,0
HI-RBSE-7122.txt,RB-1032,सुमन,0,0,0,0,0,0,0,0,1
HI-RBSE-7122.txt,RB-1033,सौरभ,1,1,1,1,1,1,6,1,0
HI-RBSE-7122.txt,RB-1034,बालवाटिका,1,1,1,1,1,1,6,1,0
HI-RBSE-7122.txt,RB-1035,टाबर-टोली,1,1,1,1,1,1,6,1,0
HI-RBSE-7122.txt,RB-1036,चंदामामा,1,1,1,1,1,1,6,1,0
HI-RBSE-7122.txt,RB-1037,लोटपोट,1,1,1,1,1,1,6,1,0
HI-RBSE-7122.txt,RB-1038,पराग,1,1,1,1,1,1,6,1,0
HI-RBSE-7122.txt,RB-1039,बच्चों,0,0,0,0,0,0,0,0,1
HI-RBSE-7122.txt,RB-1040,का,0,0,0,0,0,0,0,0,1
HI-RBSE-7122.txt,RB-1041,देश,1,1,1,0,0,1,4,1,0
HI-RBSE-7122.txt,RB-1042,आदि,0,0,1,1,1,0,3,0,0
HI-RBSE-7122.txt,RB-1043,ऐसी,0,0,0,0,0,0,0,0,1
HI-RBSE-7122.txt,RB-1044,बाल,0,0,0,0,0,0,0,0,1
HI-RBSE-7122.txt,RB-1045,पत्रिकाएँ,0,0,0,0,0,0,0,0,1
HI-RBSE-7122.txt,RB-1046,हैं,1,1,1,1,1,1,6,1,0
HI-RBSE-7122.txt,RB-1047,किताबें,1,1,1,1,1,1,6,1,0
HI-RBSE-7122.txt,RB-1048,पत्रिकाएँ,1,0,1,0,1,0,3,0,0
HI-RBSE-7122.txt,RB-1049,पुस्तकालय,0,0,0,0,0,0,0,0,1
HI-RBSE-7122.txt,RB-1050,में,0,1,0,0,0,1,2,0,0
HI-RBSE-7122.txt,RB-1051,उपलब्ध,0,0,0,0,0,0,0,0,1
HI-RBSE-7122.txt,RB-1052,रहती,0,0,0,0,0,0,0,0,1
HI-RBSE-7122.txt,RB-1053,हैं,1,1,1,1,1,1,6,1,0
HI-RBSE-7122.txt,RB-1054,ये,0,0,0,0,0,0,0,0,1
HI-RBSE-7122.txt,RB-1055,किताबों,0,0,0,0,0,0,0,0,1
HI-RBSE-7122.txt,RB-1056,की,0,0,0,0,0,0,0,0,1
HI-RBSE-7122.txt,RB-1057,दुकानों,0,0,0,0,0,0,0,0,1
HI-RBSE-7122.txt,RB-1058,पर,0,1,0,0,0,1,2,0,0
HI-RBSE-7122.txt,RB-1059,भी,0,0,0,0,0,0,0,0,1
HI-RBSE-7122.txt,RB-1060,मिलती,0,0,0,0,0,0,0,0,1
HI-RBSE-7122.txt,RB-1061,हैं,1,1,1,1,1,1,6,1,0
HI-RBSE-7122.txt,RB-1062,सदस्यता,0,0,0,0,0,0,0,0,1
HI-RBSE-7122.txt,RB-1063,लेने,0,0,0,0,0,0,0,0,1
HI-RBSE-7122.txt,RB-1064,पर,1,1,1,1,1,1,6,1,0
HI-RBSE-7122.txt,RB-1065,डाक,0,0,0,0,0,0,0,0,1
HI-RBSE-7122.txt,RB-1066,से,0,0,0,0,0,0,0,0,1
HI-RBSE-7122.txt,RB-1067,घर,0,0,0,0,0,0,0,0,1
HI-RBSE-7122.txt,RB-1068,पर,0,0,0,0,0,0,0,0,1
HI-RBSE-7122.txt,RB-1069,भी,0,1,0,0,0,1,2,0,0
HI-RBSE-7122.txt,RB-1070,आ,0,0,0,0,0,0,0,0,1
HI-RBSE-7122.txt,RB-1071,जाती,0,0,0,0,0,0,0,0,1
HI-RBSE-7122.txt,RB-1072,हैं,1,1,1,1,1,1,6,1,0
HI-RBSE-7122.txt,RB-1073,इन,0,0,0,0,0,0,0,0,1
HI-RBSE-7122.txt,RB-1074,पत्रिकाओं,0,0,0,0,0,0,0,0,1
HI-RBSE-7122.txt,RB-1075,में,0,1,0,0,1,1,3,0,0
HI-RBSE-7122.txt,RB-1076,रोचक,0,0,0,0,0,0,0,0,1
HI-RBSE-7122.txt,RB-1077,कहानियाँ,1,1,1,1,1,1,6,1,0
HI-RBSE-7122.txt,RB-1078,पहेलियाँ,1,1,1,1,1,1,6,1,0
HI-RBSE-7122.txt,RB-1079,चुटकुले,1,1,1,0,0,1,4,1,0
HI-RBSE-7122.txt,RB-1080,आदि,0,0,1,1,1,0,3,0,0
HI-RBSE-7122.txt,RB-1081,प्रकाशित,0,0,0,0,0,0,0,0,1
HI-RBSE-7122.txt,RB-1082,होते,0,0,0,0,0,0,0,0,1
HI-RBSE-7122.txt,RB-1083,हैं,1,1,1,1,1,1,6,1,0
HI-RBSE-7122.txt,RB-1084,इन,0,0,0,0,0,0,0,0,1
HI-RBSE-7122.txt,RB-1085,में,0,1,0,1,0,1,3,0,0
HI-RBSE-7122.txt,RB-1086,अधूरी,0,0,0,0,0,0,0,0,1
HI-RBSE-7122.txt,RB-1087,कहानी,0,0,0,0,0,0,0,0,1
HI-RBSE-7122.txt,RB-1088,पूरी,0,0,0,0,0,0,0,0,1
HI-RBSE-7122.txt,RB-1089,करो,1,1,1,1,1,1,6,1,0
HI-RBSE-7122.txt,RB-1090,वर्ग,0,0,0,0,0,0,0,0,1
HI-RBSE-7122.txt,RB-1091,पहेली,1,1,1,1,1,1,6,1,0
HI-RBSE-7122.txt,RB-1092,रंग,0,0,0,0,0,0,0,0,1
HI-RBSE-7122.txt,RB-1093,भरो,1,1,1,1,1,1,6,1,0
HI-RBSE-7122.txt,RB-1094,चित्र,0,0,0,0,0,0,0,0,1
HI-RBSE-7122.txt,RB-1095,पहचानो,1,1,1,1,1,1,6,1,0
HI-RBSE-7122.txt,RB-1096,सामान्य,0,0,0,0,0,0,0,0,1
HI-RBSE-7122.txt,RB-1097,ज्ञान,0,0,0,0,0,0,0,0,1
HI-RBSE-7122.txt,RB-1098,प्रश्नावली,1,1,1,0,0,1,4,1,0
HI-RBSE-7122.txt,RB-1099,आदि,0,0,1,1,1,0,3,0,0
HI-RBSE-7122.txt,RB-1100,प्रतियोगिताएँ,0,0,0,0,0,0,0,0,1
HI-RBSE-7122.txt,RB-1101,दी,0,0,0,0,0,0,0,0,1
HI-RBSE-7122.txt,RB-1102,जाती,0,0,0,0,0,0,0,0,1
HI-RBSE-7122.txt,RB-1103,हैं,1,1,1,1,1,1,6,1,0
HI-RBSE-7122.txt,RB-1104,आप,0,0,0,0,0,0,0,0,1
HI-RBSE-7122.txt,RB-1105,भी,1,0,0,0,0,0,1,0,0
HI-RBSE-7122.txt,RB-1106,इनमें,0,0,0,0,0,0,0,0,1
HI-RBSE-7122.txt,RB-1107,हिस्सा,0,0,0,0,0,0,0,0,1
HI-RBSE-7122.txt,RB-1108,लेकर,1,1,1,1,1,1,6,1,0
HI-RBSE-7122.txt,RB-1109,पुरस्कार,0,0,0,0,0,0,0,0,1
HI-RBSE-7122.txt,RB-1110,जीत,0,0,0,0,0,0,0,0,1
HI-RBSE-7122.txt,RB-1111,सकते,0,0,0,0,0,0,0,0,1
HI-RBSE-7122.txt,RB-1112,हैं,1,1,1,1,1,1,6,1,0
HI-RBSE-7122.txt,RB-1113,अपनी,0,0,0,0,0,0,0,0,1
HI-RBSE-7122.txt,RB-1114,स्वरचित,0,0,0,0,0,0,0,0,1
HI-RBSE-7122.txt,RB-1115,रचनाएँ,0,1,0,0,1,1,3,0,0
HI-RBSE-7122.txt,RB-1116,भेज,0,0,0,0,0,0,0,0,1
HI-RBSE-7122.txt,RB-1117,सकते,0,0,0,0,0,0,0,0,1
HI-RBSE-7122.txt,RB-1118,हैं,1,1,1,1,1,1,6,1,0
HI-RBSE-7122.txt,RB-1119,बाल,0,0,0,0,0,0,0,0,1
HI-RBSE-7122.txt,RB-1120,पत्रिकाएँ,0,1,0,0,1,1,3,0,0
HI-RBSE-7122.txt,RB-1121,अच्छा,0,0,0,0,0,0,0,0,1
HI-RBSE-7122.txt,RB-1122,उपहार,0,0,0,0,0,0,0,0,1
HI-RBSE-7122.txt,RB-1123,हैं,1,1,1,1,1,1,6,1,0
HI-RBSE-7122.txt,RB-1124,दोस्तों,0,0,0,0,0,0,0,0,1
HI-RBSE-7122.txt,RB-1125,के,0,0,0,0,0,0,0,0,1
HI-RBSE-7122.txt,RB-1126,जन्मदिवस,0,0,0,0,0,0,0,0,1
HI-RBSE-7122.txt,RB-1127,पर,1,1,1,1,1,1,6,1,0
HI-RBSE-7122.txt,RB-1128,इनको,0,0,0,0,0,0,0,0,1
HI-RBSE-7122.txt,RB-1129,उपहार,0,0,0,0,0,0,0,0,1
HI-RBSE-7122.txt,RB-1130,के,0,0,0,0,0,0,0,0,1
HI-RBSE-7122.txt,RB-1131,रूप,0,0,0,0,0,0,0,0,1
HI-RBSE-7122.txt,RB-1132,में,0,1,0,0,0,1,2,0,0
HI-RBSE-7122.txt,RB-1133,भी,0,0,0,0,0,0,0,0,1
HI-RBSE-7122.txt,RB-1134,दिया,0,0,0,0,0,0,0,0,1
HI-RBSE-7122.txt,RB-1135,जा,0,0,0,0,0,0,0,0,1
HI-RBSE-7122.txt,RB-1136,सकता,0,0,0,0,0,0,0,0,1
HI-RBSE-7122.txt,RB-1137,है,1,1,1,1,1,1,6,1,0
HI-RBSE-7122.txt,RB-1138,इंटरनेट,0,0,0,0,0,0,0,0,1
HI-RBSE-7122.txt,RB-1139,पर,0,0,0,0,0,0,0,0,1
HI-RBSE-7122.txt,RB-1140,भी,0,0,0,0,0,0,0,0,1
HI-RBSE-7122.txt,RB-1141,आपके,0,0,0,0,0,0,0,0,1
HI-RBSE-7122.txt,RB-1142,लिए,0,1,1,0,1,1,4,1,0
HI-RBSE-7122.txt,RB-1143,रोचक,0,0,0,0,0,0,0,0,1
HI-RBSE-7122.txt,RB-1144,सामग्री,0,0,0,1,0,0,1,0,0
HI-RBSE-7122.txt,RB-1145,मौजूद,0,0,0,0,0,0,0,0,1
HI-RBSE-7122.txt,RB-1146,है,1,1,1,1,1,1,6,1,0
HI-RBSE-7122.txt,RB-1147,कविताकोश,1,1,1,1,1,1,6,1,0
HI-RBSE-7122.txt,RB-1148,गद्यकोश,1,1,1,1,1,1,6,1,0
HI-RBSE-7122.txt,RB-1149,लेखक,0,0,0,0,0,0,0,0,1
HI-RBSE-7122.txt,RB-1150,मंच,1,0,1,1,1,0,4,1,0
HI-RBSE-7122.txt,RB-1151,भारत,0,0,0,0,0,0,0,0,1
HI-RBSE-7122.txt,RB-1152,दर्शन,1,1,1,1,1,1,6,1,0
HI-RBSE-7122.txt,RB-1153,हिंदी,0,0,0,0,0,0,0,0,1
HI-RBSE-7122.txt,RB-1154,समय,1,1,1,1,1,1,6,1,0
HI-RBSE-7122.txt,RB-1155,बाल,0,0,0,0,0,0,0,0,1
HI-RBSE-7122.txt,RB-1156,साहित्य,1,1,1,1,1,1,6,1,0
HI-RBSE-7122.txt,RB-1157,फुलझाड़ी,1,1,1,0,0,1,4,1,0
HI-RBSE-7122.txt,RB-1158,आदि,0,0,1,0,1,0,2,0,0
HI-RBSE-7122.txt,RB-1159,वेबसाइट्स,0,0,0,0,0,0,0,0,1
HI-RBSE-7122.txt,RB-1160,पर,1,1,0,1,0,1,4,1,0
HI-RBSE-7122.txt,RB-1161,बहुत,0,0,0,0,0,0,0,0,1
HI-RBSE-7122.txt,RB-1162,सारी,0,0,0,0,0,0,0,0,1
HI-RBSE-7122.txt,RB-1163,बाल,0,0,0,0,0,0,0,0,1
HI-RBSE-7122.txt,RB-1164,कहानियाँ-कविताएँ,1,1,1,0,1,1,5,1,0
HI-RBSE-7122.txt,RB-1165,पढ़ने,0,0,0,0,0,0,0,0,1
HI-RBSE-7122.txt,RB-1166,के,0,0,0,0,0,0,0,0,1
HI-RBSE-7122.txt,RB-1167,लिए,0,0,0,1,0,0,1,0,0
HI-RBSE-7122.txt,RB-1168,उपलब्ध,0,0,0,0,0,0,0,0,1
HI-RBSE-7122.txt,RB-1169,हैं,1,1,1,1,1,1,6,1,0
HI-RBSE-EVS-403.txt,RB-1001,नन्दू,0,0,0,0,0,0,0,0,1
HI-RBSE-EVS-403.txt,RB-1002,नींद,0,0,0,0,0,0,0,0,1
HI-RBSE-EVS-403.txt,RB-1003,से,0,0,0,0,0,0,0,0,1
HI-RBSE-EVS-403.txt,RB-1004,जागा,1,1,1,1,1,1,6,1,0
HI-RBSE-EVS-403.txt,RB-1005,और,0,0,0,0,0,0,0,0,1
HI-RBSE-EVS-403.txt,RB-1006,उसने,0,0,0,0,0,0,0,0,1
HI-RBSE-EVS-403.txt,RB-1007,अपनी,0,0,0,0,0,0,0,0,1
HI-RBSE-EVS-403.txt,RB-1008,आँखें,0,0,0,0,0,0,0,0,1
HI-RBSE-EVS-403.txt,RB-1009,खोलीं,1,1,1,1,1,1,6,1,0
HI-RBSE-EVS-403.txt,RB-1010,कुछ,0,0,0,0,0,0,0,0,1
HI-RBSE-EVS-403.txt,RB-1011,देर,0,0,0,0,0,0,0,0,1
HI-RBSE-EVS-403.txt,RB-1012,के,0,0,0,0,0,0,0,0,1
HI-RBSE-EVS-403.txt,RB-1013,लिए,1,1,0,1,1,1,5,1,0
HI-RBSE-EVS-403.txt,RB-1014,उसे,0,0,0,0,0,0,0,0,1
HI-RBSE-EVS-403.txt,RB-1015,पता,0,0,0,0,0,0,0,0,1
HI-RBSE-EVS-403.txt,RB-1016,ही,0,0,0,0,0,0,0,0,1
HI-RBSE-EVS-403.txt,RB-1017,नहीं,0,0,0,0,0,0,0,0,1
HI-RBSE-EVS-403.txt,RB-1018,चला,1,1,0,0,1,1,4,1,0
HI-RBSE-EVS-403.txt,RB-1019,कि,0,0,0,1,0,0,1,0,0
HI-RBSE-EVS-403.txt,RB-1020,वह,0,0,0,0,0,0,0,0,1
HI-RBSE-EVS-403.txt,RB-1021,कहाँ,0,0,0,0,0,0,0,0,1
HI-RBSE-EVS-403.txt,RB-1022,है,1,1,1,1,1,1,6,1,0
HI-RBSE-EVS-403.txt,RB-1023,उसे,0,0,0,0,0,0,0,0,1
HI-RBSE-EVS-403.txt,RB-1024,लगा,1,0,0,0,1,1,3,0,0
HI-RBSE-EVS-403.txt,RB-1025,कि,0,0,0,1,0,0,1,0,0
HI-RBSE-EVS-403.txt,RB-1026,वह,0,1,0,0,0,0,1,0,0
HI-RBSE-EVS-403.txt,RB-1027,भूरे,0,0,0,0,0,0,0,0,1
HI-RBSE-EVS-403.txt,RB-1028,पेड़ों,0,0,0,0,0,0,0,0,1
HI-RBSE-EVS-403.txt,RB-1029,के,0,1,0,1,0,0,2,0,0
HI-RBSE-EVS-403.txt,RB-1030,एक,0,0,0,0,0,0,0,0,1
HI-RBSE-EVS-403.txt,RB-1031,बड़े,0,0,0,0,0,0,0,0,1
HI-RBSE-EVS-403.txt,RB-1032,से,0,0,0,0,0,0,0,0,1
HI-RBSE-EVS-403.txt,RB-1033,जंगल,0,0,0,0,0,0,0,0,1
HI-RBSE-EVS-403.txt,RB-1034,में,0,0,0,0,0,0,0,0,1
HI-RBSE-EVS-403.txt,RB-1035,है,1,1,1,1,1,1,6,1,0
HI-RBSE-EVS-403.txt,RB-1036,उसने,0,0,0,0,0,0,0,0,1
HI-RBSE-EVS-403.txt,RB-1037,अपनी,0,0,0,0,0,0,0,0,1
HI-RBSE-EVS-403.txt,RB-1038,आँखें,0,0,0,0,0,0,0,0,1
HI-RBSE-EVS-403.txt,RB-1039,घुमाई,1,1,1,1,1,1,6,1,0
HI-RBSE-EVS-403.txt,RB-1040,फिर,0,0,0,0,0,0,0,0,1
HI-RBSE-EVS-403.txt,RB-1041,उसे,0,1,0,0,0,0,1,0,0
HI-RBSE-EVS-403.txt,RB-1042,कुछ,0,0,0,0,0,1,1,0,0
HI-RBSE-EVS-403.txt,RB-1043,जाना-पहचाना,0,0,0,0,0,0,0,0,1
HI-RBSE-EVS-403.txt,RB-1044,सा,0,0,0,0,0,0,0,0,1
HI-RBSE-EVS-403.txt,RB-1045,लगा,1,1,1,1,1,1,6,1,0
HI-RBSE-EVS-403.txt,RB-1046,उसे,0,0,0,0,0,0,0,0,1
HI-RBSE-EVS-403.txt,RB-1047,अम्मा,0,0,0,0,0,0,0,0,1
HI-RBSE-EVS-403.txt,RB-1048,दिखीं,1,1,1,1,1,1,6,1,0
HI-RBSE-EVS-403.txt,RB-1049,फिर,0,0,0,0,0,0,0,0,1
HI-RBSE-EVS-403.txt,RB-1050,समझ,0,0,0,0,0,0,0,0,1
HI-RBSE-EVS-403.txt,RB-1051,आया,1,0,0,0,1,1,3,0,0
HI-RBSE-EVS-403.txt,RB-1052,की,0,1,0,1,0,0,2,0,0
HI-RBSE-EVS-403.txt,RB-1053,जिसे,0,0,0,0,0,0,0,0,1
HI-RBSE-EVS-403.txt,RB-1054,वह,0,0,0,0,0,0,0,0,1
HI-RBSE-EVS-403.txt,RB-1055,भूरा,0,0,0,0,0,0,0,0,1
HI-RBSE-EVS-403.txt,RB-1056,जंगल,0,0,0,0,0,0,0,0,1
HI-RBSE-EVS-403.txt,RB-1057,समझ,0,0,0,0,0,0,0,0,1
HI-RBSE-EVS-403.txt,RB-1058,रहा,0,0,0,0,0,0,0,0,1
HI-RBSE-EVS-403.txt,RB-1059,था,1,1,1,1,1,1,6,1,0
HI-RBSE-EVS-403.txt,RB-1060,वह,0,0,0,0,0,0,0,0,1
HI-RBSE-EVS-403.txt,RB-1061,उसके,0,0,0,0,0,0,0,0,1
HI-RBSE-EVS-403.txt,RB-1062,परिवार,0,0,0,0,0,0,0,0,1
HI-RBSE-EVS-403.txt,RB-1063,के,0,1,0,0,0,0,1,0,0
HI-RBSE-EVS-403.txt,RB-1064,साथियों,0,0,0,0,0,0,0,0,1
HI-RBSE-EVS-403.txt,RB-1065,के,0,0,0,1,0,0,1,0,0
HI-RBSE-EVS-403.txt,RB-1066,पैर,0,1,0,0,1,1,3,0,0
HI-RBSE-EVS-403.txt,RB-1067,और,0,0,0,0,0,0,0,0,1
HI-RBSE-EVS-403.txt,RB-1068,सूँड,0,0,0,0,0,0,0,0,1
HI-RBSE-EVS-403.txt,RB-1069,थीं,1,1,1,1,1,1,6,1,0
HI-RBSE-EVS-403.txt,RB-1070,सूरज,0,1,0,0,0,0,1,0,0
HI-RBSE-EVS-403.txt,RB-1071,आसमान,0,0,0,0,0,0,0,0,1
HI-RBSE-EVS-403.txt,RB-1072,में,0,0,0,0,0,1,1,0,0
HI-RBSE-EVS-403.txt,RB-1073,चमक,0,0,0,0,0,0,0,0,1
HI-RBSE-EVS-403.txt,RB-1074,रहा,0,0,0,0,0,0,0,0,1
HI-RBSE-EVS-403.txt,RB-1075,है,1,1,1,1,1,1,6,1,0
HI-RBSE-EVS-403.txt,RB-1076,उसकी,0,0,0,0,0,0,0,0,1
HI-RBSE-EVS-403.txt,RB-1077,गरमी,0,1,0,0,1,1,3,0,0
HI-RBSE-EVS-403.txt,RB-1078,अब,0,0,0,0,0,0,0,0,1
HI-RBSE-EVS-403.txt,RB-1079,तेज़,0,0,0,0,0,0,0,0,1
HI-RBSE-EVS-403.txt,RB-1080,होने,0,0,0,0,0,0,0,0,1
HI-RBSE-EVS-403.txt,RB-1081,लगी,0,0,0,0,0,0,0,0,1
HI-RBSE-EVS-403.txt,RB-1082,है,1,1,1,1,1,1,6,1,0
HI-RBSE-EVS-403.txt,RB-1083,नानी-माँ,0,1,0,0,0,0,1,0,0
HI-RBSE-EVS-403.txt,RB-1084,ज़ोर,0,0,0,0,0,0,0,0,1
HI-RBSE-EVS-403.txt,RB-1085,से,0,0,0,0,0,0,0,0,1
HI-RBSE-EVS-403.txt,RB-1086,चिंघाड़ी,1,1,1,1,1,1,6,1,0
HI-RBSE-EVS-403.txt,RB-1087,वे,0,1,0,0,0,0,1,0,0
HI-RBSE-EVS-403.txt,RB-1088,इस,0,0,0,0,0,0,0,0,1
HI-RBSE-EVS-403.txt,RB-1089,झुंड,0,0,0,0,0,0,0,0,1
HI-RBSE-EVS-403.txt,RB-1090,में,0,1,0,0,0,1,2,0,0
HI-RBSE-EVS-403.txt,RB-1091,सबसे,0,0,0,0,0,0,0,0,1
HI-RBSE-EVS-403.txt,RB-1092,बड़ी,0,0,0,0,0,0,0,0,1
HI-RBSE-EVS-403.txt,RB-1093,हैं,1,1,1,1,1,1,6,1,0
HI-RBSE-EVS-403.txt,RB-1094,वे,0,1,0,0,0,0,1,0,0
HI-RBSE-EVS-403.txt,RB-1095,जंगल,0,0,0,0,0,0,0,0,1
HI-RBSE-EVS-403.txt,RB-1096,की,0,0,0,0,0,0,0,0,1
HI-RBSE-EVS-403.txt,RB-1097,तरफ,0,1,0,0,0,0,1,0,0
HI-RBSE-EVS-403.txt,RB-1098,चल,0,0,0,0,0,0,0,0,1
HI-RBSE-EVS-403.txt,RB-1099,दीं,1,1,1,1,1,1,6,1,0
HI-RBSE-EVS-403.txt,RB-1100,बाकी,0,1,0,0,0,0,1,0,0
HI-RBSE-EVS-403.txt,RB-1101,सभी,0,0,0,0,0,0,0,0,1
HI-RBSE-EVS-403.txt,RB-1102,हथिनियों,0,0,0,0,0,0,0,0,1
HI-RBSE-EVS-403.txt,RB-1103,ने,1,1,0,1,1,1,5,1,0
HI-RBSE-EVS-403.txt,RB-1104,नानी-माँ,0,0,0,0,0,0,0,0,1
HI-RBSE-EVS-403.txt,RB-1105,को,0,1,0,0,0,0,1,0,0
HI-RBSE-EVS-403.txt,RB-1106,जंगल,0,0,0,0,0,0,0,0,1
HI-RBSE-EVS-403.txt,RB-1107,की,0,0,0,0,0,0,0,0,1
HI-RBSE-EVS-403.txt,RB-1108,तरफ,0,1,0,0,0,1,2,0,0
HI-RBSE-EVS-403.txt,RB-1109,जाते,0,0,0,0,0,0,0,0,1
HI-RBSE-EVS-403.txt,RB-1110,देखा,1,1,1,1,1,1,6,1,0
HI-RBSE-EVS-403.txt,RB-1111,तो,0,0,0,0,0,0,0,0,1
HI-RBSE-EVS-403.txt,RB-1112,वे,0,0,0,0,0,0,0,0,1
HI-RBSE-EVS-403.txt,RB-1113,सब,0,0,0,0,0,0,0,0,1
HI-RBSE-EVS-403.txt,RB-1114,भी,0,1,0,1,1,1,4,1,0
HI-RBSE-EVS-403.txt,RB-1115,उनके,0,0,0,0,0,0,0,0,1
HI-RBSE-EVS-403.txt,RB-1116,पीछे,0,1,0,0,0,0,1,0,0
HI-RBSE-EVS-403.txt,RB-1117,चल,0,0,0,0,0,0,0,0,1
HI-RBSE-EVS-403.txt,RB-1118,दीं,1,1,1,1,1,1,6,1,0
HI-RBSE-EVS-403.txt,RB-1119,और,0,0,0,0,0,0,0,0,1
HI-RBSE-EVS-403.txt,RB-1120,नन्दू,0,0,0,0,0,0,0,0,1
HI-RBSE-EVS-403.txt,RB-1121,भी,1,1,1,1,1,1,6,1,0
HI-RBSE-EVS-403.txt,RB-1122,जंगल,0,0,0,0,0,0,0,0,1
HI-RBSE-EVS-403.txt,RB-1123,पहुँचते,0,0,0,0,0,0,0,0,1
HI-RBSE-EVS-403.txt,RB-1124,ही,1,1,0,1,1,1,5,1,0
HI-RBSE-EVS-403.txt,RB-1125,यह,0,0,0,0,0,0,0,0,1
HI-RBSE-EVS-403.txt,RB-1126,झुंड,0,0,0,0,0,0,0,0,1
HI-RBSE-EVS-403.txt,RB-1127,बिखर,0,0,0,0,0,0,0,0,1
HI-RBSE-EVS-403.txt,RB-1128,गया,1,1,1,1,1,1,6,1,0
HI-RBSE-EVS-403.txt,RB-1129,वे,0,0,0,0,0,0,0,0,1
HI-RBSE-EVS-403.txt,RB-1130,सभी,0,1,0,0,0,0,1,0,0
HI-RBSE-EVS-403.txt,RB-1131,अपने,0,0,0,0,0,0,0,0,1
HI-RBSE-EVS-403.txt,RB-1132,मनपसंद,0,0,0,0,0,0,0,0,1
HI-RBSE-EVS-403.txt,RB-1133,पत्तों,1,1,0,1,1,1,5,1,0
HI-RBSE-EVS-403.txt,RB-1134,और,0,0,0,0,0,0,0,0,1
HI-RBSE-EVS-403.txt,RB-1135,झाड़ियों,0,0,0,0,0,0,0,0,1
HI-RBSE-EVS-403.txt,RB-1136,को,0,1,0,0,0,0,1,0,0
HI-RBSE-EVS-403.txt,RB-1137,खाने,0,0,0,0,0,0,0,0,1
HI-RBSE-EVS-403.txt,RB-1138,के,0,0,0,0,0,0,0,0,1
HI-RBSE-EVS-403.txt,RB-1139,लिए,1,1,0,1,1,1,5,1,0
HI-RBSE-EVS-403.txt,RB-1140,अलग-अलग,0,0,0,0,0,0,0,0,1
HI-RBSE-EVS-403.txt,RB-1141,हो,0,0,0,0,0,0,0,0,1
HI-RBSE-EVS-403.txt,RB-1142,गए,1,1,1,1,1,1,6,1,0
HI-RBSE-EVS-403.txt,RB-1143,कुछ,0,0,0,0,0,0,0,0,1
HI-RBSE-EVS-403.txt,RB-1144,देर,0,0,0,0,0,0,0,0,1
HI-RBSE-EVS-403.txt,RB-1145,खाने,0,0,0,0,0,0,0,0,1
HI-RBSE-EVS-403.txt,RB-1146,के,0,0,0,0,0,0,0,0,1
HI-RBSE-EVS-403.txt,RB-1147,बाद,1,1,0,1,1,1,5,1,0
HI-RBSE-EVS-403.txt,RB-1148,सभी,0,0,0,0,0,0,0,0,1
HI-RBSE-EVS-403.txt,RB-1149,नदी,0,0,0,0,0,0,0,0,1
HI-RBSE-EVS-403.txt,RB-1150,की,0,0,0,0,0,0,0,0,1
HI-RBSE-EVS-403.txt,RB-1151,तरफ़,0,0,0,0,0,0,0,0,1
HI-RBSE-EVS-403.txt,RB-1152,चलने,0,0,0,0,0,0,0,0,1
HI-RBSE-EVS-403.txt,RB-1153,लगे,1,1,1,1,1,1,6,1,0
HI-RBSE-SS-600.txt,RB-1001,परिवार,1,1,0,1,1,1,5,1,0
HI-RBSE-SS-600.txt,RB-1002,समाज,0,0,0,0,0,0,0,0,1
HI-RBSE-SS-600.txt,RB-1003,की,0,0,0,0,0,0,0,0,1
HI-RBSE-SS-600.txt,RB-1004,सबसे,0,0,0,0,0,0,0,0,1
HI-RBSE-SS-600.txt,RB-1005,छोटी,0,0,0,0,0,0,0,0,1
HI-RBSE-SS-600.txt,RB-1006,इकाई,0,0,0,0,0,0,0,0,1
HI-RBSE-SS-600.txt,RB-1007,है,1,1,1,1,1,1,6,1,0
HI-RBSE-SS-600.txt,RB-1008,हम,0,0,0,0,0,0,0,0,1
HI-RBSE-SS-600.txt,RB-1009,में,0,0,0,0,0,0,0,0,1
HI-RBSE-SS-600.txt,RB-1010,से,0,1,0,0,0,1,2,0,0
HI-RBSE-SS-600.txt,RB-1011,हर,0,0,0,0,0,0,0,0,1
HI-RBSE-SS-600.txt,RB-1012,कोई,1,0,0,1,1,0,3,0,0
HI-RBSE-SS-600.txt,RB-1013,एक,0,0,0,0,0,0,0,0,1
HI-RBSE-SS-600.txt,RB-1014,परिवार,0,0,0,0,0,0,0,0,1
HI-RBSE-SS-600.txt,RB-1015,में,0,1,0,0,0,1,2,0,0
HI-RBSE-SS-600.txt,RB-1016,पैदा,0,0,0,0,0,0,0,0,1
HI-RBSE-SS-600.txt,RB-1017,हुआ,0,0,0,0,0,0,0,0,1
HI-RBSE-SS-600.txt,RB-1018,है,1,0,1,1,1,1,5,1,0
HI-RBSE-SS-600.txt,RB-1019,बालक,0,0,0,0,0,0,0,0,1
HI-RBSE-SS-600.txt,RB-1020,की,0,0,0,0,0,0,0,0,1
HI-RBSE-SS-600.txt,RB-1021,प्रथम,0,0,0,0,0,0,0,0,1
HI-RBSE-SS-600.txt,RB-1022,पाठशाला,1,1,1,1,1,1,6,1,0
HI-RBSE-SS-600.txt,RB-1023,उसका,0,0,0,0,0,0,0,0,1
HI-RBSE-SS-600.txt,RB-1024,परिवार,0,0,0,0,0,0,0,0,1
HI-RBSE-SS-600.txt,RB-1025,ही,0,0,0,0,0,0,0,0,1
HI-RBSE-SS-600.txt,RB-1026,होता,0,0,0,0,0,0,0,0,1
HI-RBSE-SS-600.txt,RB-1027,है,1,1,1,1,1,1,6,1,0
HI-RBSE-SS-600.txt,RB-1028,जहाँ,0,0,0,0,0,0,0,0,1
HI-RBSE-SS-600.txt,RB-1029,उसमें,0,0,0,0,0,0,0,0,1
HI-RBSE-SS-600.txt,RB-1030,स्नेह,1,1,1,1,1,1,6,1,0
HI-RBSE-SS-600.txt,RB-1031,दया,1,1,1,1,1,1,6,1,0
HI-RBSE-SS-600.txt,RB-1032,सहयोग,1,1,1,1,1,1,6,1,0
HI-RBSE-SS-600.txt,RB-1033,सहकार,1,1,1,1,1,1,6,1,0
HI-RBSE-SS-600.txt,RB-1034,क्षमा,1,1,1,1,0,1,5,1,0
HI-RBSE-SS-600.txt,RB-1035,आदि,0,0,1,0,1,0,2,0,0
HI-RBSE-SS-600.txt,RB-1036,गुणों,0,0,0,0,0,0,0,0,1
HI-RBSE-SS-600.txt,RB-1037,का,0,0,0,0,0,1,1,0,0
HI-RBSE-SS-600.txt,RB-1038,विकास,0,0,0,0,0,0,0,0,1
HI-RBSE-SS-600.txt,RB-1039,होता,0,0,0,0,0,0,0,0,1
HI-RBSE-SS-600.txt,RB-1040,है,1,1,1,1,1,1,6,1,0
HI-RBSE-SS-600.txt,RB-1041,बड़ों,0,0,0,0,0,0,0,0,1
HI-RBSE-SS-600.txt,RB-1042,का,0,0,0,0,0,0,0,0,1
HI-RBSE-SS-600.txt,RB-1043,आदर,0,0,0,0,0,0,0,0,1
HI-RBSE-SS-600.txt,RB-1044,करना,1,1,1,1,1,1,6,1,0
HI-RBSE-SS-600.txt,RB-1045,अतिथियों,0,0,0,0,0,0,0,0,1
HI-RBSE-SS-600.txt,RB-1046,का,0,0,0,0,0,0,0,0,1
HI-RBSE-SS-600.txt,RB-1047,सत्कार,0,0,0,0,0,0,0,0,1
HI-RBSE-SS-600.txt,RB-1048,करना,1,1,1,1,1,1,6,1,0
HI-RBSE-SS-600.txt,RB-1049,तथा,0,0,0,1,0,0,1,0,0
HI-RBSE-SS-600.txt,RB-1050,सभी,0,0,0,0,0,0,0,0,1
HI-RBSE-SS-600.txt,RB-1051,के,0,0,0,0,0,0,0,0,1
HI-RBSE-SS-600.txt,RB-1052,साथ,0,1,0,0,0,1,2,0,0
HI-RBSE-SS-600.txt,RB-1053,मिल-जुलकर,0,0,0,0,0,0,0,0,1
HI-RBSE-SS-600.txt,RB-1054,रहना,1,1,1,1,1,1,6,1,0
HI-RBSE-SS-600.txt,RB-1055,बालक,1,0,0,0,0,0,1,0,0
HI-RBSE-SS-600.txt,RB-1056,परिवार,0,0,0,0,0,0,0,0,1
HI-RBSE-SS-600.txt,RB-1057,में,0,0,0,0,0,0,0,0,1
HI-RBSE-SS-600.txt,RB-1058,रहकर,0,1,0,0,0,0,1,0,0
HI-RBSE-SS-600.txt,RB-1059,सीखता,0,0,0,0,0,0,0,0,1
HI-RBSE-SS-600.txt,RB-1060,है,1,1,1,1,1,1,6,1,0
HI-RBSE-SS-600.txt,RB-1061,व्यक्ति,1,0,0,0,0,0,1,0,0
HI-RBSE-SS-600.txt,RB-1062,समाज,0,0,0,0,0,0,0,0,1
HI-RBSE-SS-600.txt,RB-1063,की,0,0,0,0,0,0,0,0,1
HI-RBSE-SS-600.txt,RB-1064,परम्पराएँ,0,1,1,1,1,1,5,1,0
HI-RBSE-SS-600.txt,RB-1065,व,0,0,0,0,0,0,0,0,1
HI-RBSE-SS-600.txt,RB-1066,संस्कार,0,0,0,0,0,1,1,0,0
HI-RBSE-SS-600.txt,RB-1067,भी,1,1,0,1,1,0,4,1,0
HI-RBSE-SS-600.txt,RB-1068,परिवार,0,0,0,0,0,0,0,0,1
HI-RBSE-SS-600.txt,RB-1069,में,0,0,0,0,0,0,0,0,1
HI-RBSE-SS-600.txt,RB-1070,रहकर,0,0,0,0,0,0,0,0,1
HI-RBSE-SS-600.txt,RB-1071,सीखता,0,0,0,0,0,0,0,0,1
HI-RBSE-SS-600.txt,RB-1072,है,1,1,1,1,1,1,6,1,0
HI-RBSE-SS-600.txt,RB-1073,समाज,0,0,0,0,0,0,0,0,1
HI-RBSE-SS-600.txt,RB-1074,में,0,0,0,0,0,0,0,0,1
HI-RBSE-SS-600.txt,RB-1075,मिल-जुलकर,0,1,0,0,0,0,1,0,0
HI-RBSE-SS-600.txt,RB-1076,रहने,0,0,0,0,0,0,0,0,1
HI-RBSE-SS-600.txt,RB-1077,की,0,0,0,0,0,0,0,0,1
HI-RBSE-SS-600.txt,RB-1078,शिक्षा,1,0,1,1,1,1,5,1,0
HI-RBSE-SS-600.txt,RB-1079,बालक,0,0,0,0,0,0,0,0,1
HI-RBSE-SS-600.txt,RB-1080,को,0,1,0,0,0,0,1,0,0
HI-RBSE-SS-600.txt,RB-1081,परिवार,0,0,0,0,0,0,0,0,1
HI-RBSE-SS-600.txt,RB-1082,से,0,0,0,0,0,0,0,0,1
HI-RBSE-SS-600.txt,RB-1083,मिलती,0,0,0,0,0,0,0,0,1
HI-RBSE-SS-600.txt,RB-1084,है,1,1,1,1,1,1,6,1,0
HI-RBSE-SS-600.txt,RB-1085,परिवार,0,1,0,0,0,0,1,0,0
HI-RBSE-SS-600.txt,RB-1086,हमारे,0,0,0,0,0,0,0,0,1
HI-RBSE-SS-600.txt,RB-1087,जीवन,0,0,0,0,0,0,0,0,1
HI-RBSE-SS-600.txt,RB-1088,का,0,0,0,1,0,1,2,0,0
HI-RBSE-SS-600.txt,RB-1089,अभिन्न,0,0,0,0,0,0,0,0,1
HI-RBSE-SS-600.txt,RB-1090,अंग,0,0,0,0,0,0,0,0,1
HI-RBSE-SS-600.txt,RB-1091,है,1,1,1,1,1,1,6,1,0
HI-RBSE-SS-600.txt,RB-1092,आप,0,0,0,0,0,0,0,0,1
HI-RBSE-SS-600.txt,RB-1093,अपने,0,0,0,0,0,0,0,0,1
HI-RBSE-SS-600.txt,RB-1094,घर,0,0,0,0,0,0,0,0,1
HI-RBSE-SS-600.txt,RB-1095,में,1,1,0,1,1,1,5,1,0
HI-RBSE-SS-600.txt,RB-1096,अपने,0,0,0,0,0,0,0,0,1
HI-RBSE-SS-600.txt,RB-1097,माता-पिता,1,1,1,1,1,1,6,1,0
HI-RBSE-SS-600.txt,RB-1098,और,0,0,0,0,0,0,0,0,1
HI-RBSE-SS-600.txt,RB-1099,भाई-बहनों,0,0,0,0,0,0,0,0,1
HI-RBSE-SS-600.txt,RB-1100,के,0,0,0,0,0,0,0,0,1
HI-RBSE-SS-600.txt,RB-1101,साथ,0,0,0,0,0,0,0,0,1
HI-RBSE-SS-600.txt,RB-1102,रहते,0,0,0,0,0,0,0,0,1
HI-RBSE-SS-600.txt,RB-1103,हो,1,1,1,1,1,1,6,1,0
HI-RBSE-SS-600.txt,RB-1104,यह,0,0,0,0,0,0,0,0,1
HI-RBSE-SS-600.txt,RB-1105,आपका,0,0,0,0,0,0,0,0,1
HI-RBSE-SS-600.txt,RB-1106,परिवार,0,0,0,0,0,0,0,0,1
HI-RBSE-SS-600.txt,RB-1107,है,1,1,1,1,1,1,6,1,0
HI-RBSE-SS-600.txt,RB-1108,इस,0,0,0,0,0,0,0,0,1
HI-RBSE-SS-600.txt,RB-1109,प्रकार,0,0,0,0,0,0,0,0,1
HI-RBSE-SS-600.txt,RB-1110,का,0,0,0,0,0,0,0,0,1
HI-RBSE-SS-600.txt,RB-1111,परिवार,1,1,1,1,1,1,6,1,0
HI-RBSE-SS-600.txt,RB-1112,एकल,0,0,0,0,0,0,0,0,1
HI-RBSE-SS-600.txt,RB-1113,परिवार,1,0,0,0,0,0,1,0,0
HI-RBSE-SS-600.txt,RB-1114,कहलाता,0,0,0,0,0,0,0,0,1
HI-RBSE-SS-600.txt,RB-1115,है,1,1,1,1,1,1,6,1,0
HI-RBSE-SS-600.txt,RB-1116,एकल,0,0,0,0,0,0,0,0,1
HI-RBSE-SS-600.txt,RB-1117,परिवार,0,0,0,0,0,0,0,0,1
HI-RBSE-SS-600.txt,RB-1118,का,0,0,0,0,0,0,0,0,1
HI-RBSE-SS-600.txt,RB-1119,अर्थ,0,1,0,0,0,0,1,0,0
HI-RBSE-SS-600.txt,RB-1120,है-विवाहित,0,0,0,0,0,0,0,0,1
HI-RBSE-SS-600.txt,RB-1121,युगल,0,1,0,1,1,1,4,1,0
HI-RBSE-SS-600.txt,RB-1122,और,0,0,0,0,0,0,0,0,1
HI-RBSE-SS-600.txt,RB-1123,उनके,0,0,0,0,0,0,0,0,1
HI-RBSE-SS-600.txt,RB-1124,बच्चे,1,1,1,1,1,1,6,1,0
HI-RBSE-SS-600.txt,RB-1125,हो,0,0,0,0,0,0,0,0,1
HI-RBSE-SS-600.txt,RB-1126,सकता,0,0,0,0,0,0,0,0,1
HI-RBSE-SS-600.txt,RB-1127,है,0,1,0,1,0,1,3,0,0
HI-RBSE-SS-600.txt,RB-1128,आपके,0,0,0,0,0,0,0,0,1
HI-RBSE-SS-600.txt,RB-1129,दादा-दादी,1,1,1,1,1,1,6,1,0
HI-RBSE-SS-600.txt,RB-1130,ताऊ-ताई,1,1,1,1,1,1,6,1,0
HI-RBSE-SS-600.txt,RB-1131,चाचा-चाची,1,1,1,1,1,1,6,1,0
HI-RBSE-SS-600.txt,RB-1132,बुआ,1,1,1,0,0,1,4,1,0
HI-RBSE-SS-600.txt,RB-1133,आदि,0,0,1,0,1,0,2,0,0
HI-RBSE-SS-600.txt,RB-1134,भी,0,1,0,0,0,0,1,0,0
HI-RBSE-SS-600.txt,RB-1135,आपके,0,0,0,0,0,0,0,0,1
HI-RBSE-SS-600.txt,RB-1136,साथ,0,0,0,0,0,0,0,0,1
HI-RBSE-SS-600.txt,RB-1137,रहते,0,0,0,0,0,0,0,0,1
HI-RBSE-SS-600.txt,RB-1138,हो,1,1,1,1,1,1,6,1,0
HI-RBSE-SS-600.txt,RB-1139,ऐसा,0,0,0,0,0,0,0,0,1
HI-RBSE-SS-600.txt,RB-1140,परिवार,1,1,0,1,1,1,5,1,0
HI-RBSE-SS-600.txt,RB-1141,जिसमें,0,0,0,0,0,0,0,0,1
HI-RBSE-SS-600.txt,RB-1142,उक्त,0,1,0,0,0,0,1,0,0
HI-RBSE-SS-600.txt,RB-1143,सभी,0,0,0,0,0,0,0,0,1
HI-RBSE-SS-600.txt,RB-1144,एक,0,0,0,0,0,0,0,0,1
HI-RBSE-SS-600.txt,RB-1145,साथ,0,0,0,0,0,0,0,0,1
HI-RBSE-SS-600.txt,RB-1146,रहते,0,0,0,0,0,0,0,0,1
HI-RBSE-SS-600.txt,RB-1147,हैं,1,1,1,1,1,1,6,1,0
HI-RBSE-SS-600.txt,RB-1148,यह,0,0,0,0,0,0,0,0,1
HI-RBSE-SS-600.txt,RB-1149,संयुक्त,0,0,0,0,0,0,0,0,1
HI-RBSE-SS-600.txt,RB-1150,परिवार,0,0,0,0,0,1,1,0,0
HI-RBSE-SS-600.txt,RB-1151,कहलाता,0,0,0,0,0,0,0,0,1
HI-RBSE-SS-600.txt,RB-1152,है,1,1,1,1,1,1,6,1,0
HI-RBSE-SS-600.txt,RB-1153,परिवार,0,0,0,0,0,0,0,0,1
HI-RBSE-SS-600.txt,RB-1154,में,0,0,0,0,0,0,0,0,1
HI-RBSE-SS-600.txt,RB-1155,सभी,0,0,0,0,0,0,0,0,1
HI-RBSE-SS-600.txt,RB-1156,सदस्य,1,1,0,1,0,1,4,1,0
HI-RBSE-SS-600.txt,RB-1157,मिल-जुलकर,0,0,0,0,0,0,0,0,1
HI-RBSE-SS-600.txt,RB-1158,रहते,0,0,0,0,0,0,0,0,1
HI-RBSE-SS-600.txt,RB-1159,हैं,1,1,1,1,1,1,6,1,0
HI-RBSE-SS-600.txt,RB-1160,और,0,0,0,0,0,0,0,0,1
HI-RBSE-SS-600.txt,RB-1161,सभी,0,0,0,0,0,0,0,0,1
HI-RBSE-SS-600.txt,RB-1162,अपनी-अपनी,0,0,0,0,0,0,0,0,1
HI-RBSE-SS-600.txt,RB-1163,जिम्मेदारी,0,1,0,0,0,1,2,0,0
HI-RBSE-SS-600.txt,RB-1164,निभाते,0,0,0,0,0,0,0,0,1
HI-RBSE-SS-600.txt,RB-1165,हैं,1,1,1,1,1,1,6,1,0
