StoryID,Token ID,Masked_Word,A1,A2,A3,A4,A5,A6,GT,GT_isboundary,GT_boundary_forbidden
HI-MSBSHSE-2106.txt,MS-1001,अजय,0,0,0,0,0,0,0,0,1
HI-MSBSHSE-2106.txt,MS-1002,और,0,0,0,0,0,0,0,0,1
HI-MSBSHSE-2106.txt,MS-1003,अनिता,1,1,0,1,1,1,5,1,0
HI-MSBSHSE-2106.txt,MS-1004,समझदार,0,0,0,0,0,0,0,0,1
HI-MSBSHSE-2106.txt,MS-1005,भाई-बहन,0,0,0,0,0,0,0,0,1
HI-MSBSHSE-2106.txt,MS-1006,थे,1,1,1,1,1,1,6,1,0
HI-MSBSHSE-2106.txt,MS-1007,उनके,0,0,0,0,0,0,0,0,1
HI-MSBSHSE-2106.txt,MS-1008,पड़ोसी,0,0,0,0,0,0,0,0,1
HI-MSBSHSE-2106.txt,MS-1009,के,0,0,0,0,0,0,0,0,1
HI-MSBSHSE-2106.txt,MS-1010,आँगन,0,0,0,0,0,0,0,0,1
HI-MSBSHSE-2106.txt,MS-1011,में,1,1,0,1,1,1,5,1,0
HI-MSBSHSE-2106.txt,MS-1012,सुंदर,0,0,0,0,0,0,0,0,1
HI-MSBSHSE-2106.txt,MS-1013,बगिया,0,0,0,0,0,0,0,0,1
HI-MSBSHSE-2106.txt,MS-1014,थी,1,1,1,1,1,1,6,1,0
HI-MSBSHSE-2106.txt,MS-1015,लेकिन,0,0,1,0,1,0,2,0,0
HI-MSBSHSE-2106.txt,MS-1016,उनके,0,0,0,0,0,0,0,0,1
HI-MSBSHSE-2106.txt,MS-1017,अपने,0,0,0,0,0,0,0,0,1
HI-MSBSHSE-2106.txt,MS-1018,घर,0,0,0,0,0,0,0,0,1
HI-MSBSHSE-2106.txt,MS-1019,में,0,1,0,1,1,1,4,1,0
HI-MSBSHSE-2106.txt,MS-1020,जगह,0,0,0,0,0,0,0,0,1
HI-MSBSHSE-2106.txt,MS-1021,नहीं,0,0,0,0,0,0,0,0,1
HI-MSBSHSE-2106.txt,MS-1022,थी,1,1,1,1,1,1,6,1,0
HI-MSBSHSE-2106.txt,MS-1023,उनकी,0,0,0,0,0,0,0,0,1
HI-MSBSHSE-2106.txt,MS-1024,माँ,0,0,0,0,0,0,0,0,1
HI-MSBSHSE-2106.txt,MS-1025,को,1,0,0,1,0,0,2,0,0
HI-MSBSHSE-2106.txt,MS-1026,पूजा,0,0,0,0,0,0,0,0,1
HI-MSBSHSE-2106.txt,MS-1027,के,0,0,0,0,0,0,0,0,1
HI-MSBSHSE-2106.txt,MS-1028,लिए,0,1,1,0,1,1,4,1,0
HI-MSBSHSE-2106.txt,MS-1029,फूलों,0,0,0,0,0,0,0,0,1
HI-MSBSHSE-2106.txt,MS-1030,की,0,0,0,0,0,0,0,0,1
HI-MSBSHSE-2106.txt,MS-1031,जरूरत,0,0,0,0,0,0,0,0,1
HI-MSBSHSE-2106.txt,MS-1032,होती,0,0,0,0,0,0,0,0,1
HI-MSBSHSE-2106.txt,MS-1033,थी,1,1,1,1,1,1,6,1,0
HI-MSBSHSE-2106.txt,MS-1034,तब,0,0,0,0,0,0,0,0,1
HI-MSBSHSE-2106.txt,MS-1035,वे,0,0,0,0,0,0,0,0,1
HI-MSBSHSE-2106.txt,MS-1036,दोनों,1,0,1,1,1,1,5,1,0
HI-MSBSHSE-2106.txt,MS-1037,पड़ोस,0,0,0,0,0,0,0,0,1
HI-MSBSHSE-2106.txt,MS-1038,के,0,0,0,0,0,0,0,0,1
HI-MSBSHSE-2106.txt,MS-1039,घर,0,1,0,0,1,0,2,0,0
HI-MSBSHSE-2106.txt,MS-1040,फूल,0,0,0,0,0,0,0,0,1
HI-MSBSHSE-2106.txt,MS-1041,लेने,0,0,0,0,0,0,0,0,1
HI-MSBSHSE-2106.txt,MS-1042,जाते,0,0,0,0,0,0,0,0,1
HI-MSBSHSE-2106.txt,MS-1043,थे,1,1,1,1,1,1,6,1,0
HI-MSBSHSE-2106.txt,MS-1044,एक,0,0,0,0,0,0,0,0,1
HI-MSBSHSE-2106.txt,MS-1045,दिन,1,0,0,0,1,1,3,0,0
HI-MSBSHSE-2106.txt,MS-1046,वे,0,0,0,0,0,0,0,0,1
HI-MSBSHSE-2106.txt,MS-1047,फूल,0,0,0,0,0,0,0,0,1
HI-MSBSHSE-2106.txt,MS-1048,लेने,0,0,0,0,0,0,0,0,1
HI-MSBSHSE-2106.txt,MS-1049,गए,1,1,1,1,1,1,6,1,0
HI-MSBSHSE-2106.txt,MS-1050,पड़ोस,0,0,0,0,0,0,0,0,1
HI-MSBSHSE-2106.txt,MS-1051,की,0,0,0,0,0,0,0,0,1
HI-MSBSHSE-2106.txt,MS-1052,आंटी,0,0,0,0,0,0,0,0,1
HI-MSBSHSE-2106.txt,MS-1053,ने,0,0,0,0,0,0,0,0,1
HI-MSBSHSE-2106.txt,MS-1054,कहा,1,0,0,0,1,1,3,0,0
HI-MSBSHSE-2106.txt,MS-1055,कि,0,1,1,1,0,0,3,0,0
HI-MSBSHSE-2106.txt,MS-1056,रोज,0,0,0,0,0,0,0,0,1
HI-MSBSHSE-2106.txt,MS-1057,फूल,0,0,0,0,0,0,0,0,1
HI-MSBSHSE-2106.txt,MS-1058,नहीं,0,0,0,0,0,0,0,0,1
HI-MSBSHSE-2106.txt,MS-1059,आ,0,0,0,0,0,0,0,0,1
HI-MSBSHSE-2106.txt,MS-1060,सकते,1,1,1,1,1,1,6,1,0
HI-MSBSHSE-2106.txt,MS-1061,जो,0,0,0,0,0,0,0,0,1
HI-MSBSHSE-2106.txt,MS-1062,दो-चार,0,0,0,0,0,0,0,0,1
HI-MSBSHSE-2106.txt,MS-1063,फूल,0,0,0,0,0,0,0,0,1
HI-MSBSHSE-2106.txt,MS-1064,बचे,0,0,0,0,0,0,0,0,1
HI-MSBSHSE-2106.txt,MS-1065,हैं,1,1,1,1,1,1,6,1,0
HI-MSBSHSE-2106.txt,MS-1066,वे,0,0,0,0,0,0,0,0,1
HI-MSBSHSE-2106.txt,MS-1067,ले,0,0,0,0,0,0,0,0,1
HI-MSBSHSE-2106.txt,MS-1068,जाएँ,1,1,1,1,1,1,6,1,0
HI-MSBSHSE-2106.txt,MS-1069,यह,0,0,0,0,0,0,0,0,1
HI-MSBSHSE-2106.txt,MS-1070,सुनकर,1,0,0,0,1,0,2,0,0
HI-MSBSHSE-2106.txt,MS-1071,वे,0,0,0,0,0,0,0,0,1
HI-MSBSHSE-2106.txt,MS-1072,उदास,0,0,0,0,0,0,0,0,1
HI-MSBSHSE-2106.txt,MS-1073,हो,0,0,0,0,0,0,0,0,1
HI-MSBSHSE-2106.txt,MS-1074,गए,1,1,1,1,1,1,6,1,0
HI-MSBSHSE-2106.txt,MS-1075,एक,0,0,0,0,0,0,0,0,1
HI-MSBSHSE-2106.txt,MS-1076,दिन,1,0,0,1,1,1,4,1,0
HI-MSBSHSE-2106.txt,MS-1077,उन्होंने,0,0,0,0,0,0,0,0,1
HI-MSBSHSE-2106.txt,MS-1078,दूरदर्शन,0,0,0,0,0,0,0,0,1
HI-MSBSHSE-2106.txt,MS-1079,पर,0,0,0,0,0,0,0,0,1
HI-MSBSHSE-2106.txt,MS-1080,देखा,1,0,0,0,1,1,3,0,0
HI-MSBSHSE-2106.txt,MS-1081,कि,0,1,1,1,0,0,3,0,0
HI-MSBSHSE-2106.txt,MS-1082,गमले,0,0,0,0,0,0,0,0,1
HI-MSBSHSE-2106.txt,MS-1083,में,0,0,0,0,0,0,0,0,1
HI-MSBSHSE-2106.txt,MS-1084,भी,0,0,0,0,1,0,1,0,0
HI-MSBSHSE-2106.txt,MS-1085,पौधे,0,0,0,0,0,0,0,0,1
HI-MSBSHSE-2106.txt,MS-1086,उगाए,0,0,0,0,0,0,0,0,1
HI-MSBSHSE-2106.txt,MS-1087,जा,0,0,0,0,0,0,0,0,1
HI-MSBSHSE-2106.txt,MS-1088,सकते,0,0,0,0,0,0,0,0,1
HI-MSBSHSE-2106.txt,MS-1089,हैं,1,1,1,1,1,1,6,1,0
HI-MSBSHSE-2106.txt,MS-1090,वे,0,0,0,0,0,0,0,0,1
HI-MSBSHSE-2106.txt,MS-1091,बहुत,0,0,0,0,0,0,0,0,1
HI-MSBSHSE-2106.txt,MS-1092,खुश,0,0,0,0,0,0,0,0,1
HI-MSBSHSE-2106.txt,MS-1093,हुए,1,1,1,1,1,1,6,1,0
HI-MSBSHSE-2106.txt,MS-1094,माता-पिता,0,0,0,0,0,0,0,0,1
HI-MSBSHSE-2106.txt,MS-1095,से,0,0,0,0,0,0,0,0,1
HI-MSBSHSE-2106.txt,MS-1096,कहकर,1,0,0,1,1,1,4,1,0
HI-MSBSHSE-2106.txt,MS-1097,गमले,0,0,0,0,0,0,0,0,1
HI-MSBSHSE-2106.txt,MS-1098,ले,0,0,0,0,0,0,0,0,1
HI-MSBSHSE-2106.txt,MS-1099,आए,1,1,1,1,1,1,6,1,0
HI-MSBSHSE-2106.txt,MS-1100,दोनों,0,0,0,0,0,0,0,0,1
HI-MSBSHSE-2106.txt,MS-1101,ने,1,0,0,0,0,0,1,0,0
HI-MSBSHSE-2106.txt,MS-1102,उनमें,0,0,0,0,0,0,0,0,1
HI-MSBSHSE-2106.txt,MS-1103,मिट्टी,0,0,0,0,0,0,0,0,1
HI-MSBSHSE-2106.txt,MS-1104,डाली,1,1,1,1,1,1,6,1,0
HI-MSBSHSE-2106.txt,MS-1105,मिट्टी,0,0,0,0,0,0,0,0,1
HI-MSBSHSE-2106.txt,MS-1106,में,0,0,0,0,0,0,0,0,1
HI-MSBSHSE-2106.txt,MS-1107,खाद,1,0,0,0,1,1,3,0,0
HI-MSBSHSE-2106.txt,MS-1108,और,0,0,0,0,0,0,0,0,1
HI-MSBSHSE-2106.txt,MS-1109,पानी,0,0,0,0,0,0,0,0,1
HI-MSBSHSE-2106.txt,MS-1110,मिलाया,1,1,1,1,1,1,6,1,0
HI-MSBSHSE-2106.txt,MS-1111,फिर,0,0,0,0,0,0,0,0,1
HI-MSBSHSE-2106.txt,MS-1112,फूलों,0,0,0,0,0,0,0,0,1
HI-MSBSHSE-2106.txt,MS-1113,के,0,0,0,0,0,0,0,0,1
HI-MSBSHSE-2106.txt,MS-1114,पौधे,0,0,0,0,0,0,0,0,1
HI-MSBSHSE-2106.txt,MS-1115,लगा,0,0,0,0,0,0,0,0,1
HI-MSBSHSE-2106.txt,MS-1116,दिए,1,1,1,1,1,1,6,1,0
HI-MSBSHSE-2106.txt,MS-1117,वे,0,0,0,0,0,0,0,0,1
HI-MSBSHSE-2106.txt,MS-1118,रोज,0,0,0,0,0,1,1,0,0
HI-MSBSHSE-2106.txt,MS-1119,पौधों,0,0,0,0,0,0,0,0,1
HI-MSBSHSE-2106.txt,MS-1120,की,0,0,0,0,0,0,0,0,1
HI-MSBSHSE-2106.txt,MS-1121,देखभाल,0,0,0,0,0,0,0,0,1
HI-MSBSHSE-2106.txt,MS-1122,करते,0,0,0,0,0,0,0,0,1
HI-MSBSHSE-2106.txt,MS-1123,थे,1,1,1,1,1,1,6,1,0
HI-MSBSHSE-2106.txt,MS-1124,धीरे-धीरे,1,0,0,1,1,1,4,1,0
HI-MSBSHSE-2106.txt,MS-1125,उनमें,0,0,0,0,0,0,0,0,1
HI-MSBSHSE-2106.txt,MS-1126,फूल,0,0,0,0,0,0,0,0,1
HI-MSBSHSE-2106.txt,MS-1127,खिलने,0,0,0,0,0,0,0,0,1
HI-MSBSHSE-2106.txt,MS-1128,लगे,1,1,1,1,1,1,6,1,0
HI-MSBSHSE-2106.txt,MS-1129,यह,0,0,0,0,0,0,0,0,1
HI-MSBSHSE-2106.txt,MS-1130,देखकर,0,0,0,1,1,0,2,0,0
HI-MSBSHSE-2106.txt,MS-1131,वे,0,0,0,0,0,0,0,0,1
HI-MSBSHSE-2106.txt,MS-1132,बहुत,0,0,0,0,0,0,0,0,1
HI-MSBSHSE-2106.txt,MS-1133,खुश,0,0,0,0,0,0,0,0,1
HI-MSBSHSE-2106.txt,MS-1134,हुए,1,1,1,1,1,1,6,1,0
HI-MSBSHSE-2206.txt,MS-1001,संजना,0,0,0,0,0,0,0,0,1
HI-MSBSHSE-2206.txt,MS-1002,नाम,0,0,0,0,0,0,0,0,1
HI-MSBSHSE-2206.txt,MS-1003,की,1,0,0,0,0,0,1,0,0
HI-MSBSHSE-2206.txt,MS-1004,एक,0,0,0,0,0,0,0,0,1
HI-MSBSHSE-2206.txt,MS-1005,लड़की,0,0,0,0,0,0,0,0,1
HI-MSBSHSE-2206.txt,MS-1006,थी,1,1,1,1,1,1,6,1,0
HI-MSBSHSE-2206.txt,MS-1007,वह,0,0,0,0,0,0,0,0,1
HI-MSBSHSE-2206.txt,MS-1008,दूसरी,0,0,0,0,0,0,0,0,1
HI-MSBSHSE-2206.txt,MS-1009,कक्षा,0,0,0,0,0,0,0,0,1
HI-MSBSHSE-2206.txt,MS-1010,में,0,0,0,0,0,0,0,0,1
HI-MSBSHSE-2206.txt,MS-1011,पढ़ती,0,0,0,0,0,0,0,0,1
HI-MSBSHSE-2206.txt,MS-1012,थी,1,1,1,1,1,1,6,1,0
HI-MSBSHSE-2206.txt,MS-1013,बहुत,0,0,0,0,0,0,0,0,1
HI-MSBSHSE-2206.txt,MS-1014,चुलबुली,1,0,1,1,1,1,5,1,0
HI-MSBSHSE-2206.txt,MS-1015,और,0,0,0,0,0,0,0,0,1
HI-MSBSHSE-2206.txt,MS-1016,चंचल,0,0,0,0,0,0,0,0,1
HI-MSBSHSE-2206.txt,MS-1017,स्वभाव,0,0,0,0,0,0,0,0,1
HI-MSBSHSE-2206.txt,MS-1018,की,0,0,0,0,0,0,0,0,1
HI-MSBSHSE-2206.txt,MS-1019,थी,1,1,1,1,1,1,6,1,0
HI-MSBSHSE-2206.txt,MS-1020,वह,0,0,0,0,0,0,0,0,1
HI-MSBSHSE-2206.txt,MS-1021,बहुत,0,0,0,0,0,0,0,0,1
HI-MSBSHSE-2206.txt,MS-1022,होशियार,0,0,0,0,0,0,0,0,1
HI-MSBSHSE-2206.txt,MS-1023,भी,0,0,0,0,0,0,0,0,1
HI-MSBSHSE-2206.txt,MS-1024,थी,1,1,1,1,1,1,6,1,0
HI-MSBSHSE-2206.txt,MS-1025,वह,0,0,0,0,0,0,0,0,1
HI-MSBSHSE-2206.txt,MS-1026,पास-पड़ोस,0,0,0,0,0,0,0,0,1
HI-MSBSHSE-2206.txt,MS-1027,में,1,1,0,1,1,1,5,1,0
HI-MSBSHSE-2206.txt,MS-1028,सभी,0,0,0,0,0,0,0,0,1
HI-MSBSHSE-2206.txt,MS-1029,की,0,0,0,0,0,0,0,0,1
HI-MSBSHSE-2206.txt,MS-1030,मदद,0,0,0,0,0,0,0,0,1
HI-MSBSHSE-2206.txt,MS-1031,करती,0,0,0,0,0,0,0,0,1
HI-MSBSHSE-2206.txt,MS-1032,थी,1,1,1,1,1,1,6,1,0
HI-MSBSHSE-2206.txt,MS-1033,उसे,0,0,0,0,0,0,0,0,1
HI-MSBSHSE-2206.txt,MS-1034,हर,0,0,0,0,0,0,0,0,1
HI-MSBSHSE-2206.txt,MS-1035,काम,1,1,0,1,1,1,5,1,0
HI-MSBSHSE-2206.txt,MS-1036,जल्दबाजी,0,0,0,0,0,0,0,0,1
HI-MSBSHSE-2206.txt,MS-1037,में,0,0,0,0,0,0,0,0,1
HI-MSBSHSE-2206.txt,MS-1038,करने,0,0,0,0,0,0,0,0,1
HI-MSBSHSE-2206.txt,MS-1039,की,0,0,0,0,0,0,0,0,1
HI-MSBSHSE-2206.txt,MS-1040,आदत,0,0,0,0,0,0,0,0,1
HI-MSBSHSE-2206.txt,MS-1041,थी,1,1,1,1,1,1,6,1,0
HI-MSBSHSE-2206.txt,MS-1042,इसी,0,0,0,0,0,0,0,0,1
HI-MSBSHSE-2206.txt,MS-1043,गड़बड़ी,0,0,0,0,0,0,0,0,1
HI-MSBSHSE-2206.txt,MS-1044,में,1,1,0,1,1,1,5,1,0
HI-MSBSHSE-2206.txt,MS-1045,उसके,0,0,0,0,0,0,0,0,1
HI-MSBSHSE-2206.txt,MS-1046,सारे,0,0,0,0,0,0,0,0,1
HI-MSBSHSE-2206.txt,MS-1047,काम,0,0,0,0,1,0,1,0,0
HI-MSBSHSE-2206.txt,MS-1048,बिगड़,0,0,0,0,0,0,0,0,1
HI-MSBSHSE-2206.txt,MS-1049,जाते,0,0,0,0,0,0,0,0,1
HI-MSBSHSE-2206.txt,MS-1050,थे,1,1,1,1,1,1,6,1,0
HI-MSBSHSE-2206.txt,MS-1051,घर,0,0,0,0,0,0,0,0,1
HI-MSBSHSE-2206.txt,MS-1052,में,0,0,0,0,0,0,0,0,1
HI-MSBSHSE-2206.txt,MS-1053,भी,1,0,0,1,1,0,3,0,0
HI-MSBSHSE-2206.txt,MS-1054,हड़बड़ी,0,0,0,0,0,0,0,0,1
HI-MSBSHSE-2206.txt,MS-1055,में,1,1,1,1,0,1,5,1,0
HI-MSBSHSE-2206.txt,MS-1056,उसके,0,0,0,0,0,0,0,0,1
HI-MSBSHSE-2206.txt,MS-1057,हाथों,0,0,0,0,0,0,0,0,1
HI-MSBSHSE-2206.txt,MS-1058,से,0,0,0,0,1,0,1,0,0
HI-MSBSHSE-2206.txt,MS-1059,बर्तन,0,0,0,0,0,0,0,0,1
HI-MSBSHSE-2206.txt,MS-1060,गिरते,0,0,0,0,0,0,0,0,1
HI-MSBSHSE-2206.txt,MS-1061,थे,1,1,1,1,1,1,6,1,0
HI-MSBSHSE-2206.txt,MS-1062,उसका,1,0,0,0,0,0,1,0,0
HI-MSBSHSE-2206.txt,MS-1063,किसी,0,0,0,0,0,0,0,0,1
HI-MSBSHSE-2206.txt,MS-1064,से,0,0,0,0,0,0,0,0,1
HI-MSBSHSE-2206.txt,MS-1065,टकराना,0,0,0,0,1,1,2,0,0
HI-MSBSHSE-2206.txt,MS-1066,तो,1,0,0,0,0,0,1,0,0
HI-MSBSHSE-2206.txt,MS-1067,आम,0,0,0,0,0,0,0,0,1
HI-MSBSHSE-2206.txt,MS-1068,बात,0,0,0,0,0,0,0,0,1
HI-MSBSHSE-2206.txt,MS-1069,थी,1,1,1,1,1,1,6,1,0
HI-MSBSHSE-2206.txt,MS-1070,एक,0,0,0,0,0,0,0,0,1
HI-MSBSHSE-2206.txt,MS-1071,दिन,1,0,1,1,1,1,5,1,0
HI-MSBSHSE-2206.txt,MS-1072,जल्दबाजी,0,0,0,0,0,0,0,0,1
HI-MSBSHSE-2206.txt,MS-1073,में,1,0,0,1,1,1,4,1,0
HI-MSBSHSE-2206.txt,MS-1074,वह,0,1,0,0,0,0,1,0,0
HI-MSBSHSE-2206.txt,MS-1075,दादी,0,0,0,0,0,0,0,0,1
HI-MSBSHSE-2206.txt,MS-1076,माँ,0,0,0,0,0,0,0,0,1
HI-MSBSHSE-2206.txt,MS-1077,से,0,0,0,0,0,0,0,0,1
HI-MSBSHSE-2206.txt,MS-1078,टकरा,0,0,0,0,0,0,0,0,1
HI-MSBSHSE-2206.txt,MS-1079,गई,1,1,1,1,1,1,6,1,0
HI-MSBSHSE-2206.txt,MS-1080,वह,0,0,0,0,0,0,0,0,1
HI-MSBSHSE-2206.txt,MS-1081,खुद,0,0,0,0,0,0,0,0,1
HI-MSBSHSE-2206.txt,MS-1082,गिर,0,0,0,0,0,0,0,0,1
HI-MSBSHSE-2206.txt,MS-1083,गई,1,1,1,1,1,1,6,1,0
HI-MSBSHSE-2206.txt,MS-1084,पानी,0,0,0,0,0,0,0,0,1
HI-MSBSHSE-2206.txt,MS-1085,का,0,0,0,0,0,0,0,0,1
HI-MSBSHSE-2206.txt,MS-1086,गिलास,0,0,0,0,0,0,0,0,1
HI-MSBSHSE-2206.txt,MS-1087,भी,0,0,0,0,0,0,0,0,1
HI-MSBSHSE-2206.txt,MS-1088,गिर,0,0,0,0,0,0,0,0,1
HI-MSBSHSE-2206.txt,MS-1089,गया,1,1,1,1,1,1,6,1,0
HI-MSBSHSE-2206.txt,MS-1090,दादी,0,0,0,0,0,0,0,0,1
HI-MSBSHSE-2206.txt,MS-1091,माँ,0,0,0,0,0,0,0,0,1
HI-MSBSHSE-2206.txt,MS-1092,ने,0,0,0,0,0,0,0,0,1
HI-MSBSHSE-2206.txt,MS-1093,उसे,0,0,0,0,0,0,0,0,1
HI-MSBSHSE-2206.txt,MS-1094,समझाया,1,0,0,0,1,1,3,0,0
HI-MSBSHSE-2206.txt,MS-1095,कि,0,1,1,1,0,0,3,0,0
HI-MSBSHSE-2206.txt,MS-1096,हड़बड़ी,0,0,0,0,0,0,0,0,1
HI-MSBSHSE-2206.txt,MS-1097,न,0,0,0,0,0,0,0,0,1
HI-MSBSHSE-2206.txt,MS-1098,करे,1,1,1,1,1,1,6,1,0
HI-MSBSHSE-2206.txt,MS-1099,एक,0,0,0,0,0,0,0,0,1
HI-MSBSHSE-2206.txt,MS-1100,दिन,0,0,0,0,0,0,0,0,1
HI-MSBSHSE-2206.txt,MS-1101,की,0,0,0,0,0,0,0,0,1
HI-MSBSHSE-2206.txt,MS-1102,बात,0,0,0,0,0,0,0,0,1
HI-MSBSHSE-2206.txt,MS-1103,है,1,1,1,1,1,1,6,1,0
HI-MSBSHSE-2206.txt,MS-1104,संजना,0,0,0,0,1,0,1,0,0
HI-MSBSHSE-2206.txt,MS-1105,पाठशाला,0,0,0,0,0,0,0,0,1
HI-MSBSHSE-2206.txt,MS-1106,के,0,0,0,0,0,0,0,0,1
HI-MSBSHSE-2206.txt,MS-1107,सामने,1,1,1,1,1,1,6,1,0
HI-MSBSHSE-2206.txt,MS-1108,रिक्शे,0,0,0,0,0,0,0,0,1
HI-MSBSHSE-2206.txt,MS-1109,से,0,0,0,0,0,0,0,0,1
HI-MSBSHSE-2206.txt,MS-1110,उतर,0,0,0,0,0,0,0,0,1
HI-MSBSHSE-2206.txt,MS-1111,रही,0,0,0,0,0,0,0,0,1
HI-MSBSHSE-2206.txt,MS-1112,थी,1,1,1,1,0,1,5,1,0
HI-MSBSHSE-2206.txt,MS-1113,जल्दबाजी,0,0,0,0,0,0,0,0,1
HI-MSBSHSE-2206.txt,MS-1114,में,1,0,1,0,1,1,4,1,0
HI-MSBSHSE-2206.txt,MS-1115,उसका,0,0,0,0,0,0,0,0,1
HI-MSBSHSE-2206.txt,MS-1116,बस्ता,1,0,0,1,1,0,3,0,0
HI-MSBSHSE-2206.txt,MS-1117,रिक्शे,0,0,0,0,0,0,0,0,1
HI-MSBSHSE-2206.txt,MS-1118,में,0,0,0,0,0,0,0,0,1
HI-MSBSHSE-2206.txt,MS-1119,फँसकर,0,1,0,0,1,0,2,0,0
HI-MSBSHSE-2206.txt,MS-1120,फट,0,0,0,0,0,0,0,0,1
HI-MSBSHSE-2206.txt,MS-1121,गया,1,1,1,1,1,1,6,1,0
HI-MSBSHSE-2206.txt,MS-1122,बस्ते,0,0,0,0,0,0,0,0,1
HI-MSBSHSE-2206.txt,MS-1123,से,0,0,0,0,0,0,0,0,1
HI-MSBSHSE-2206.txt,MS-1124,सारा,0,0,0,0,0,0,0,0,1
HI-MSBSHSE-2206.txt,MS-1125,सामान,1,1,0,1,1,1,5,1,0
HI-MSBSHSE-2206.txt,MS-1126,जमीन,0,0,0,0,0,0,0,0,1
HI-MSBSHSE-2206.txt,MS-1127,पर,0,0,0,0,0,0,0,0,1
HI-MSBSHSE-2206.txt,MS-1128,गिर,0,0,0,0,0,0,0,0,1
HI-MSBSHSE-2206.txt,MS-1129,गया,1,1,1,1,0,1,5,1,0
HI-MSBSHSE-2206.txt,MS-1130,यह,0,0,0,0,0,0,0,0,1
HI-MSBSHSE-2206.txt,MS-1131,देखकर,1,0,0,0,1,0,2,0,0
HI-MSBSHSE-2206.txt,MS-1132,वह,0,0,0,0,0,0,0,0,1
HI-MSBSHSE-2206.txt,MS-1133,रोने,0,0,0,0,0,0,0,0,1
HI-MSBSHSE-2206.txt,MS-1134,लगी,1,1,1,1,1,1,6,1,0
HI-MSBSHSE-2407.txt,MS-1001,एक,0,0,0,0,0,0,0,0,1
HI-MSBSHSE-2407.txt,MS-1002,समय,0,0,0,0,0,0,0,0,1
HI-MSBSHSE-2407.txt,MS-1003,की,0,0,0,0,0,0,0,0,1
HI-MSBSHSE-2407.txt,MS-1004,बात,0,0,0,0,0,0,0,0,1
HI-MSBSHSE-2407.txt,MS-1005,है,1,1,1,1,1,1,6,1,0
HI-MSBSHSE-2407.txt,MS-1006,नंदनवन,0,0,0,0,0,0,0,0,1
HI-MSBSHSE-2407.txt,MS-1007,के,0,0,0,0,0,1,1,0,0
HI-MSBSHSE-2407.txt,MS-1008,सभी,0,0,0,0,0,0,0,0,1
HI-MSBSHSE-2407.txt,MS-1009,प्राणी,0,0,0,0,1,0,1,0,0
HI-MSBSHSE-2407.txt,MS-1010,उदास,0,0,0,0,0,0,0,0,1
HI-MSBSHSE-2407.txt,MS-1011,थे,1,1,1,1,1,1,6,1,0
HI-MSBSHSE-2407.txt,MS-1012,शेर,0,0,0,0,0,0,0,0,1
HI-MSBSHSE-2407.txt,MS-1013,राजा,0,0,0,0,0,0,0,0,1
HI-MSBSHSE-2407.txt,MS-1014,ने,0,1,0,0,1,1,3,0,0
HI-MSBSHSE-2407.txt,MS-1015,इसका,0,0,0,0,0,0,0,0,1
HI-MSBSHSE-2407.txt,MS-1016,कारण,0,0,0,0,0,0,0,0,1
HI-MSBSHSE-2407.txt,MS-1017,जानना,0,0,0,0,0,0,0,0,1
HI-MSBSHSE-2407.txt,MS-1018,चाहा,1,1,1,1,1,1,6,1,0
HI-MSBSHSE-2407.txt,MS-1019,शेर,0,0,0,0,0,0,0,0,1
HI-MSBSHSE-2407.txt,MS-1020,ने,0,0,0,0,0,0,0,0,1
HI-MSBSHSE-2407.txt,MS-1021,हाथी,0,0,0,0,0,0,0,0,1
HI-MSBSHSE-2407.txt,MS-1022,से,0,0,0,0,0,0,0,0,1
HI-MSBSHSE-2407.txt,MS-1023,पूछा,1,1,1,1,1,1,6,1,0
HI-MSBSHSE-2407.txt,MS-1024,हाथी,0,0,0,0,0,0,0,0,1
HI-MSBSHSE-2407.txt,MS-1025,ने,0,0,0,0,0,0,0,0,1
HI-MSBSHSE-2407.txt,MS-1026,बताया,1,0,0,0,1,1,3,0,0
HI-MSBSHSE-2407.txt,MS-1027,कि,0,1,1,1,0,0,3,0,0
HI-MSBSHSE-2407.txt,MS-1028,मानव,1,0,0,0,1,0,2,0,0
HI-MSBSHSE-2407.txt,MS-1029,नंदनवन,0,0,0,0,0,0,0,0,1
HI-MSBSHSE-2407.txt,MS-1030,के,0,0,0,0,0,0,0,0,1
HI-MSBSHSE-2407.txt,MS-1031,पेड़,0,1,0,0,0,1,2,0,0
HI-MSBSHSE-2407.txt,MS-1032,काट,0,0,0,0,0,0,0,0,1
HI-MSBSHSE-2407.txt,MS-1033,रहे,0,0,0,0,0,0,0,0,1
HI-MSBSHSE-2407.txt,MS-1034,हैं,1,1,1,1,1,1,6,1,0
HI-MSBSHSE-2407.txt,MS-1035,इससे,0,0,0,0,0,0,0,0,1
HI-MSBSHSE-2407.txt,MS-1036,जानवरों,0,0,0,0,0,0,0,0,1
HI-MSBSHSE-2407.txt,MS-1037,को,0,1,0,0,0,0,1,0,0
HI-MSBSHSE-2407.txt,MS-1038,रहने,1,0,1,0,1,1,4,1,0
HI-MSBSHSE-2407.txt,MS-1039,और,0,0,0,0,0,0,0,0,1
HI-MSBSHSE-2407.txt,MS-1040,खाने,0,0,0,0,0,0,0,0,1
HI-MSBSHSE-2407.txt,MS-1041,की,0,0,0,0,0,0,0,0,1
HI-MSBSHSE-2407.txt,MS-1042,जगह,1,1,0,1,1,1,5,1,0
HI-MSBSHSE-2407.txt,MS-1043,कम,0,0,0,0,0,0,0,0,1
HI-MSBSHSE-2407.txt,MS-1044,मिल,0,0,0,0,0,0,0,0,1
HI-MSBSHSE-2407.txt,MS-1045,रही,0,0,0,0,0,0,0,0,1
HI-MSBSHSE-2407.txt,MS-1046,है,1,1,1,1,1,1,6,1,0
HI-MSBSHSE-2407.txt,MS-1047,शेर,0,0,0,0,0,0,0,0,1
HI-MSBSHSE-2407.txt,MS-1048,ने,0,0,0,0,0,0,0,0,1
HI-MSBSHSE-2407.txt,MS-1049,सोचा,1,0,0,0,1,1,3,0,0
HI-MSBSHSE-2407.txt,MS-1050,कि,0,1,1,1,0,0,3,0,0
HI-MSBSHSE-2407.txt,MS-1051,धीरे-धीरे,1,0,0,1,0,0,2,0,0
HI-MSBSHSE-2407.txt,MS-1052,मानव,0,1,0,0,0,1,2,0,0
HI-MSBSHSE-2407.txt,MS-1053,सब,0,0,0,0,0,0,0,0,1
HI-MSBSHSE-2407.txt,MS-1054,कुछ,0,0,0,0,0,0,0,0,1
HI-MSBSHSE-2407.txt,MS-1055,छीन,0,0,0,0,0,0,0,0,1
HI-MSBSHSE-2407.txt,MS-1056,रहे,0,0,0,0,0,0,0,0,1
HI-MSBSHSE-2407.txt,MS-1057,हैं,1,1,1,1,1,1,6,1,0
HI-MSBSHSE-2407.txt,MS-1058,भालू,0,0,0,0,0,0,0,0,1
HI-MSBSHSE-2407.txt,MS-1059,ने,0,0,0,0,0,0,0,0,1
HI-MSBSHSE-2407.txt,MS-1060,कहा,1,0,0,0,1,1,3,0,0
HI-MSBSHSE-2407.txt,MS-1061,कि,0,1,1,1,0,0,3,0,0
HI-MSBSHSE-2407.txt,MS-1062,कई,0,0,0,0,0,0,0,0,1
HI-MSBSHSE-2407.txt,MS-1063,प्रजातियाँ,0,1,0,0,0,0,1,0,0
HI-MSBSHSE-2407.txt,MS-1064,समाप्त,0,0,0,0,0,0,0,0,1
HI-MSBSHSE-2407.txt,MS-1065,हो,0,0,0,0,0,0,0,0,1
HI-MSBSHSE-2407.txt,MS-1066,गई,0,0,0,0,0,0,0,0,1
HI-MSBSHSE-2407.txt,MS-1067,हैं,1,1,1,1,1,1,6,1,0
HI-MSBSHSE-2407.txt,MS-1068,सभी,0,0,0,0,0,0,0,0,1
HI-MSBSHSE-2407.txt,MS-1069,प्राणी,0,1,0,0,1,1,3,0,0
HI-MSBSHSE-2407.txt,MS-1070,अपनी,0,0,0,0,0,0,0,0,1
HI-MSBSHSE-2407.txt,MS-1071,परेशानियाँ,0,0,0,0,0,0,0,0,1
HI-MSBSHSE-2407.txt,MS-1072,बताने,0,0,0,0,0,0,0,0,1
HI-MSBSHSE-2407.txt,MS-1073,लगे,1,1,1,1,1,1,6,1,0
HI-MSBSHSE-2407.txt,MS-1074,वे,0,0,0,0,0,0,0,0,1
HI-MSBSHSE-2407.txt,MS-1075,मानव,0,0,0,0,0,0,0,0,1
HI-MSBSHSE-2407.txt,MS-1076,को,0,0,0,0,0,0,0,0,1
HI-MSBSHSE-2407.txt,MS-1077,दोष,0,0,0,0,0,0,0,0,1
HI-MSBSHSE-2407.txt,MS-1078,देने,0,0,0,0,0,0,0,0,1
HI-MSBSHSE-2407.txt,MS-1079,लगे,1,1,1,1,1,1,6,1,0
HI-MSBSHSE-2407.txt,MS-1080,शेर,0,0,0,0,0,0,0,0,1
HI-MSBSHSE-2407.txt,MS-1081,ने,0,0,0,0,0,0,0,0,1
HI-MSBSHSE-2407.txt,MS-1082,सभी,0,0,0,0,0,0,0,0,1
HI-MSBSHSE-2407.txt,MS-1083,को,0,0,0,0,0,0,0,0,1
HI-MSBSHSE-2407.txt,MS-1084,शांत,0,0,0,0,0,0,0,0,1
HI-MSBSHSE-2407.txt,MS-1085,किया,1,1,1,1,1,1,6,1,0
HI-MSBSHSE-2407.txt,MS-1086,उसने,0,0,0,0,0,0,0,0,1
HI-MSBSHSE-2407.txt,MS-1087,कहा,1,0,0,0,1,1,3,0,0
HI-MSBSHSE-2407.txt,MS-1088,कि,0,1,1,1,0,0,3,0,0
HI-MSBSHSE-2407.txt,MS-1089,इस,0,0,0,0,0,0,0,0,1
HI-MSBSHSE-2407.txt,MS-1090,तरह,0,0,0,0,0,1,1,0,0
HI-MSBSHSE-2407.txt,MS-1091,परेशानी,0,0,0,0,1,0,1,0,0
HI-MSBSHSE-2407.txt,MS-1092,हल,0,0,0,0,0,0,0,0,1
HI-MSBSHSE-2407.txt,MS-1093,नहीं,0,0,0,0,0,0,0,0,1
HI-MSBSHSE-2407.txt,MS-1094,होगी,1,1,1,1,1,1,6,1,0
HI-MSBSHSE-2407.txt,MS-1095,सभी,0,0,0,0,0,0,0,0,1
HI-MSBSHSE-2407.txt,MS-1096,को,0,0,0,0,0,0,0,0,1
HI-MSBSHSE-2407.txt,MS-1097,धैर्य,0,0,0,0,0,0,0,0,1
HI-MSBSHSE-2407.txt,MS-1098,रखना,0,0,0,0,0,0,0,0,1
HI-MSBSHSE-2407.txt,MS-1099,चाहिए,1,1,1,1,1,1,6,1,0
HI-MSBSHSE-2407.txt,MS-1100,इस,0,0,0,0,0,0,0,0,1
HI-MSBSHSE-2407.txt,MS-1101,विषय,0,0,0,0,0,0,0,0,1
HI-MSBSHSE-2407.txt,MS-1102,पर,1,1,0,1,1,1,5,1,0
HI-MSBSHSE-2407.txt,MS-1103,तुरंत,0,0,0,0,0,0,0,0,1
HI-MSBSHSE-2407.txt,MS-1104,कोई,0,0,0,0,0,0,0,0,1
HI-MSBSHSE-2407.txt,MS-1105,उपाय,0,0,0,0,0,0,0,0,1
HI-MSBSHSE-2407.txt,MS-1106,सोचना,0,0,0,0,0,0,0,0,1
HI-MSBSHSE-2407.txt,MS-1107,होगा,1,1,1,1,1,1,6,1,0
HI-MSBSHSE-2407.txt,MS-1108,हाथी,0,0,0,0,0,0,0,0,1
HI-MSBSHSE-2407.txt,MS-1109,ने,0,0,0,0,0,0,0,0,1
HI-MSBSHSE-2407.txt,MS-1110,कहा,1,0,0,0,1,1,3,0,0
HI-MSBSHSE-2407.txt,MS-1111,कि,0,1,1,1,0,0,3,0,0
HI-MSBSHSE-2407.txt,MS-1112,कुछ,0,0,0,0,0,0,0,0,1
HI-MSBSHSE-2407.txt,MS-1113,प्राणियों,0,0,0,0,0,0,0,0,1
HI-MSBSHSE-2407.txt,MS-1114,ने,0,0,0,0,0,0,0,0,1
HI-MSBSHSE-2407.txt,MS-1115,भी,1,1,0,1,0,1,4,1,0
HI-MSBSHSE-2407.txt,MS-1116,मानव,0,0,0,0,0,0,0,0,1
HI-MSBSHSE-2407.txt,MS-1117,बस्तियों,0,0,0,0,0,0,0,0,1
HI-MSBSHSE-2407.txt,MS-1118,में,0,0,0,0,0,0,0,0,1
HI-MSBSHSE-2407.txt,MS-1119,जाकर,1,1,1,1,1,1,6,1,0
HI-MSBSHSE-2407.txt,MS-1120,उन्हें,0,0,0,0,0,0,0,0,1
HI-MSBSHSE-2407.txt,MS-1121,परेशान,0,0,0,0,0,0,0,0,1
HI-MSBSHSE-2407.txt,MS-1122,किया,0,0,0,0,0,0,0,0,1
HI-MSBSHSE-2407.txt,MS-1123,है,1,1,1,1,1,1,6,1,0
HI-MSBSHSE-2407.txt,MS-1124,नटखट,0,0,0,0,0,0,0,0,1
HI-MSBSHSE-2407.txt,MS-1125,बंदर,0,0,0,0,0,0,0,0,1
HI-MSBSHSE-2407.txt,MS-1126,ने,0,0,0,0,0,0,0,0,1
HI-MSBSHSE-2407.txt,MS-1127,सुझाव,0,0,0,0,0,0,0,0,1
HI-MSBSHSE-2407.txt,MS-1128,दिया,1,1,0,0,1,1,4,1,0
HI-MSBSHSE-2407.txt,MS-1129,कि,0,0,1,1,0,0,2,0,0
HI-MSBSHSE-2407.txt,MS-1130,प्राणी,0,0,0,0,0,0,0,0,1
HI-MSBSHSE-2407.txt,MS-1131,मित्र,0,0,0,0,0,0,0,0,1
HI-MSBSHSE-2407.txt,MS-1132,संस्था,0,0,0,0,0,0,0,0,1
HI-MSBSHSE-2407.txt,MS-1133,को,0,1,0,0,0,1,2,0,0
HI-MSBSHSE-2407.txt,MS-1134,निवेदन,0,0,0,0,0,0,0,0,1
HI-MSBSHSE-2407.txt,MS-1135,भेजा,0,0,0,0,0,0,0,0,1
HI-MSBSHSE-2407.txt,MS-1136,जाए,1,1,1,1,1,1,6,1,0
HI-MSBSHSE-3110.txt,MS-1001,बहन,0,0,0,0,0,0,0,0,1
HI-MSBSHSE-3110.txt,MS-1002,जी,0,0,0,1,0,0,1,0,0
HI-MSBSHSE-3110.txt,MS-1003,कक्षा,0,0,0,0,0,0,0,0,1
HI-MSBSHSE-3110.txt,MS-1004,में,0,0,0,0,0,0,0,0,1
HI-MSBSHSE-3110.txt,MS-1005,आईं,1,1,1,1,1,1,6,1,0
HI-MSBSHSE-3110.txt,MS-1006,उन्होंने,0,0,0,0,0,0,0,0,1
HI-MSBSHSE-3110.txt,MS-1007,देखा,1,0,0,0,1,0,2,0,0
HI-MSBSHSE-3110.txt,MS-1008,कि,0,1,0,0,0,1,2,0,0
HI-MSBSHSE-3110.txt,MS-1009,बच्चों,0,0,0,0,0,0,0,0,1
HI-MSBSHSE-3110.txt,MS-1010,की,0,0,0,0,0,0,0,0,1
HI-MSBSHSE-3110.txt,MS-1011,मनःस्थिति,1,1,1,1,1,0,5,1,0
HI-MSBSHSE-3110.txt,MS-1012,पढ़ाई,0,0,0,0,0,0,0,0,1
HI-MSBSHSE-3110.txt,MS-1013,के,0,0,0,0,0,0,0,0,1
HI-MSBSHSE-3110.txt,MS-1014,लिए,0,0,0,0,0,0,0,0,1
HI-MSBSHSE-3110.txt,MS-1015,नहीं,0,0,0,0,0,0,0,0,1
HI-MSBSHSE-3110.txt,MS-1016,थी,1,1,1,1,1,1,6,1,0
HI-MSBSHSE-3110.txt,MS-1017,उन्होंने,0,0,0,0,0,0,0,0,1
HI-MSBSHSE-3110.txt,MS-1018,घोषणा,0,0,0,0,0,0,0,0,1
HI-MSBSHSE-3110.txt,MS-1019,की,1,1,1,1,1,1,6,1,0
HI-MSBSHSE-3110.txt,MS-1020,कि,0,0,0,0,0,0,0,0,1
HI-MSBSHSE-3110.txt,MS-1021,आज,0,0,0,0,0,0,0,0,1
HI-MSBSHSE-3110.txt,MS-1022,पढ़ाई,0,0,0,0,0,0,0,0,1
HI-MSBSHSE-3110.txt,MS-1023,नहीं,0,0,0,0,0,0,0,0,1
HI-MSBSHSE-3110.txt,MS-1024,होगी,1,1,1,1,1,1,6,1,0
HI-MSBSHSE-3110.txt,MS-1025,यह,0,0,0,0,0,0,0,0,1
HI-MSBSHSE-3110.txt,MS-1026,सुनकर,1,0,0,0,1,1,3,0,0
HI-MSBSHSE-3110.txt,MS-1027,बच्चे,0,0,0,0,0,0,0,0,1
HI-MSBSHSE-3110.txt,MS-1028,बहुत,0,0,0,0,0,0,0,0,1
HI-MSBSHSE-3110.txt,MS-1029,खुश,0,0,0,0,0,0,0,0,1
HI-MSBSHSE-3110.txt,MS-1030,हुए,1,1,1,1,1,1,6,1,0
HI-MSBSHSE-3110.txt,MS-1031,बहन,0,0,0,0,0,0,0,0,1
HI-MSBSHSE-3110.txt,MS-1032,जी,0,0,0,0,0,0,0,0,1
HI-MSBSHSE-3110.txt,MS-1033,ने,0,0,0,0,0,0,0,0,1
HI-MSBSHSE-3110.txt,MS-1034,कहा,1,0,0,0,1,1,3,0,0
HI-MSBSHSE-3110.txt,MS-1035,कि,0,1,1,0,0,0,2,0,0
HI-MSBSHSE-3110.txt,MS-1036,सभी,1,0,0,0,0,0,1,0,0
HI-MSBSHSE-3110.txt,MS-1037,एक,0,0,0,0,0,0,0,0,1
HI-MSBSHSE-3110.txt,MS-1038,पंक्ति,0,0,0,0,0,0,0,0,1
HI-MSBSHSE-3110.txt,MS-1039,में,1,0,0,0,0,1,2,0,0
HI-MSBSHSE-3110.txt,MS-1040,खड़े,0,0,0,0,0,0,0,0,1
HI-MSBSHSE-3110.txt,MS-1041,हो,0,0,0,0,0,0,0,0,1
HI-MSBSHSE-3110.txt,MS-1042,जाएँ,1,1,1,0,1,1,5,1,0
HI-MSBSHSE-3110.txt,MS-1043,फिर,0,0,0,0,0,0,0,0,1
HI-MSBSHSE-3110.txt,MS-1044,सभी,1,0,0,0,0,0,1,0,0
HI-MSBSHSE-3110.txt,MS-1045,मैदान,0,0,0,0,0,0,0,0,1
HI-MSBSHSE-3110.txt,MS-1046,में,1,1,0,0,0,1,3,0,0
HI-MSBSHSE-3110.txt,MS-1047,पेड़,0,0,0,0,0,0,0,0,1
HI-MSBSHSE-3110.txt,MS-1048,के,0,0,0,0,0,0,0,0,1
HI-MSBSHSE-3110.txt,MS-1049,नीचे,0,0,0,0,0,0,0,0,1
HI-MSBSHSE-3110.txt,MS-1050,चले,0,0,0,0,0,0,0,0,1
HI-MSBSHSE-3110.txt,MS-1051,गए,1,1,1,0,1,1,5,1,0
HI-MSBSHSE-3110.txt,MS-1052,वहाँ,1,0,0,0,0,0,1,0,0
HI-MSBSHSE-3110.txt,MS-1053,बहन,0,0,0,0,0,0,0,0,1
HI-MSBSHSE-3110.txt,MS-1054,जी,0,0,0,0,0,0,0,0,1
HI-MSBSHSE-3110.txt,MS-1055,ने,0,1,1,0,0,0,2,0,0
HI-MSBSHSE-3110.txt,MS-1056,सबको,1,0,0,0,1,1,3,0,0
HI-MSBSHSE-3110.txt,MS-1057,अर्धगोलाकार,0,0,0,0,0,0,0,0,1
HI-MSBSHSE-3110.txt,MS-1058,में,0,1,0,0,0,0,1,0,0
HI-MSBSHSE-3110.txt,MS-1059,बैठने,0,0,0,0,0,0,0,0,1
HI-MSBSHSE-3110.txt,MS-1060,के,0,0,0,0,0,0,0,0,1
HI-MSBSHSE-3110.txt,MS-1061,लिए,0,0,0,0,0,0,0,0,1
HI-MSBSHSE-3110.txt,MS-1062,कहा,1,1,1,0,1,1,5,1,0
HI-MSBSHSE-3110.txt,MS-1063,बच्चे,0,0,0,0,0,0,0,0,1
HI-MSBSHSE-3110.txt,MS-1064,जल्दी,0,0,0,0,0,0,0,0,1
HI-MSBSHSE-3110.txt,MS-1065,से,0,0,0,0,0,0,0,0,1
HI-MSBSHSE-3110.txt,MS-1066,बैठ,0,0,0,0,0,0,0,0,1
HI-MSBSHSE-3110.txt,MS-1067,गए,1,1,1,0,1,1,5,1,0
HI-MSBSHSE-3110.txt,MS-1068,बहन,0,0,0,0,0,0,0,0,1
HI-MSBSHSE-3110.txt,MS-1069,जी,0,0,0,0,0,0,0,0,1
HI-MSBSHSE-3110.txt,MS-1070,ने,1,1,0,0,1,0,3,0,0
HI-MSBSHSE-3110.txt,MS-1071,पहले,0,0,0,0,0,0,0,0,1
HI-MSBSHSE-3110.txt,MS-1072,से,0,0,0,0,0,0,0,0,1
HI-MSBSHSE-3110.txt,MS-1073,ही,1,0,1,0,0,1,3,0,0
HI-MSBSHSE-3110.txt,MS-1074,परचियाँ,0,1,0,0,0,0,1,0,0
HI-MSBSHSE-3110.txt,MS-1075,तैयार,0,0,0,0,0,0,0,0,1
HI-MSBSHSE-3110.txt,MS-1076,कर,0,0,0,0,0,0,0,0,1
HI-MSBSHSE-3110.txt,MS-1077,रखी,0,0,0,0,0,0,0,0,1
HI-MSBSHSE-3110.txt,MS-1078,थीं,1,1,1,0,1,1,5,1,0
HI-MSBSHSE-3110.txt,MS-1079,इन,0,0,0,0,0,0,0,0,1
HI-MSBSHSE-3110.txt,MS-1080,परचियों,0,0,0,0,0,0,0,0,1
HI-MSBSHSE-3110.txt,MS-1081,में,1,0,0,0,0,0,1,0,0
HI-MSBSHSE-3110.txt,MS-1082,किसान,1,1,1,0,1,1,5,1,0
HI-MSBSHSE-3110.txt,MS-1083,रसोइया,1,1,1,0,1,1,5,1,0
HI-MSBSHSE-3110.txt,MS-1084,दूधवाला,1,1,1,0,1,1,5,1,0
HI-MSBSHSE-3110.txt,MS-1085,सब्जीवाला,1,1,1,0,1,1,5,1,0
HI-MSBSHSE-3110.txt,MS-1086,और,0,0,0,0,0,0,0,0,1
HI-MSBSHSE-3110.txt,MS-1087,डॉक्टर,0,1,0,0,0,0,1,0,0
HI-MSBSHSE-3110.txt,MS-1088,जैसे,0,0,0,0,0,0,0,0,1
HI-MSBSHSE-3110.txt,MS-1089,नाम,0,0,0,0,0,0,0,0,1
HI-MSBSHSE-3110.txt,MS-1090,लिखे,0,0,0,0,0,0,0,0,1
HI-MSBSHSE-3110.txt,MS-1091,थे,1,1,1,0,1,1,5,1,0
HI-MSBSHSE-3110.txt,MS-1092,उन्होंने,0,0,0,0,0,0,0,0,1
HI-MSBSHSE-3110.txt,MS-1093,बताया,1,0,0,0,1,1,3,0,0
HI-MSBSHSE-3110.txt,MS-1094,कि,0,1,1,0,0,0,2,0,0
HI-MSBSHSE-3110.txt,MS-1095,सभी,0,0,0,0,0,0,0,0,1
HI-MSBSHSE-3110.txt,MS-1096,को,1,0,0,0,0,0,1,0,0
HI-MSBSHSE-3110.txt,MS-1097,एक-एक,0,0,0,0,0,0,0,0,1
HI-MSBSHSE-3110.txt,MS-1098,परची,0,1,0,0,0,0,1,0,0
HI-MSBSHSE-3110.txt,MS-1099,लेनी,0,0,0,0,0,0,0,0,1
HI-MSBSHSE-3110.txt,MS-1100,होगी,1,1,1,0,1,1,5,1,0
HI-MSBSHSE-3110.txt,MS-1101,और,0,0,0,0,0,0,0,0,1
HI-MSBSHSE-3110.txt,MS-1102,परची,0,0,0,0,0,0,0,0,1
HI-MSBSHSE-3110.txt,MS-1103,लेने,0,0,0,0,0,0,0,0,1
HI-MSBSHSE-3110.txt,MS-1104,के,0,0,0,0,0,0,0,0,1
HI-MSBSHSE-3110.txt,MS-1105,बाद,1,1,0,0,1,1,4,1,0
HI-MSBSHSE-3110.txt,MS-1106,सोचने,0,0,0,0,0,0,0,0,1
HI-MSBSHSE-3110.txt,MS-1107,के,0,0,0,0,0,0,0,0,1
HI-MSBSHSE-3110.txt,MS-1108,लिए,0,0,0,0,0,0,0,0,1
HI-MSBSHSE-3110.txt,MS-1109,पाँच,0,0,0,0,0,0,0,0,1
HI-MSBSHSE-3110.txt,MS-1110,मिनट,0,0,0,0,0,0,0,0,1
HI-MSBSHSE-3110.txt,MS-1111,मिलेंगे,1,1,1,0,1,1,5,1,0
HI-MSBSHSE-3110.txt,MS-1112,सूचना,0,0,0,0,0,0,0,0,1
HI-MSBSHSE-3110.txt,MS-1113,जारी,0,0,0,0,0,0,0,0,1
HI-MSBSHSE-3110.txt,MS-1114,रखते,0,0,0,0,0,0,0,0,1
HI-MSBSHSE-3110.txt,MS-1115,हुए,1,1,1,0,1,1,5,1,0
HI-MSBSHSE-3110.txt,MS-1116,उन्होंने,0,0,0,0,0,0,0,0,1
HI-MSBSHSE-3110.txt,MS-1117,समझाया,1,0,0,0,1,1,3,0,0
HI-MSBSHSE-3110.txt,MS-1118,कि,0,1,1,0,0,0,2,0,0
HI-MSBSHSE-3110.txt,MS-1119,किसी,0,0,0,0,0,0,0,0,1
HI-MSBSHSE-3110.txt,MS-1120,एक,0,0,0,0,0,0,0,0,1
HI-MSBSHSE-3110.txt,MS-1121,विद्यार्थी,0,0,0,0,0,0,0,0,1
HI-MSBSHSE-3110.txt,MS-1122,का,0,0,0,0,0,0,0,0,1
HI-MSBSHSE-3110.txt,MS-1123,क्रमांक,0,1,0,0,0,1,2,0,0
HI-MSBSHSE-3110.txt,MS-1124,बोला,0,0,0,0,0,0,0,0,1
HI-MSBSHSE-3110.txt,MS-1125,जाएगा,1,1,1,0,1,1,5,1,0
HI-MSBSHSE-3110.txt,MS-1126,जिसे,0,0,0,0,0,0,0,0,1
HI-MSBSHSE-3110.txt,MS-1127,परची,0,0,0,0,0,0,0,0,1
HI-MSBSHSE-3110.txt,MS-1128,के,0,0,0,0,0,0,0,0,1
HI-MSBSHSE-3110.txt,MS-1129,अनुसार,0,1,0,0,1,0,2,0,0
HI-MSBSHSE-3110.txt,MS-1130,अभिनय,0,0,0,0,0,0,0,0,1
HI-MSBSHSE-3110.txt,MS-1131,करना,0,0,0,0,0,0,0,0,1
HI-MSBSHSE-3110.txt,MS-1132,होगा,1,1,1,0,1,1,5,1,0
HI-MSBSHSE-3110.txt,MS-1133,शेष,0,0,0,0,0,0,0,0,1
HI-MSBSHSE-3110.txt,MS-1134,विद्यार्थी,1,1,0,0,0,0,2,0,0
HI-MSBSHSE-3110.txt,MS-1135,अभिनय,0,0,0,0,0,0,0,0,1
HI-MSBSHSE-3110.txt,MS-1136,देखकर,1,1,1,0,1,1,5,1,0
HI-MSBSHSE-3110.txt,MS-1137,उस,0,0,0,0,0,0,0,0,1
HI-MSBSHSE-3110.txt,MS-1138,व्यवसाय,0,0,0,0,0,0,0,0,1
HI-MSBSHSE-3110.txt,MS-1139,का,0,0,0,0,0,0,0,0,1
HI-MSBSHSE-3110.txt,MS-1140,नाम,0,0,0,0,0,0,0,0,1
HI-MSBSHSE-3110.txt,MS-1141,बताएँगे,1,1,1,0,1,1,5,1,0
HI-MSBSHSE-3110.txt,MS-1142,इसके,0,0,0,0,0,0,0,0,1
HI-MSBSHSE-3110.txt,MS-1143,बाद,1,1,1,0,1,1,5,1,0
HI-MSBSHSE-3110.txt,MS-1144,बच्चों,0,0,0,0,0,0,0,0,1
HI-MSBSHSE-3110.txt,MS-1145,ने,0,0,0,0,0,0,0,0,1
HI-MSBSHSE-3110.txt,MS-1146,अभिनय,0,0,0,0,0,0,0,0,1
HI-MSBSHSE-3110.txt,MS-1147,करना,0,0,0,0,0,0,0,0,1
HI-MSBSHSE-3110.txt,MS-1148,शुरू,0,0,0,0,0,0,0,0,1
HI-MSBSHSE-3110.txt,MS-1149,किया,1,1,1,0,1,1,5,1,0
HI-MSBSHSE-3203.txt,MS-1001,देवपुर,0,0,0,0,0,0,0,0,1
HI-MSBSHSE-3203.txt,MS-1002,का,0,0,0,0,0,0,0,0,1
HI-MSBSHSE-3203.txt,MS-1003,राजा,0,1,0,0,1,1,3,0,0
HI-MSBSHSE-3203.txt,MS-1004,कर्मसेन,1,0,0,1,1,0,3,0,0
HI-MSBSHSE-3203.txt,MS-1005,न्यायप्रिय,0,0,0,0,0,0,0,0,1
HI-MSBSHSE-3203.txt,MS-1006,था,1,1,1,0,1,1,5,1,0
HI-MSBSHSE-3203.txt,MS-1007,परंतु,0,0,0,1,0,0,1,0,0
HI-MSBSHSE-3203.txt,MS-1008,उसे,0,0,0,0,0,0,0,0,1
HI-MSBSHSE-3203.txt,MS-1009,गीत-संगीत,0,0,0,0,0,0,0,0,1
HI-MSBSHSE-3203.txt,MS-1010,में,0,1,0,0,1,1,3,0,0
HI-MSBSHSE-3203.txt,MS-1011,कोई,0,0,0,0,0,0,0,0,1
HI-MSBSHSE-3203.txt,MS-1012,रुचि,0,0,0,0,0,0,0,0,1
HI-MSBSHSE-3203.txt,MS-1013,नहीं,0,0,0,0,0,0,0,0,1
HI-MSBSHSE-3203.txt,MS-1014,थी,1,1,1,1,1,1,6,1,0
HI-MSBSHSE-3203.txt,MS-1015,अतः,1,1,1,1,1,1,6,1,0
HI-MSBSHSE-3203.txt,MS-1016,राज्य,0,0,0,0,0,0,0,0,1
HI-MSBSHSE-3203.txt,MS-1017,में,1,0,0,0,0,0,1,0,0
HI-MSBSHSE-3203.txt,MS-1018,गाने-बजाने,0,0,0,0,0,0,0,0,1
HI-MSBSHSE-3203.txt,MS-1019,की,0,0,0,0,0,0,0,0,1
HI-MSBSHSE-3203.txt,MS-1020,मनाही,0,0,0,0,0,0,0,0,1
HI-MSBSHSE-3203.txt,MS-1021,थी,1,1,1,1,1,1,6,1,0
HI-MSBSHSE-3203.txt,MS-1022,उसी,0,0,0,0,0,0,0,0,1
HI-MSBSHSE-3203.txt,MS-1023,राज्य,0,0,0,0,0,0,0,0,1
HI-MSBSHSE-3203.txt,MS-1024,में,1,1,0,1,1,1,5,1,0
HI-MSBSHSE-3203.txt,MS-1025,सत्यजीत,0,0,0,0,0,0,0,0,1
HI-MSBSHSE-3203.txt,MS-1026,नाम,0,0,0,0,0,0,0,0,1
HI-MSBSHSE-3203.txt,MS-1027,का,0,0,0,1,1,0,2,0,0
HI-MSBSHSE-3203.txt,MS-1028,पढ़ा-लिखा,1,1,1,1,1,1,6,1,0
HI-MSBSHSE-3203.txt,MS-1029,बाँसुरी,0,0,0,0,0,0,0,0,1
HI-MSBSHSE-3203.txt,MS-1030,बजाने,0,0,0,0,0,0,0,0,1
HI-MSBSHSE-3203.txt,MS-1031,में,0,0,0,0,0,0,0,0,1
HI-MSBSHSE-3203.txt,MS-1032,कुशल,1,1,1,0,1,1,5,1,0
HI-MSBSHSE-3203.txt,MS-1033,एक,0,0,0,0,0,0,0,0,1
HI-MSBSHSE-3203.txt,MS-1034,युवक,0,0,0,0,0,0,0,0,1
HI-MSBSHSE-3203.txt,MS-1035,था,1,1,1,1,1,1,6,1,0
HI-MSBSHSE-3203.txt,MS-1036,एक,0,0,0,0,0,0,0,0,1
HI-MSBSHSE-3203.txt,MS-1037,दिन,1,1,1,1,1,1,6,1,0
HI-MSBSHSE-3203.txt,MS-1038,जंगल,0,0,0,0,0,0,0,0,1
HI-MSBSHSE-3203.txt,MS-1039,में,0,0,0,0,0,0,0,0,1
HI-MSBSHSE-3203.txt,MS-1040,पेड़,0,0,0,0,0,0,0,0,1
HI-MSBSHSE-3203.txt,MS-1041,के,0,0,0,0,0,0,0,0,1
HI-MSBSHSE-3203.txt,MS-1042,नीचे,0,0,0,0,0,0,0,0,1
HI-MSBSHSE-3203.txt,MS-1043,बैठकर,1,1,1,1,1,1,6,1,0
HI-MSBSHSE-3203.txt,MS-1044,वह,0,0,0,0,0,0,0,0,1
HI-MSBSHSE-3203.txt,MS-1045,बाँसुरी,0,0,0,0,0,0,0,0,1
HI-MSBSHSE-3203.txt,MS-1046,बजाने,0,0,0,0,0,0,0,0,1
HI-MSBSHSE-3203.txt,MS-1047,वाला,0,0,0,0,0,0,0,0,1
HI-MSBSHSE-3203.txt,MS-1048,ही,0,0,0,0,0,0,0,0,1
HI-MSBSHSE-3203.txt,MS-1049,था,1,1,0,0,1,1,4,1,0
HI-MSBSHSE-3203.txt,MS-1050,कि,0,0,1,1,0,0,2,0,0
HI-MSBSHSE-3203.txt,MS-1051,उसे,0,0,0,0,0,0,0,0,1
HI-MSBSHSE-3203.txt,MS-1052,एक,0,1,0,0,0,0,1,0,0
HI-MSBSHSE-3203.txt,MS-1053,घुड़सवार,0,0,0,0,0,0,0,0,1
HI-MSBSHSE-3203.txt,MS-1054,आता,0,0,0,0,0,0,0,0,1
HI-MSBSHSE-3203.txt,MS-1055,दिखाई,0,0,0,0,0,0,0,0,1
HI-MSBSHSE-3203.txt,MS-1056,दिया,1,1,1,1,1,1,6,1,0
HI-MSBSHSE-3203.txt,MS-1057,अचानक,0,1,0,0,1,0,2,0,0
HI-MSBSHSE-3203.txt,MS-1058,घोड़े,0,0,0,0,0,0,0,0,1
HI-MSBSHSE-3203.txt,MS-1059,का,0,0,0,0,0,0,0,0,1
HI-MSBSHSE-3203.txt,MS-1060,पाँव,0,0,0,0,0,0,0,0,1
HI-MSBSHSE-3203.txt,MS-1061,फिसला,1,1,1,1,1,1,6,1,0
HI-MSBSHSE-3203.txt,MS-1062,और,0,0,0,0,0,0,0,0,1
HI-MSBSHSE-3203.txt,MS-1063,उस,0,0,0,0,0,0,0,0,1
HI-MSBSHSE-3203.txt,MS-1064,पर,0,0,0,0,0,0,0,0,1
HI-MSBSHSE-3203.txt,MS-1065,बैठा,0,0,0,0,0,0,0,0,1
HI-MSBSHSE-3203.txt,MS-1066,व्यक्ति,0,1,0,1,1,1,4,1,0
HI-MSBSHSE-3203.txt,MS-1067,जमीन,0,0,0,0,0,0,0,0,1
HI-MSBSHSE-3203.txt,MS-1068,पर,0,0,0,0,0,0,0,0,1
HI-MSBSHSE-3203.txt,MS-1069,गिर,0,0,0,0,0,0,0,0,1
HI-MSBSHSE-3203.txt,MS-1070,पड़ा,1,1,1,0,1,1,5,1,0
HI-MSBSHSE-3203.txt,MS-1071,और,0,0,0,0,0,0,0,0,1
HI-MSBSHSE-3203.txt,MS-1072,बेहोश,0,0,0,0,0,0,0,0,1
HI-MSBSHSE-3203.txt,MS-1073,हो,0,0,0,0,0,0,0,0,1
HI-MSBSHSE-3203.txt,MS-1074,गया,1,1,1,1,1,1,6,1,0
HI-MSBSHSE-3203.txt,MS-1075,वे,0,0,0,0,0,0,0,0,1
HI-MSBSHSE-3203.txt,MS-1076,राजा,0,0,0,0,0,0,0,0,1
HI-MSBSHSE-3203.txt,MS-1077,कर्मसेन,0,0,0,0,0,0,0,0,1
HI-MSBSHSE-3203.txt,MS-1078,थे,1,1,1,1,1,1,6,1,0
HI-MSBSHSE-3203.txt,MS-1079,सत्यजीत,0,0,0,0,0,0,0,0,1
HI-MSBSHSE-3203.txt,MS-1080,ने,0,1,0,0,0,1,2,0,0
HI-MSBSHSE-3203.txt,MS-1081,राजा,0,0,0,0,0,0,0,0,1
HI-MSBSHSE-3203.txt,MS-1082,को,0,0,0,0,0,0,0,0,1
HI-MSBSHSE-3203.txt,MS-1083,होश,0,0,0,0,0,0,0,0,1
HI-MSBSHSE-3203.txt,MS-1084,में,0,0,0,0,0,0,0,0,1
HI-MSBSHSE-3203.txt,MS-1085,लाने,0,0,0,0,0,0,0,0,1
HI-MSBSHSE-3203.txt,MS-1086,का,0,0,0,0,0,0,0,0,1
HI-MSBSHSE-3203.txt,MS-1087,प्रयत्न,0,0,0,0,0,0,0,0,1
HI-MSBSHSE-3203.txt,MS-1088,किया,1,1,1,1,1,1,6,1,0
HI-MSBSHSE-3203.txt,MS-1089,किंतु,0,0,0,0,0,0,0,0,1
HI-MSBSHSE-3203.txt,MS-1090,उन्हें,0,0,0,0,0,0,0,0,1
HI-MSBSHSE-3203.txt,MS-1091,होश,0,0,0,0,0,0,0,0,1
HI-MSBSHSE-3203.txt,MS-1092,नहीं,0,0,0,0,0,0,0,0,1
HI-MSBSHSE-3203.txt,MS-1093,आया,1,1,1,1,1,1,6,1,0
HI-MSBSHSE-3203.txt,MS-1094,सत्यजीत,0,0,0,0,0,0,0,0,1
HI-MSBSHSE-3203.txt,MS-1095,सोच,0,0,0,0,0,0,0,0,1
HI-MSBSHSE-3203.txt,MS-1096,में,0,0,0,0,0,0,0,0,1
HI-MSBSHSE-3203.txt,MS-1097,डूब,0,0,0,0,0,0,0,0,1
HI-MSBSHSE-3203.txt,MS-1098,गया,1,1,1,1,1,1,6,1,0
HI-MSBSHSE-3203.txt,MS-1099,फिर,0,0,0,0,0,0,0,0,1
HI-MSBSHSE-3203.txt,MS-1100,वह,0,0,0,0,0,0,0,0,1
HI-MSBSHSE-3203.txt,MS-1101,अपनी,0,0,0,0,0,0,0,0,1
HI-MSBSHSE-3203.txt,MS-1102,बाँसुरी,0,0,0,0,0,0,0,0,1
HI-MSBSHSE-3203.txt,MS-1103,निकालकर,0,1,0,0,0,1,2,0,0
HI-MSBSHSE-3203.txt,MS-1104,बजाने,0,0,0,0,0,0,0,0,1
HI-MSBSHSE-3203.txt,MS-1105,लगा,1,1,1,1,1,1,6,1,0
HI-MSBSHSE-3203.txt,MS-1106,बाँसुरी,0,0,0,0,0,0,0,0,1
HI-MSBSHSE-3203.txt,MS-1107,का,0,0,0,0,0,0,0,0,1
HI-MSBSHSE-3203.txt,MS-1108,मधुर,0,0,0,0,0,0,0,0,1
HI-MSBSHSE-3203.txt,MS-1109,संगीत,1,1,0,1,1,1,5,1,0
HI-MSBSHSE-3203.txt,MS-1110,पूरे,0,0,0,0,0,0,0,0,1
HI-MSBSHSE-3203.txt,MS-1111,वातावरण,0,0,0,0,0,0,0,0,1
HI-MSBSHSE-3203.txt,MS-1112,में,0,0,0,0,0,0,0,0,1
HI-MSBSHSE-3203.txt,MS-1113,गूँजने,0,0,0,0,0,0,0,0,1
HI-MSBSHSE-3203.txt,MS-1114,लगा,1,1,1,1,1,1,6,1,0
HI-MSBSHSE-3203.txt,MS-1115,पक्षी,0,0,0,0,0,0,0,0,1
HI-MSBSHSE-3203.txt,MS-1116,भी,0,0,0,0,1,1,2,0,0
HI-MSBSHSE-3203.txt,MS-1117,उस,0,0,0,0,0,0,0,0,1
HI-MSBSHSE-3203.txt,MS-1118,मधुर,0,0,0,0,0,0,0,0,1
HI-MSBSHSE-3203.txt,MS-1119,संगीत,0,0,0,0,0,0,0,0,1
HI-MSBSHSE-3203.txt,MS-1120,से,0,1,0,0,0,1,2,0,0
HI-MSBSHSE-3203.txt,MS-1121,आस-पास,0,0,0,0,0,0,0,0,1
HI-MSBSHSE-3203.txt,MS-1122,मँड़राने,0,0,0,0,0,0,0,0,1
HI-MSBSHSE-3203.txt,MS-1123,लगे,1,1,1,1,1,1,6,1,0
HI-MSBSHSE-3203.txt,MS-1124,तभी,0,0,0,0,0,0,0,0,1
HI-MSBSHSE-3203.txt,MS-1125,उसने,0,0,0,0,0,0,0,0,1
HI-MSBSHSE-3203.txt,MS-1126,देखा,1,1,1,1,1,1,6,1,0
HI-MSBSHSE-3203.txt,MS-1127,राजा,0,0,0,0,0,0,0,0,1
HI-MSBSHSE-3203.txt,MS-1128,धीरे-धीरे,0,1,0,0,0,0,1,0,0
HI-MSBSHSE-3203.txt,MS-1129,आँखें,0,0,0,0,0,0,0,0,1
HI-MSBSHSE-3203.txt,MS-1130,खोल,0,0,0,0,0,0,0,0,1
HI-MSBSHSE-3203.txt,MS-1131,रहे,0,0,0,0,0,0,0,0,1
HI-MSBSHSE-3203.txt,MS-1132,हैं,1,1,1,1,1,1,6,1,0
HI-MSBSHSE-3203.txt,MS-1133,सत्यजीत,0,0,0,0,0,0,0,0,1
HI-MSBSHSE-3203.txt,MS-1134,डरकर,1,1,0,1,0,1,4,1,0
HI-MSBSHSE-3203.txt,MS-1135,राजा,0,0,0,0,0,0,0,0,1
HI-MSBSHSE-3203.txt,MS-1136,के,0,0,0,0,0,0,0,0,1
HI-MSBSHSE-3203.txt,MS-1137,पाँव,0,0,0,0,0,0,0,0,1
HI-MSBSHSE-3203.txt,MS-1138,में,0,0,0,0,0,0,0,0,1
HI-MSBSHSE-3203.txt,MS-1139,गिर,0,0,0,0,0,0,0,0,1
HI-MSBSHSE-3203.txt,MS-1140,पड़ा,1,1,1,1,1,1,6,1,0
HI-MSBSHSE-3303.txt,MS-1001,एक,0,0,0,0,0,0,0,0,1
HI-MSBSHSE-3303.txt,MS-1002,बच्चा,1,1,0,0,1,1,4,1,0
HI-MSBSHSE-3303.txt,MS-1003,बिना,0,0,0,0,0,0,0,0,1
HI-MSBSHSE-3303.txt,MS-1004,दूध,0,0,0,0,0,0,0,0,1
HI-MSBSHSE-3303.txt,MS-1005,पिए,1,0,0,0,0,0,1,0,0
HI-MSBSHSE-3303.txt,MS-1006,सो,0,0,0,0,0,0,0,0,1
HI-MSBSHSE-3303.txt,MS-1007,गया,1,1,1,1,1,1,6,1,0
HI-MSBSHSE-3303.txt,MS-1008,उसकी,0,0,0,0,0,0,0,0,1
HI-MSBSHSE-3303.txt,MS-1009,माँ,0,0,0,0,0,0,0,0,1
HI-MSBSHSE-3303.txt,MS-1010,ने,1,0,0,1,1,0,3,0,0
HI-MSBSHSE-3303.txt,MS-1011,उसके,0,0,0,0,0,0,0,0,1
HI-MSBSHSE-3303.txt,MS-1012,लिए,1,1,0,0,0,1,3,0,0
HI-MSBSHSE-3303.txt,MS-1013,दूध,0,0,0,0,0,0,0,0,1
HI-MSBSHSE-3303.txt,MS-1014,ढँककर,0,0,0,0,0,0,0,0,1
HI-MSBSHSE-3303.txt,MS-1015,रख,0,0,0,0,0,0,0,0,1
HI-MSBSHSE-3303.txt,MS-1016,दिया,0,0,0,0,0,0,0,0,1
HI-MSBSHSE-3303.txt,MS-1017,था,1,1,1,1,1,1,6,1,0
HI-MSBSHSE-3303.txt,MS-1018,उसी,0,0,0,0,0,0,0,0,1
HI-MSBSHSE-3303.txt,MS-1019,झोंपड़ी,0,0,0,0,0,0,0,0,1
HI-MSBSHSE-3303.txt,MS-1020,में,0,1,0,1,1,1,4,1,0
HI-MSBSHSE-3303.txt,MS-1021,एक,0,0,0,0,0,0,0,0,1
HI-MSBSHSE-3303.txt,MS-1022,चूहा,0,0,0,0,0,0,0,0,1
HI-MSBSHSE-3303.txt,MS-1023,रहता,0,0,0,0,0,0,0,0,1
HI-MSBSHSE-3303.txt,MS-1024,था,1,1,1,1,1,1,6,1,0
HI-MSBSHSE-3303.txt,MS-1025,जो,0,0,0,0,0,0,0,0,1
HI-MSBSHSE-3303.txt,MS-1026,अपने,0,0,0,0,0,0,0,0,1
HI-MSBSHSE-3303.txt,MS-1027,बिल,0,0,0,0,0,0,0,0,1
HI-MSBSHSE-3303.txt,MS-1028,से,0,0,0,0,0,0,0,0,1
HI-MSBSHSE-3303.txt,MS-1029,बाहर,0,0,0,0,0,0,0,0,1
HI-MSBSHSE-3303.txt,MS-1030,आया,0,1,1,1,1,1,5,1,0
HI-MSBSHSE-3303.txt,MS-1031,उसकी,0,0,0,0,0,0,0,0,1
HI-MSBSHSE-3303.txt,MS-1032,हलचल,0,0,0,0,0,0,0,0,1
HI-MSBSHSE-3303.txt,MS-1033,से,1,1,0,1,1,1,5,1,0
HI-MSBSHSE-3303.txt,MS-1034,दूध,0,0,0,0,0,0,0,0,1
HI-MSBSHSE-3303.txt,MS-1035,का,0,0,0,0,0,0,0,0,1
HI-MSBSHSE-3303.txt,MS-1036,बरतन,0,0,0,0,0,0,0,0,1
HI-MSBSHSE-3303.txt,MS-1037,उलट,0,0,0,0,0,0,0,0,1
HI-MSBSHSE-3303.txt,MS-1038,गया,0,1,1,1,1,1,5,1,0
HI-MSBSHSE-3303.txt,MS-1039,बच्चा,0,0,0,0,0,0,0,0,1
HI-MSBSHSE-3303.txt,MS-1040,जागा,1,1,0,1,1,1,5,1,0
HI-MSBSHSE-3303.txt,MS-1041,और,0,0,0,0,0,0,0,0,1
HI-MSBSHSE-3303.txt,MS-1042,भूख,0,0,0,0,0,0,0,0,1
HI-MSBSHSE-3303.txt,MS-1043,से,0,0,0,0,0,0,0,0,1
HI-MSBSHSE-3303.txt,MS-1044,रोने,0,0,0,0,0,0,0,0,1
HI-MSBSHSE-3303.txt,MS-1045,लगा,1,1,1,1,1,1,6,1,0
HI-MSBSHSE-3303.txt,MS-1046,लेकिन,0,0,0,0,0,0,0,0,1
HI-MSBSHSE-3303.txt,MS-1047,घर,0,0,0,0,0,0,0,0,1
HI-MSBSHSE-3303.txt,MS-1048,में,0,0,0,0,0,0,0,0,1
HI-MSBSHSE-3303.txt,MS-1049,दूध,0,0,0,0,0,0,0,0,1
HI-MSBSHSE-3303.txt,MS-1050,नहीं,0,0,0,0,0,0,0,0,1
HI-MSBSHSE-3303.txt,MS-1051,था,1,1,1,1,1,1,6,1,0
HI-MSBSHSE-3303.txt,MS-1052,चूहा,1,1,0,0,1,0,3,0,0
HI-MSBSHSE-3303.txt,MS-1053,बच्चे,0,0,0,0,0,0,0,0,1
HI-MSBSHSE-3303.txt,MS-1054,की,0,0,0,0,0,0,0,0,1
HI-MSBSHSE-3303.txt,MS-1055,माँ,0,0,0,0,0,0,0,0,1
HI-MSBSHSE-3303.txt,MS-1056,के,0,0,0,0,0,0,0,0,1
HI-MSBSHSE-3303.txt,MS-1057,पास,0,0,0,0,0,0,0,0,1
HI-MSBSHSE-3303.txt,MS-1058,गया,1,1,1,1,1,1,6,1,0
HI-MSBSHSE-3303.txt,MS-1059,और,0,0,0,0,0,0,0,0,1
HI-MSBSHSE-3303.txt,MS-1060,मन,0,0,0,0,0,0,0,0,1
HI-MSBSHSE-3303.txt,MS-1061,में,0,0,0,0,0,0,0,0,1
HI-MSBSHSE-3303.txt,MS-1062,निश्चय,0,0,0,0,0,0,0,0,1
HI-MSBSHSE-3303.txt,MS-1063,किया,1,1,0,0,1,1,4,1,0
HI-MSBSHSE-3303.txt,MS-1064,कि,0,0,0,1,0,0,1,0,0
HI-MSBSHSE-3303.txt,MS-1065,वह,0,0,0,0,0,0,0,0,1
HI-MSBSHSE-3303.txt,MS-1066,दूध,0,0,0,0,0,0,0,0,1
HI-MSBSHSE-3303.txt,MS-1067,लाएगा,0,1,1,1,1,1,5,1,0
HI-MSBSHSE-3303.txt,MS-1068,वह,0,0,0,0,0,0,0,0,1
HI-MSBSHSE-3303.txt,MS-1069,तेज़ी,0,0,0,0,0,0,0,0,1
HI-MSBSHSE-3303.txt,MS-1070,से,0,0,0,0,0,0,0,0,1
HI-MSBSHSE-3303.txt,MS-1071,दौड़कर,1,1,0,1,1,1,5,1,0
HI-MSBSHSE-3303.txt,MS-1072,गाय,0,0,0,0,0,0,0,0,1
HI-MSBSHSE-3303.txt,MS-1073,के,0,0,0,0,0,0,0,0,1
HI-MSBSHSE-3303.txt,MS-1074,पास,0,0,0,0,0,0,0,0,1
HI-MSBSHSE-3303.txt,MS-1075,पहुँचा,1,1,1,1,1,1,6,1,0
HI-MSBSHSE-3303.txt,MS-1076,और,0,0,0,0,0,0,0,0,1
HI-MSBSHSE-3303.txt,MS-1077,उससे,0,0,0,0,0,0,0,0,1
HI-MSBSHSE-3303.txt,MS-1078,दूध,0,0,0,0,0,0,0,0,1
HI-MSBSHSE-3303.txt,MS-1079,माँगा,0,1,1,1,1,1,5,1,0
HI-MSBSHSE-3303.txt,MS-1080,गाय,0,0,0,0,0,0,0,0,1
HI-MSBSHSE-3303.txt,MS-1081,ने,0,0,0,0,0,0,0,0,1
HI-MSBSHSE-3303.txt,MS-1082,बताया,1,1,0,0,1,1,4,1,0
HI-MSBSHSE-3303.txt,MS-1083,कि,0,0,0,1,0,0,1,0,0
HI-MSBSHSE-3303.txt,MS-1084,उसे,0,0,0,0,0,0,0,0,1
HI-MSBSHSE-3303.txt,MS-1085,घास,0,0,0,0,0,0,0,0,1
HI-MSBSHSE-3303.txt,MS-1086,नहीं,0,0,0,0,0,0,0,0,1
HI-MSBSHSE-3303.txt,MS-1087,मिल,0,0,0,0,0,0,0,0,1
HI-MSBSHSE-3303.txt,MS-1088,रही,0,0,0,0,0,0,0,0,1
HI-MSBSHSE-3303.txt,MS-1089,है,1,1,1,1,1,1,6,1,0
HI-MSBSHSE-3303.txt,MS-1090,इसलिए,0,0,0,0,0,0,0,0,1
HI-MSBSHSE-3303.txt,MS-1091,वह,0,0,0,0,0,0,0,0,1
HI-MSBSHSE-3303.txt,MS-1092,सूख,0,0,0,0,0,0,0,0,1
HI-MSBSHSE-3303.txt,MS-1093,गई,0,0,0,0,0,0,0,0,1
HI-MSBSHSE-3303.txt,MS-1094,है,1,1,1,1,1,1,6,1,0
HI-MSBSHSE-3303.txt,MS-1095,उसने,0,0,0,0,0,0,0,0,1
HI-MSBSHSE-3303.txt,MS-1096,शर्त,0,0,0,0,0,0,0,0,1
HI-MSBSHSE-3303.txt,MS-1097,रखी,1,1,0,0,1,1,4,1,0
HI-MSBSHSE-3303.txt,MS-1098,कि,0,0,0,1,0,0,1,0,0
HI-MSBSHSE-3303.txt,MS-1099,अगर,0,0,0,0,0,0,0,0,1
HI-MSBSHSE-3303.txt,MS-1100,उसे,0,0,0,0,0,0,0,0,1
HI-MSBSHSE-3303.txt,MS-1101,घास,0,0,0,0,0,0,0,0,1
HI-MSBSHSE-3303.txt,MS-1102,मिलेगी,1,1,1,1,1,1,6,1,0
HI-MSBSHSE-3303.txt,MS-1103,तभी,0,0,0,0,0,0,0,0,1
HI-MSBSHSE-3303.txt,MS-1104,वह,0,0,0,0,0,0,0,0,1
HI-MSBSHSE-3303.txt,MS-1105,दूध,0,0,0,0,0,0,0,0,1
HI-MSBSHSE-3303.txt,MS-1106,दे,0,0,0,0,0,0,0,0,1
HI-MSBSHSE-3303.txt,MS-1107,पाएगी,1,1,1,1,1,1,6,1,0
HI-MSBSHSE-3303.txt,MS-1108,चूहा,0,1,0,0,0,0,1,0,0
HI-MSBSHSE-3303.txt,MS-1109,दौड़कर,0,0,0,0,0,0,0,0,1
HI-MSBSHSE-3303.txt,MS-1110,घास,0,0,0,0,0,0,0,0,1
HI-MSBSHSE-3303.txt,MS-1111,के,0,0,0,0,0,0,0,0,1
HI-MSBSHSE-3303.txt,MS-1112,मैदान,0,0,0,0,0,0,0,0,1
HI-MSBSHSE-3303.txt,MS-1113,के,0,0,0,0,0,0,0,0,1
HI-MSBSHSE-3303.txt,MS-1114,पास,0,0,0,0,0,0,0,0,1
HI-MSBSHSE-3303.txt,MS-1115,पहुँचा,1,1,1,1,1,1,6,1,0
HI-MSBSHSE-3303.txt,MS-1116,और,0,0,0,0,0,0,0,0,1
HI-MSBSHSE-3303.txt,MS-1117,वहाँ,0,0,0,0,0,0,0,0,1
HI-MSBSHSE-3303.txt,MS-1118,घास,0,0,0,0,0,0,0,0,1
HI-MSBSHSE-3303.txt,MS-1119,माँगी,1,1,1,1,1,1,6,1,0
HI-MSBSHSE-3303.txt,MS-1120,उसने,0,0,0,0,0,0,0,0,1
HI-MSBSHSE-3303.txt,MS-1121,समझाया,1,1,0,0,1,0,3,0,0
HI-MSBSHSE-3303.txt,MS-1122,कि,0,0,0,1,0,0,1,0,0
HI-MSBSHSE-3303.txt,MS-1123,घास,0,0,0,0,0,0,0,0,1
HI-MSBSHSE-3303.txt,MS-1124,से,0,0,0,0,0,0,0,0,1
HI-MSBSHSE-3303.txt,MS-1125,गाय,0,0,0,0,0,0,0,0,1
HI-MSBSHSE-3303.txt,MS-1126,को,0,0,0,0,0,0,0,0,1
HI-MSBSHSE-3303.txt,MS-1127,भोजन,0,0,0,0,0,0,0,0,1
HI-MSBSHSE-3303.txt,MS-1128,मिलेगा,1,1,1,1,1,1,6,1,0
HI-MSBSHSE-3303.txt,MS-1129,जिससे,0,0,0,0,0,0,0,0,1
HI-MSBSHSE-3303.txt,MS-1130,वह,0,0,0,0,0,0,0,0,1
HI-MSBSHSE-3303.txt,MS-1131,बच्चे,0,0,0,0,0,0,0,0,1
HI-MSBSHSE-3303.txt,MS-1132,को,0,0,0,0,0,0,0,0,1
HI-MSBSHSE-3303.txt,MS-1133,दूध,0,0,0,0,0,0,0,0,1
HI-MSBSHSE-3303.txt,MS-1134,दे,0,0,0,0,0,0,0,0,1
HI-MSBSHSE-3303.txt,MS-1135,पाएगी,1,1,1,1,1,1,6,1,0
HI-MSBSHSE-3303.txt,MS-1136,मैदान,0,0,0,0,0,0,0,0,1
HI-MSBSHSE-3303.txt,MS-1137,ने,0,0,0,0,0,0,0,0,1
HI-MSBSHSE-3303.txt,MS-1138,जवाब,0,0,0,0,0,0,0,0,1
HI-MSBSHSE-3303.txt,MS-1139,दिया,1,1,0,0,1,1,4,1,0
HI-MSBSHSE-3303.txt,MS-1140,कि,0,0,0,1,0,0,1,0,0
HI-MSBSHSE-3303.txt,MS-1141,बिना,0,0,0,0,0,0,0,0,1
HI-MSBSHSE-3303.txt,MS-1142,पानी,0,0,0,0,0,0,0,0,1
HI-MSBSHSE-3303.txt,MS-1143,के,1,1,0,1,1,0,4,1,0
HI-MSBSHSE-3303.txt,MS-1144,वह,0,0,0,0,0,0,0,0,1
HI-MSBSHSE-3303.txt,MS-1145,घास,0,0,0,0,0,0,0,0,1
HI-MSBSHSE-3303.txt,MS-1146,नहीं,0,0,0,0,0,0,0,0,1
HI-MSBSHSE-3303.txt,MS-1147,उगा,0,0,0,0,0,0,0,0,1
HI-MSBSHSE-3303.txt,MS-1148,सकता,1,1,1,1,1,1,6,1,0
HI-MSBSHSE-4103.txt,MS-1001,एक,0,0,0,0,0,0,0,0,1
HI-MSBSHSE-4103.txt,MS-1002,बार,1,1,0,1,1,1,5,1,0
HI-MSBSHSE-4103.txt,MS-1003,चिड़िया,0,0,0,0,0,0,0,0,1
HI-MSBSHSE-4103.txt,MS-1004,के,0,0,0,0,0,0,0,0,1
HI-MSBSHSE-4103.txt,MS-1005,घोंसले,0,0,0,0,0,0,0,0,1
HI-MSBSHSE-4103.txt,MS-1006,को,0,0,1,1,1,0,3,0,0
HI-MSBSHSE-4103.txt,MS-1007,यह,0,0,0,0,0,0,0,0,1
HI-MSBSHSE-4103.txt,MS-1008,अहसास,0,0,0,0,0,0,0,0,1
HI-MSBSHSE-4103.txt,MS-1009,हो,0,0,0,0,0,0,0,0,1
HI-MSBSHSE-4103.txt,MS-1010,गया,1,1,0,0,1,1,4,1,0
HI-MSBSHSE-4103.txt,MS-1011,कि,0,0,1,1,0,0,2,0,0
HI-MSBSHSE-4103.txt,MS-1012,वह,1,0,0,0,0,0,1,0,0
HI-MSBSHSE-4103.txt,MS-1013,चिड़िया,0,1,0,1,1,1,4,1,0
HI-MSBSHSE-4103.txt,MS-1014,और,0,0,0,0,0,0,0,0,1
HI-MSBSHSE-4103.txt,MS-1015,उसके,0,0,0,0,0,0,0,0,1
HI-MSBSHSE-4103.txt,MS-1016,अंडों,0,0,0,0,0,0,0,0,1
HI-MSBSHSE-4103.txt,MS-1017,को,0,1,0,1,1,1,4,1,0
HI-MSBSHSE-4103.txt,MS-1018,शरण,0,0,0,0,0,0,0,0,1
HI-MSBSHSE-4103.txt,MS-1019,देता,0,0,0,0,0,0,0,0,1
HI-MSBSHSE-4103.txt,MS-1020,है,1,1,1,1,1,1,6,1,0
HI-MSBSHSE-4103.txt,MS-1021,उसे,0,0,0,0,0,0,0,0,1
HI-MSBSHSE-4103.txt,MS-1022,लगा,1,1,0,0,1,1,4,1,0
HI-MSBSHSE-4103.txt,MS-1023,कि,0,0,0,0,0,0,0,0,1
HI-MSBSHSE-4103.txt,MS-1024,वह,0,0,0,0,0,0,0,0,1
HI-MSBSHSE-4103.txt,MS-1025,गरमी,1,1,1,1,1,1,6,1,0
HI-MSBSHSE-4103.txt,MS-1026,सर्दी,1,1,1,1,1,1,6,1,0
HI-MSBSHSE-4103.txt,MS-1027,और,0,0,0,0,0,0,0,0,1
HI-MSBSHSE-4103.txt,MS-1028,बरसात,0,0,0,0,0,0,0,0,1
HI-MSBSHSE-4103.txt,MS-1029,में,1,0,0,1,1,0,3,0,0
HI-MSBSHSE-4103.txt,MS-1030,उनकी,0,0,0,0,0,0,0,0,1
HI-MSBSHSE-4103.txt,MS-1031,रक्षा,0,0,0,0,0,0,0,0,1
HI-MSBSHSE-4103.txt,MS-1032,करता,0,0,0,0,0,0,0,0,1
HI-MSBSHSE-4103.txt,MS-1033,है,1,1,1,1,1,1,6,1,0
HI-MSBSHSE-4103.txt,MS-1034,और,0,0,0,0,0,0,0,0,1
HI-MSBSHSE-4103.txt,MS-1035,इसी,0,0,0,0,0,0,0,0,1
HI-MSBSHSE-4103.txt,MS-1036,कारण,1,1,0,1,1,1,5,1,0
HI-MSBSHSE-4103.txt,MS-1037,चिड़िया,0,0,0,0,0,0,0,0,1
HI-MSBSHSE-4103.txt,MS-1038,और,0,0,0,0,0,0,0,0,1
HI-MSBSHSE-4103.txt,MS-1039,उसके,0,0,0,0,0,0,0,0,1
HI-MSBSHSE-4103.txt,MS-1040,बच्चे,1,1,1,1,1,1,6,1,0
HI-MSBSHSE-4103.txt,MS-1041,तीनों,0,0,0,0,0,0,0,0,1
HI-MSBSHSE-4103.txt,MS-1042,मौसम,0,0,0,0,0,0,0,0,1
HI-MSBSHSE-4103.txt,MS-1043,में,0,1,0,1,1,1,4,1,0
HI-MSBSHSE-4103.txt,MS-1044,आराम,0,0,0,0,0,0,0,0,1
HI-MSBSHSE-4103.txt,MS-1045,से,0,0,0,0,0,0,0,0,1
HI-MSBSHSE-4103.txt,MS-1046,रहते,0,0,0,0,0,0,0,0,1
HI-MSBSHSE-4103.txt,MS-1047,हैं,1,1,1,1,1,1,6,1,0
HI-MSBSHSE-4103.txt,MS-1048,शाम,0,0,0,0,0,0,0,0,1
HI-MSBSHSE-4103.txt,MS-1049,को,1,0,0,0,0,0,1,0,0
HI-MSBSHSE-4103.txt,MS-1050,जब,0,0,0,0,0,0,0,0,1
HI-MSBSHSE-4103.txt,MS-1051,चिड़िया,0,0,0,0,0,0,0,0,1
HI-MSBSHSE-4103.txt,MS-1052,लौटी,1,1,1,0,1,1,5,1,0
HI-MSBSHSE-4103.txt,MS-1053,तो,0,0,0,0,0,0,0,0,1
HI-MSBSHSE-4103.txt,MS-1054,घोंसले,0,0,0,0,0,0,0,0,1
HI-MSBSHSE-4103.txt,MS-1055,ने,0,0,0,0,0,0,0,0,1
HI-MSBSHSE-4103.txt,MS-1056,गर्व,0,0,0,0,0,0,0,0,1
HI-MSBSHSE-4103.txt,MS-1057,से,0,0,0,0,0,0,0,0,1
HI-MSBSHSE-4103.txt,MS-1058,कहा,1,1,0,0,1,1,4,1,0
HI-MSBSHSE-4103.txt,MS-1059,कि,0,0,1,0,0,0,1,0,0
HI-MSBSHSE-4103.txt,MS-1060,चिड़िया,0,0,0,0,0,0,0,0,1
HI-MSBSHSE-4103.txt,MS-1061,और,0,0,0,0,0,0,0,0,1
HI-MSBSHSE-4103.txt,MS-1062,उसके,0,0,0,0,0,0,0,0,1
HI-MSBSHSE-4103.txt,MS-1063,बच्चे,1,1,0,0,1,1,4,1,0
HI-MSBSHSE-4103.txt,MS-1064,उसी,0,0,0,0,0,0,0,0,1
HI-MSBSHSE-4103.txt,MS-1065,की,0,0,0,0,0,0,0,0,1
HI-MSBSHSE-4103.txt,MS-1066,वजह,0,0,0,0,0,0,0,0,1
HI-MSBSHSE-4103.txt,MS-1067,से,0,0,0,0,0,0,0,0,1
HI-MSBSHSE-4103.txt,MS-1068,सुरक्षित,0,0,0,0,0,0,0,0,1
HI-MSBSHSE-4103.txt,MS-1069,हैं,1,1,1,0,1,1,5,1,0
HI-MSBSHSE-4103.txt,MS-1070,उसने,0,0,0,0,0,0,0,0,1
HI-MSBSHSE-4103.txt,MS-1071,सोचा,1,1,0,0,1,1,4,1,0
HI-MSBSHSE-4103.txt,MS-1072,कि,0,0,0,0,0,0,0,0,1
HI-MSBSHSE-4103.txt,MS-1073,वह,0,0,0,0,0,0,0,0,1
HI-MSBSHSE-4103.txt,MS-1074,अपने,0,0,0,0,0,0,0,0,1
HI-MSBSHSE-4103.txt,MS-1075,तिनके,0,1,1,0,1,1,4,1,0
HI-MSBSHSE-4103.txt,MS-1076,इधर-उधर,0,0,0,0,0,0,0,0,1
HI-MSBSHSE-4103.txt,MS-1077,बिखेर,0,0,0,0,0,0,0,0,1
HI-MSBSHSE-4103.txt,MS-1078,देगा,1,1,1,0,1,1,5,1,0
HI-MSBSHSE-4103.txt,MS-1079,चिड़िया,0,0,0,0,0,0,0,0,1
HI-MSBSHSE-4103.txt,MS-1080,और,0,0,0,0,0,0,0,0,1
HI-MSBSHSE-4103.txt,MS-1081,उसके,0,0,0,0,0,0,0,0,1
HI-MSBSHSE-4103.txt,MS-1082,बच्चे,0,1,0,0,1,1,3,0,0
HI-MSBSHSE-4103.txt,MS-1083,बेघर,0,0,0,0,0,0,0,0,1
HI-MSBSHSE-4103.txt,MS-1084,हो,0,0,0,0,0,0,0,0,1
HI-MSBSHSE-4103.txt,MS-1085,जाएंगे,1,1,1,0,1,1,5,1,0
HI-MSBSHSE-4103.txt,MS-1086,और,0,0,0,0,0,0,0,0,1
HI-MSBSHSE-4103.txt,MS-1087,उन्हें,0,0,0,0,0,0,0,0,1
HI-MSBSHSE-4103.txt,MS-1088,सिर,0,0,0,0,0,0,0,0,1
HI-MSBSHSE-4103.txt,MS-1089,छिपाने,0,0,0,0,0,0,0,0,1
HI-MSBSHSE-4103.txt,MS-1090,की,0,0,0,0,0,0,0,0,1
HI-MSBSHSE-4103.txt,MS-1091,जगह,0,0,0,0,0,0,0,0,1
HI-MSBSHSE-4103.txt,MS-1092,भी,0,0,0,0,0,0,0,0,1
HI-MSBSHSE-4103.txt,MS-1093,नहीं,0,0,0,0,0,0,0,0,1
HI-MSBSHSE-4103.txt,MS-1094,मिलेगी,1,1,1,0,1,1,5,1,0
HI-MSBSHSE-4103.txt,MS-1095,चिड़िया,0,0,0,0,0,0,0,0,1
HI-MSBSHSE-4103.txt,MS-1096,मुस्कुराई,1,1,1,0,1,1,5,1,0
HI-MSBSHSE-4103.txt,MS-1097,और,0,0,0,0,0,0,0,0,1
HI-MSBSHSE-4103.txt,MS-1098,घोंसले,0,0,0,0,0,0,0,0,1
HI-MSBSHSE-4103.txt,MS-1099,को,0,0,0,0,0,0,0,0,1
HI-MSBSHSE-4103.txt,MS-1100,समझाने,0,0,0,0,0,0,0,0,1
HI-MSBSHSE-4103.txt,MS-1101,लगी,1,1,1,0,1,1,5,1,0
HI-MSBSHSE-4103.txt,MS-1102,उसने,0,0,0,0,0,0,0,0,1
HI-MSBSHSE-4103.txt,MS-1103,यह,0,0,0,0,0,0,0,0,1
HI-MSBSHSE-4103.txt,MS-1104,स्पष्ट,0,0,0,0,0,0,0,0,1
HI-MSBSHSE-4103.txt,MS-1105,किया,1,1,0,0,1,1,4,1,0
HI-MSBSHSE-4103.txt,MS-1106,कि,0,0,1,0,0,0,1,0,0
HI-MSBSHSE-4103.txt,MS-1107,घोंसले,0,0,0,0,0,0,0,0,1
HI-MSBSHSE-4103.txt,MS-1108,की,0,0,0,0,0,0,0,0,1
HI-MSBSHSE-4103.txt,MS-1109,बात,0,0,0,0,0,0,0,0,1
HI-MSBSHSE-4103.txt,MS-1110,सही,0,1,0,0,0,1,2,0,0
HI-MSBSHSE-4103.txt,MS-1111,है,1,0,1,0,1,0,3,0,0
HI-MSBSHSE-4103.txt,MS-1112,लेकिन,0,0,0,0,0,0,0,0,1
HI-MSBSHSE-4103.txt,MS-1113,एक,0,0,0,0,0,0,0,0,1
HI-MSBSHSE-4103.txt,MS-1114,महत्वपूर्ण,0,0,0,0,0,0,0,0,1
HI-MSBSHSE-4103.txt,MS-1115,बात,0,0,0,0,0,0,0,0,1
HI-MSBSHSE-4103.txt,MS-1116,वह,0,0,0,0,0,0,0,0,1
HI-MSBSHSE-4103.txt,MS-1117,भूल,0,0,0,0,0,0,0,0,1
HI-MSBSHSE-4103.txt,MS-1118,रहा,0,0,0,0,0,0,0,0,1
HI-MSBSHSE-4103.txt,MS-1119,है,1,1,0,0,1,1,4,1,0
HI-MSBSHSE-4103.txt,MS-1120,कि,0,0,1,0,0,0,1,0,0
HI-MSBSHSE-4103.txt,MS-1121,यदि,0,0,0,0,0,0,0,0,1
HI-MSBSHSE-4103.txt,MS-1122,वह,0,0,0,0,0,0,0,0,1
HI-MSBSHSE-4103.txt,MS-1123,अपने,0,0,0,0,0,0,0,0,1
HI-MSBSHSE-4103.txt,MS-1124,तिनके,0,0,0,0,0,0,0,0,1
HI-MSBSHSE-4103.txt,MS-1125,बिखेर,0,0,0,0,0,0,0,0,1
HI-MSBSHSE-4103.txt,MS-1126,देगा,1,1,1,0,1,1,5,1,0
HI-MSBSHSE-4103.txt,MS-1127,तो,0,0,0,0,0,0,0,0,1
HI-MSBSHSE-4103.txt,MS-1128,स्वयं,0,0,0,0,0,0,0,0,1
HI-MSBSHSE-4103.txt,MS-1129,भी,0,0,0,0,0,0,0,0,1
HI-MSBSHSE-4103.txt,MS-1130,नष्ट,0,0,0,0,0,0,0,0,1
HI-MSBSHSE-4103.txt,MS-1131,हो,0,0,0,0,0,0,0,0,1
HI-MSBSHSE-4103.txt,MS-1132,जाएगा,1,1,1,0,1,1,5,1,0
HI-MSBSHSE-4103.txt,MS-1133,आगे,0,0,0,0,0,0,0,0,1
HI-MSBSHSE-4103.txt,MS-1134,यह,0,0,0,0,0,0,0,0,1
HI-MSBSHSE-4103.txt,MS-1135,भी,0,0,0,0,0,0,0,0,1
HI-MSBSHSE-4103.txt,MS-1136,चिडिया,0,0,0,0,0,0,0,0,1
HI-MSBSHSE-4103.txt,MS-1137,ने,0,0,0,0,0,0,0,0,1
HI-MSBSHSE-4103.txt,MS-1138,बताया,1,1,0,0,1,1,4,1,0
HI-MSBSHSE-4103.txt,MS-1139,कि,0,0,1,0,0,0,1,0,0
HI-MSBSHSE-4103.txt,MS-1140,जिन,0,0,0,0,0,0,0,0,1
HI-MSBSHSE-4103.txt,MS-1141,तिनकों,0,0,0,0,0,0,0,0,1
HI-MSBSHSE-4103.txt,MS-1142,से,0,0,0,0,0,0,0,0,1
HI-MSBSHSE-4103.txt,MS-1143,वह,0,0,0,0,0,0,0,0,1
HI-MSBSHSE-4103.txt,MS-1144,बना,0,0,0,0,0,0,0,0,1
HI-MSBSHSE-4103.txt,MS-1145,है,1,1,1,0,1,1,5,1,0
HI-MSBSHSE-4103.txt,MS-1146,वे,0,0,0,0,0,0,0,0,1
HI-MSBSHSE-4103.txt,MS-1147,पहले,0,0,0,0,0,0,0,0,1
HI-MSBSHSE-4103.txt,MS-1148,से,0,0,0,0,0,0,0,0,1
HI-MSBSHSE-4103.txt,MS-1149,ही,0,0,0,0,1,0,1,0,0
HI-MSBSHSE-4103.txt,MS-1150,इधर-उधर,0,0,0,0,0,0,0,0,1
HI-MSBSHSE-4103.txt,MS-1151,बिखरे,0,0,0,0,0,0,0,0,1
HI-MSBSHSE-4103.txt,MS-1152,पड़े,0,0,0,0,0,0,0,0,1
HI-MSBSHSE-4103.txt,MS-1153,थे,1,1,1,0,1,1,5,1,0
HI-MSBSHSE-4203.txt,MS-1001,नगर,0,0,0,0,0,0,0,0,1
HI-MSBSHSE-4203.txt,MS-1002,में,0,0,0,0,0,1,1,0,0
HI-MSBSHSE-4203.txt,MS-1003,यह,0,0,0,0,0,0,0,0,1
HI-MSBSHSE-4203.txt,MS-1004,अफवाह,0,0,0,0,0,0,0,0,1
HI-MSBSHSE-4203.txt,MS-1005,फैल,0,0,0,0,0,0,0,0,1
HI-MSBSHSE-4203.txt,MS-1006,गई,1,1,0,1,1,1,5,1,0
HI-MSBSHSE-4203.txt,MS-1007,कि,0,0,1,0,0,0,1,0,0
HI-MSBSHSE-4203.txt,MS-1008,जंगल,0,0,0,0,0,0,0,0,1
HI-MSBSHSE-4203.txt,MS-1009,में,0,0,0,0,0,0,0,0,1
HI-MSBSHSE-4203.txt,MS-1010,भूत,0,0,0,0,0,0,0,0,1
HI-MSBSHSE-4203.txt,MS-1011,रहता,0,0,0,0,0,0,0,0,1
HI-MSBSHSE-4203.txt,MS-1012,है,1,1,1,1,1,1,6,1,0
HI-MSBSHSE-4203.txt,MS-1013,उसका,0,0,0,0,0,0,0,0,1
HI-MSBSHSE-4203.txt,MS-1014,नाम,0,0,0,0,1,1,2,0,0
HI-MSBSHSE-4203.txt,MS-1015,घंटाकरण,0,0,0,0,0,0,0,0,1
HI-MSBSHSE-4203.txt,MS-1016,है,1,1,1,1,1,1,6,1,0
HI-MSBSHSE-4203.txt,MS-1017,वह,0,0,0,0,0,0,0,0,1
HI-MSBSHSE-4203.txt,MS-1018,घंटा,0,0,0,0,0,0,0,0,1
HI-MSBSHSE-4203.txt,MS-1019,बजाता,0,0,0,0,0,0,0,0,1
HI-MSBSHSE-4203.txt,MS-1020,है,1,1,1,1,1,1,6,1,0
HI-MSBSHSE-4203.txt,MS-1021,अफवाह,0,0,0,0,0,0,0,0,1
HI-MSBSHSE-4203.txt,MS-1022,से,1,1,0,0,0,0,2,0,0
HI-MSBSHSE-4203.txt,MS-1023,लोग,0,0,0,1,0,1,2,0,0
HI-MSBSHSE-4203.txt,MS-1024,बहुत,0,0,0,0,0,0,0,0,1
HI-MSBSHSE-4203.txt,MS-1025,भयभीत,0,0,0,0,0,0,0,0,1
HI-MSBSHSE-4203.txt,MS-1026,हुए,1,1,1,1,1,1,6,1,0
HI-MSBSHSE-4203.txt,MS-1027,जंगल,0,0,0,0,0,0,0,0,1
HI-MSBSHSE-4203.txt,MS-1028,की,0,0,0,0,0,0,0,0,1
HI-MSBSHSE-4203.txt,MS-1029,ओर,1,1,0,1,1,1,5,1,0
HI-MSBSHSE-4203.txt,MS-1030,भूलकर,0,0,0,0,0,0,0,0,1
HI-MSBSHSE-4203.txt,MS-1031,भी,0,0,0,0,0,0,0,0,1
HI-MSBSHSE-4203.txt,MS-1032,कोई,0,0,0,0,0,0,0,0,1
HI-MSBSHSE-4203.txt,MS-1033,न,0,0,0,0,0,0,0,0,1
HI-MSBSHSE-4203.txt,MS-1034,जाता,1,1,1,1,1,1,6,1,0
HI-MSBSHSE-4203.txt,MS-1035,जंगल,0,0,0,0,0,0,0,0,1
HI-MSBSHSE-4203.txt,MS-1036,से,0,1,0,0,0,0,1,0,0
HI-MSBSHSE-4203.txt,MS-1037,लकड़हारे,0,0,0,0,1,1,2,0,0
HI-MSBSHSE-4203.txt,MS-1038,लकड़ियाँ,0,0,0,0,0,0,0,0,1
HI-MSBSHSE-4203.txt,MS-1039,न,0,0,0,0,0,0,0,0,1
HI-MSBSHSE-4203.txt,MS-1040,बीनते,1,1,1,1,1,1,6,1,0
HI-MSBSHSE-4203.txt,MS-1041,घसियारे,0,0,0,0,0,1,1,0,0
HI-MSBSHSE-4203.txt,MS-1042,घास,0,0,0,0,0,0,0,0,1
HI-MSBSHSE-4203.txt,MS-1043,न,0,0,0,0,0,0,0,0,1
HI-MSBSHSE-4203.txt,MS-1044,काटते,1,1,1,1,1,1,6,1,0
HI-MSBSHSE-4203.txt,MS-1045,चरवाहे,0,0,0,0,0,1,1,0,0
HI-MSBSHSE-4203.txt,MS-1046,जंगल,0,0,0,0,0,0,0,0,1
HI-MSBSHSE-4203.txt,MS-1047,में,0,1,0,0,0,1,2,0,0
HI-MSBSHSE-4203.txt,MS-1048,पशुओं,0,0,0,0,0,0,0,0,1
HI-MSBSHSE-4203.txt,MS-1049,को,0,0,0,0,0,0,0,0,1
HI-MSBSHSE-4203.txt,MS-1050,न,0,0,0,0,0,0,0,0,1
HI-MSBSHSE-4203.txt,MS-1051,ले,0,0,0,0,0,0,0,0,1
HI-MSBSHSE-4203.txt,MS-1052,जाते,0,0,0,0,0,0,0,0,1
HI-MSBSHSE-4203.txt,MS-1053,थे,1,1,1,1,1,1,6,1,0
HI-MSBSHSE-4203.txt,MS-1054,सारा,0,0,0,0,0,0,0,0,1
HI-MSBSHSE-4203.txt,MS-1055,का,0,0,0,0,0,0,0,0,1
HI-MSBSHSE-4203.txt,MS-1056,सारा,0,0,0,0,0,0,0,0,1
HI-MSBSHSE-4203.txt,MS-1057,जंगल,1,1,1,1,1,1,6,1,0
HI-MSBSHSE-4203.txt,MS-1058,घंटाकरण,0,0,0,0,0,0,0,0,1
HI-MSBSHSE-4203.txt,MS-1059,भूत,0,0,0,0,0,0,0,0,1
HI-MSBSHSE-4203.txt,MS-1060,की,1,0,0,0,0,0,1,0,0
HI-MSBSHSE-4203.txt,MS-1061,राजधानी,0,0,0,0,0,0,0,0,1
HI-MSBSHSE-4203.txt,MS-1062,बन,0,0,0,0,0,0,0,0,1
HI-MSBSHSE-4203.txt,MS-1063,गया,1,1,1,1,1,1,6,1,0
HI-MSBSHSE-4203.txt,MS-1064,अब,0,0,0,0,0,0,0,0,1
HI-MSBSHSE-4203.txt,MS-1065,तो,0,1,0,0,1,0,2,0,0
HI-MSBSHSE-4203.txt,MS-1066,उस,0,0,0,0,0,0,0,0,1
HI-MSBSHSE-4203.txt,MS-1067,नगर,0,0,0,0,0,0,0,0,1
HI-MSBSHSE-4203.txt,MS-1068,के,0,0,0,0,0,0,0,0,1
HI-MSBSHSE-4203.txt,MS-1069,राजा,0,0,0,0,0,0,0,0,1
HI-MSBSHSE-4203.txt,MS-1070,को,0,0,0,0,0,0,0,0,1
HI-MSBSHSE-4203.txt,MS-1071,भी,1,0,0,1,0,1,3,0,0
HI-MSBSHSE-4203.txt,MS-1072,बड़ी,0,0,0,0,0,0,0,0,1
HI-MSBSHSE-4203.txt,MS-1073,चिंता,0,0,0,0,0,0,0,0,1
HI-MSBSHSE-4203.txt,MS-1074,हुई,1,1,1,1,1,1,6,1,0
HI-MSBSHSE-4203.txt,MS-1075,उसने,0,0,0,0,0,0,0,0,1
HI-MSBSHSE-4203.txt,MS-1076,सयानों,0,0,0,0,1,1,2,0,0
HI-MSBSHSE-4203.txt,MS-1077,और,0,0,0,0,0,0,0,0,1
HI-MSBSHSE-4203.txt,MS-1078,जादूगरों,0,0,0,0,0,0,0,0,1
HI-MSBSHSE-4203.txt,MS-1079,को,0,1,0,0,0,0,1,0,0
HI-MSBSHSE-4203.txt,MS-1080,इकट्ठा,0,0,0,0,0,0,0,0,1
HI-MSBSHSE-4203.txt,MS-1081,कर,1,1,1,1,1,1,6,1,0
HI-MSBSHSE-4203.txt,MS-1082,इस,0,0,0,0,0,0,0,0,1
HI-MSBSHSE-4203.txt,MS-1083,भूत,0,0,0,0,0,0,0,0,1
HI-MSBSHSE-4203.txt,MS-1084,को,0,0,0,0,0,1,1,0,0
HI-MSBSHSE-4203.txt,MS-1085,जंगल,0,0,0,0,0,0,0,0,1
HI-MSBSHSE-4203.txt,MS-1086,से,0,1,0,0,0,0,1,0,0
HI-MSBSHSE-4203.txt,MS-1087,निकालने,0,0,0,0,0,0,0,0,1
HI-MSBSHSE-4203.txt,MS-1088,का,0,0,0,0,0,0,0,0,1
HI-MSBSHSE-4203.txt,MS-1089,आदेश,0,0,0,0,0,0,0,0,1
HI-MSBSHSE-4203.txt,MS-1090,दिया,1,1,1,1,1,1,6,1,0
HI-MSBSHSE-4203.txt,MS-1091,अन्यथा,0,0,0,1,1,1,3,0,0
HI-MSBSHSE-4203.txt,MS-1092,सारा,0,0,0,0,0,0,0,0,1
HI-MSBSHSE-4203.txt,MS-1093,जंगल,1,0,0,0,0,0,1,0,0
HI-MSBSHSE-4203.txt,MS-1094,वीरान,0,0,0,0,0,0,0,0,1
HI-MSBSHSE-4203.txt,MS-1095,हो,0,0,0,0,0,0,0,0,1
HI-MSBSHSE-4203.txt,MS-1096,जाएगा,1,1,1,1,1,1,6,1,0
HI-MSBSHSE-4203.txt,MS-1097,और,0,0,0,0,0,0,0,0,1
HI-MSBSHSE-4203.txt,MS-1098,जंगल,0,0,0,0,0,0,0,0,1
HI-MSBSHSE-4203.txt,MS-1099,से,0,0,0,0,0,0,0,0,1
HI-MSBSHSE-4203.txt,MS-1100,मंगल,1,0,0,0,0,0,1,0,0
HI-MSBSHSE-4203.txt,MS-1101,गायब,0,0,0,0,0,0,0,0,1
HI-MSBSHSE-4203.txt,MS-1102,हो,0,0,0,0,0,0,0,0,1
HI-MSBSHSE-4203.txt,MS-1103,जाएगा,1,1,1,1,1,1,6,1,0
HI-MSBSHSE-4203.txt,MS-1104,लोगों,0,0,0,0,0,0,0,0,1
HI-MSBSHSE-4203.txt,MS-1105,ने,0,0,0,0,0,1,1,0,0
HI-MSBSHSE-4203.txt,MS-1106,अपने-अपने,0,0,0,0,0,0,0,0,1
HI-MSBSHSE-4203.txt,MS-1107,तरीके,0,0,0,0,0,0,0,0,1
HI-MSBSHSE-4203.txt,MS-1108,आरंभ,0,0,0,0,0,0,0,0,1
HI-MSBSHSE-4203.txt,MS-1109,किए,1,1,1,1,1,1,6,1,0
HI-MSBSHSE-4203.txt,MS-1110,परंतु,0,0,0,1,1,0,2,0,0
HI-MSBSHSE-4203.txt,MS-1111,घंटाकरण,0,1,0,0,0,1,2,0,0
HI-MSBSHSE-4203.txt,MS-1112,किसी,0,0,0,0,0,0,0,0,1
HI-MSBSHSE-4203.txt,MS-1113,के,0,0,0,0,0,0,0,0,1
HI-MSBSHSE-4203.txt,MS-1114,काबू,0,0,0,0,0,0,0,0,1
HI-MSBSHSE-4203.txt,MS-1115,में,0,0,0,0,0,0,0,0,1
HI-MSBSHSE-4203.txt,MS-1116,न,0,0,0,0,0,0,0,0,1
HI-MSBSHSE-4203.txt,MS-1117,आया,1,1,1,1,1,1,6,1,0
HI-MSBSHSE-4203.txt,MS-1118,तभी,0,0,0,1,0,0,1,0,0
HI-MSBSHSE-4203.txt,MS-1119,एक,0,0,0,0,0,0,0,0,1
HI-MSBSHSE-4203.txt,MS-1120,बुद्धिमान,0,0,0,0,0,0,0,0,1
HI-MSBSHSE-4203.txt,MS-1121,मनुष्य,1,1,0,0,0,1,3,0,0
HI-MSBSHSE-4203.txt,MS-1122,उधर,0,0,0,0,0,0,0,0,1
HI-MSBSHSE-4203.txt,MS-1123,कहीं,0,0,0,0,0,0,0,0,1
HI-MSBSHSE-4203.txt,MS-1124,से,0,0,0,0,0,0,0,0,1
HI-MSBSHSE-4203.txt,MS-1125,आ,0,0,0,0,0,0,0,0,1
HI-MSBSHSE-4203.txt,MS-1126,निकला,1,1,1,1,1,1,6,1,0
HI-MSBSHSE-4203.txt,MS-1127,वह,0,0,0,0,0,0,0,0,1
HI-MSBSHSE-4203.txt,MS-1128,भूतों,0,0,0,0,0,0,0,0,1
HI-MSBSHSE-4203.txt,MS-1129,में,0,0,0,0,0,0,0,0,1
HI-MSBSHSE-4203.txt,MS-1130,विश्वास,0,0,0,0,0,0,0,0,1
HI-MSBSHSE-4203.txt,MS-1131,नहीं,0,0,0,0,0,0,0,0,1
HI-MSBSHSE-4203.txt,MS-1132,करता,0,0,0,0,0,0,0,0,1
HI-MSBSHSE-4203.txt,MS-1133,था,1,1,1,1,1,1,6,1,0
HI-MSBSHSE-4203.txt,MS-1134,उसने,0,0,0,0,0,0,0,0,1
HI-MSBSHSE-4203.txt,MS-1135,अनुमान,0,0,0,0,0,0,0,0,1
HI-MSBSHSE-4203.txt,MS-1136,लगाना,0,0,0,0,0,0,0,0,1
HI-MSBSHSE-4203.txt,MS-1137,शुरू,0,0,0,0,0,0,0,0,1
HI-MSBSHSE-4203.txt,MS-1138,किया,1,1,0,0,1,1,4,1,0
HI-MSBSHSE-4203.txt,MS-1139,कि,0,0,1,1,0,0,2,0,0
HI-MSBSHSE-4203.txt,MS-1140,सच्चाई,0,0,0,0,0,0,0,0,1
HI-MSBSHSE-4203.txt,MS-1141,क्या,0,0,0,0,0,0,0,0,1
HI-MSBSHSE-4203.txt,MS-1142,हो,0,0,0,0,0,0,0,0,1
HI-MSBSHSE-4203.txt,MS-1143,सकती,0,0,0,0,0,0,0,0,1
HI-MSBSHSE-4203.txt,MS-1144,है,1,1,1,1,1,1,6,1,0
HI-MSBSHSE-4203.txt,MS-1145,वह,0,0,0,0,0,0,0,0,1
HI-MSBSHSE-4203.txt,MS-1146,साधु,0,0,0,0,0,0,0,0,1
HI-MSBSHSE-4203.txt,MS-1147,का,0,0,0,0,0,0,0,0,1
HI-MSBSHSE-4203.txt,MS-1148,वेश,0,0,0,0,0,0,0,0,1
HI-MSBSHSE-4203.txt,MS-1149,बनाकर,0,1,0,1,1,1,4,1,0
HI-MSBSHSE-4203.txt,MS-1150,जंगल,0,0,0,0,0,0,0,0,1
HI-MSBSHSE-4203.txt,MS-1151,में,0,0,0,0,0,0,0,0,1
HI-MSBSHSE-4203.txt,MS-1152,घुसा,1,1,1,1,1,1,6,1,0
HI-MSBSHSE-4209.txt,MS-1001,सर्वप्रथम,1,1,0,0,0,0,2,0,0
HI-MSBSHSE-4209.txt,MS-1002,आदिमानव,0,0,0,0,0,0,0,0,1
HI-MSBSHSE-4209.txt,MS-1003,ने,1,0,1,1,1,1,5,1,0
HI-MSBSHSE-4209.txt,MS-1004,पत्थर,0,0,0,0,0,0,0,0,1
HI-MSBSHSE-4209.txt,MS-1005,पर,0,0,0,0,0,0,0,0,1
HI-MSBSHSE-4209.txt,MS-1006,पत्थर,0,0,0,0,0,0,0,0,1
HI-MSBSHSE-4209.txt,MS-1007,पटककर,1,1,1,1,1,1,6,1,0
HI-MSBSHSE-4209.txt,MS-1008,रगड़कर,1,1,1,0,1,1,5,1,0
HI-MSBSHSE-4209.txt,MS-1009,अथवा,0,0,0,0,0,0,0,0,1
HI-MSBSHSE-4209.txt,MS-1010,घिसकर,1,0,1,0,1,1,4,1,0
HI-MSBSHSE-4209.txt,MS-1011,आग,0,0,0,0,0,0,0,0,1
HI-MSBSHSE-4209.txt,MS-1012,पैदा,0,0,0,0,0,0,0,0,1
HI-MSBSHSE-4209.txt,MS-1013,की,1,1,1,1,1,1,6,1,0
HI-MSBSHSE-4209.txt,MS-1014,धीरे-धीरे,0,1,1,1,1,1,5,1,0
HI-MSBSHSE-4209.txt,MS-1015,मानव,0,0,0,0,0,0,0,0,1
HI-MSBSHSE-4209.txt,MS-1016,का,0,0,0,0,0,0,0,0,1
HI-MSBSHSE-4209.txt,MS-1017,विकास,0,0,0,0,0,0,0,0,1
HI-MSBSHSE-4209.txt,MS-1018,होता,0,0,0,0,0,0,0,0,1
HI-MSBSHSE-4209.txt,MS-1019,गया,1,1,1,1,1,1,6,1,0
HI-MSBSHSE-4209.txt,MS-1020,और,0,0,0,0,0,0,0,0,1
HI-MSBSHSE-4209.txt,MS-1021,साथ,0,0,0,0,0,0,0,0,1
HI-MSBSHSE-4209.txt,MS-1022,में,0,0,0,1,0,0,1,0,0
HI-MSBSHSE-4209.txt,MS-1023,मेरा,0,0,0,0,0,0,0,0,1
HI-MSBSHSE-4209.txt,MS-1024,भी,0,0,0,0,0,0,0,0,1
HI-MSBSHSE-4209.txt,MS-1025,जन्म,0,0,0,0,0,0,0,0,1
HI-MSBSHSE-4209.txt,MS-1026,हुआ,1,1,1,1,1,1,6,1,0
HI-MSBSHSE-4209.txt,MS-1027,जब,0,0,0,0,0,0,0,0,1
HI-MSBSHSE-4209.txt,MS-1028,से,0,0,0,0,0,0,0,0,1
HI-MSBSHSE-4209.txt,MS-1029,मानव,0,1,0,0,1,1,3,0,0
HI-MSBSHSE-4209.txt,MS-1030,मिट्टी,0,0,0,0,0,0,0,0,1
HI-MSBSHSE-4209.txt,MS-1031,के,0,0,0,0,0,0,0,0,1
HI-MSBSHSE-4209.txt,MS-1032,बर्तन,0,0,0,0,0,0,0,0,1
HI-MSBSHSE-4209.txt,MS-1033,बनाने,0,0,0,0,0,0,0,0,1
HI-MSBSHSE-4209.txt,MS-1034,लगा,1,1,1,1,1,1,6,1,0
HI-MSBSHSE-4209.txt,MS-1035,तब,0,0,0,0,0,0,0,0,1
HI-MSBSHSE-4209.txt,MS-1036,से,0,0,0,0,0,0,0,0,1
HI-MSBSHSE-4209.txt,MS-1037,उसने,0,0,0,1,0,0,1,0,0
HI-MSBSHSE-4209.txt,MS-1038,मिट्टी,0,0,0,0,0,0,0,0,1
HI-MSBSHSE-4209.txt,MS-1039,से,0,0,0,0,1,1,2,0,0
HI-MSBSHSE-4209.txt,MS-1040,मुझे,0,1,0,0,0,0,1,0,0
HI-MSBSHSE-4209.txt,MS-1041,विभिन्न,0,0,0,0,0,0,0,0,1
HI-MSBSHSE-4209.txt,MS-1042,आकारों,0,0,0,0,0,0,0,0,1
HI-MSBSHSE-4209.txt,MS-1043,में,0,0,0,0,0,0,0,0,1
HI-MSBSHSE-4209.txt,MS-1044,बनाकर,1,1,1,1,1,1,6,1,0
HI-MSBSHSE-4209.txt,MS-1045,नक्काशी,0,0,0,0,0,0,0,0,1
HI-MSBSHSE-4209.txt,MS-1046,करके,1,1,1,1,1,1,6,1,0
HI-MSBSHSE-4209.txt,MS-1047,मेरा,0,0,0,0,0,0,0,0,1
HI-MSBSHSE-4209.txt,MS-1048,सौंदर्य,0,1,0,0,1,0,2,0,0
HI-MSBSHSE-4209.txt,MS-1049,और,0,0,0,0,0,0,0,0,1
HI-MSBSHSE-4209.txt,MS-1050,भी,0,0,0,0,0,0,0,0,1
HI-MSBSHSE-4209.txt,MS-1051,बढ़ाया,1,1,1,1,1,1,6,1,0
HI-MSBSHSE-4209.txt,MS-1052,अब,0,0,0,0,0,0,0,0,1
HI-MSBSHSE-4209.txt,MS-1053,मेरे,0,0,0,0,0,0,0,0,1
HI-MSBSHSE-4209.txt,MS-1054,दो,0,0,0,0,0,0,0,0,1
HI-MSBSHSE-4209.txt,MS-1055,साथी,1,1,1,1,1,1,6,1,0
HI-MSBSHSE-4209.txt,MS-1056,तेल,0,1,0,0,0,0,1,0,0
HI-MSBSHSE-4209.txt,MS-1057,और,0,0,0,0,0,0,0,0,1
HI-MSBSHSE-4209.txt,MS-1058,बाती,1,0,1,0,1,1,4,1,0
HI-MSBSHSE-4209.txt,MS-1059,मेरे,0,0,0,0,0,0,0,0,1
HI-MSBSHSE-4209.txt,MS-1060,साथ,0,0,0,0,0,0,0,0,1
HI-MSBSHSE-4209.txt,MS-1061,थे,1,1,1,1,1,1,6,1,0
HI-MSBSHSE-4209.txt,MS-1062,मैं,0,0,0,0,0,0,0,0,1
HI-MSBSHSE-4209.txt,MS-1063,झोपड़ी,0,1,0,0,1,0,2,0,0
HI-MSBSHSE-4209.txt,MS-1064,और,0,0,0,0,0,0,0,0,1
HI-MSBSHSE-4209.txt,MS-1065,घर,0,0,0,0,0,0,0,0,1
HI-MSBSHSE-4209.txt,MS-1066,को,0,0,0,1,0,1,2,0,0
HI-MSBSHSE-4209.txt,MS-1067,प्रकाशित,0,0,0,0,0,0,0,0,1
HI-MSBSHSE-4209.txt,MS-1068,करने,0,0,0,0,0,0,0,0,1
HI-MSBSHSE-4209.txt,MS-1069,लगा,1,1,1,1,1,1,6,1,0
HI-MSBSHSE-4209.txt,MS-1070,बाद,0,0,0,0,0,0,0,0,1
HI-MSBSHSE-4209.txt,MS-1071,में,1,0,0,1,0,1,3,0,0
HI-MSBSHSE-4209.txt,MS-1072,उसने,0,0,0,0,0,0,0,0,1
HI-MSBSHSE-4209.txt,MS-1073,मुझे,0,1,0,0,1,0,2,0,0
HI-MSBSHSE-4209.txt,MS-1074,धातु,0,0,0,0,0,0,0,0,1
HI-MSBSHSE-4209.txt,MS-1075,से,0,0,0,0,0,0,0,0,1
HI-MSBSHSE-4209.txt,MS-1076,भी,0,0,0,0,0,0,0,0,1
HI-MSBSHSE-4209.txt,MS-1077,बनाना,0,0,0,0,0,0,0,0,1
HI-MSBSHSE-4209.txt,MS-1078,शुरू,0,0,0,0,0,0,0,0,1
HI-MSBSHSE-4209.txt,MS-1079,किया,1,1,1,1,1,1,6,1,0
HI-MSBSHSE-4209.txt,MS-1080,मुझे,0,1,0,0,0,0,1,0,0
HI-MSBSHSE-4209.txt,MS-1081,अलग-अलग,0,0,0,0,0,1,1,0,0
HI-MSBSHSE-4209.txt,MS-1082,सुंदर,0,0,0,0,0,0,0,0,1
HI-MSBSHSE-4209.txt,MS-1083,आकार,1,1,1,0,1,1,5,1,0
HI-MSBSHSE-4209.txt,MS-1084,और,0,0,0,0,0,0,0,0,1
HI-MSBSHSE-4209.txt,MS-1085,नाम,0,0,0,0,0,0,0,0,1
HI-MSBSHSE-4209.txt,MS-1086,मिलते,0,0,0,0,0,0,0,0,1
HI-MSBSHSE-4209.txt,MS-1087,गए,1,1,1,1,1,1,6,1,0
HI-MSBSHSE-4209.txt,MS-1088,जैसे,0,0,0,0,0,0,0,0,1
HI-MSBSHSE-4209.txt,MS-1089,टिबरी,1,1,1,1,1,1,6,1,0
HI-MSBSHSE-4209.txt,MS-1090,दीपक,1,0,1,1,1,1,5,1,0
HI-MSBSHSE-4209.txt,MS-1091,चिराग,1,1,1,1,1,1,6,1,0
HI-MSBSHSE-4209.txt,MS-1092,दीया,1,1,1,1,1,1,6,1,0
HI-MSBSHSE-4209.txt,MS-1093,लालटेन,1,0,1,0,1,1,4,1,0
HI-MSBSHSE-4209.txt,MS-1094,आदि,1,1,1,1,1,1,6,1,0
HI-MSBSHSE-4209.txt,MS-1095,मेरे,0,0,0,0,0,0,0,0,1
HI-MSBSHSE-4209.txt,MS-1096,टिमटिमाते,0,0,0,0,0,0,0,0,1
HI-MSBSHSE-4209.txt,MS-1097,प्रकाश,0,0,0,0,0,0,0,0,1
HI-MSBSHSE-4209.txt,MS-1098,में,1,1,1,1,1,1,6,1,0
HI-MSBSHSE-4209.txt,MS-1099,कितने,0,0,0,0,0,0,0,0,1
HI-MSBSHSE-4209.txt,MS-1100,ही,0,0,0,0,0,0,0,0,1
HI-MSBSHSE-4209.txt,MS-1101,महापुरुषों,0,0,0,0,0,0,0,0,1
HI-MSBSHSE-4209.txt,MS-1102,ने,0,0,0,0,0,0,0,0,1
HI-MSBSHSE-4209.txt,MS-1103,अध्ययन,0,0,0,0,0,0,0,0,1
HI-MSBSHSE-4209.txt,MS-1104,किया,1,1,1,1,1,1,6,1,0
HI-MSBSHSE-4209.txt,MS-1105,और,0,0,0,0,0,0,0,0,1
HI-MSBSHSE-4209.txt,MS-1106,ज्ञान,0,0,0,0,0,0,0,0,1
HI-MSBSHSE-4209.txt,MS-1107,से,1,1,0,0,0,0,2,0,0
HI-MSBSHSE-4209.txt,MS-1108,इस,0,0,0,0,0,0,0,0,1
HI-MSBSHSE-4209.txt,MS-1109,संसार,0,0,0,0,0,0,0,0,1
HI-MSBSHSE-4209.txt,MS-1110,को,0,0,0,0,1,1,2,0,0
HI-MSBSHSE-4209.txt,MS-1111,आलोकित,0,0,0,0,0,0,0,0,1
HI-MSBSHSE-4209.txt,MS-1112,किया,1,1,1,1,1,1,6,1,0
HI-MSBSHSE-4209.txt,MS-1113,मुझपर,0,0,0,0,0,0,0,0,1
HI-MSBSHSE-4209.txt,MS-1114,गीत,0,0,0,0,0,0,0,0,1
HI-MSBSHSE-4209.txt,MS-1115,लिखे,0,0,0,0,0,0,0,0,1
HI-MSBSHSE-4209.txt,MS-1116,गए,1,1,1,1,1,1,6,1,0
HI-MSBSHSE-4209.txt,MS-1117,कहा,0,0,0,0,0,0,0,0,1
HI-MSBSHSE-4209.txt,MS-1118,जाता,0,0,0,0,0,0,0,0,1
HI-MSBSHSE-4209.txt,MS-1119,है,1,1,0,0,1,1,4,1,0
HI-MSBSHSE-4209.txt,MS-1120,कि,0,0,1,1,0,0,2,0,0
HI-MSBSHSE-4209.txt,MS-1121,संगीतकारों,0,0,0,0,0,0,0,0,1
HI-MSBSHSE-4209.txt,MS-1122,ने,0,0,0,0,0,0,0,0,1
HI-MSBSHSE-4209.txt,MS-1123,मेरे,0,0,0,0,0,0,0,0,1
HI-MSBSHSE-4209.txt,MS-1124,लिए,1,1,0,0,1,1,4,1,0
HI-MSBSHSE-4209.txt,MS-1125,दीपक,0,0,0,0,0,0,0,0,1
HI-MSBSHSE-4209.txt,MS-1126,राग,0,0,0,0,0,0,0,0,1
HI-MSBSHSE-4209.txt,MS-1127,भी,0,0,0,0,0,0,0,0,1
HI-MSBSHSE-4209.txt,MS-1128,रचा,1,1,1,1,1,1,6,1,0
HI-MSBSHSE-4209.txt,MS-1129,जिसे,0,0,0,0,0,0,0,0,1
HI-MSBSHSE-4209.txt,MS-1130,सुनकर,1,1,0,1,1,1,5,1,0
HI-MSBSHSE-4209.txt,MS-1131,मैं,0,0,0,0,0,0,0,0,1
HI-MSBSHSE-4209.txt,MS-1132,अपने-आप,0,0,0,0,0,0,0,0,1
HI-MSBSHSE-4209.txt,MS-1133,जल,0,0,0,0,0,0,0,0,1
HI-MSBSHSE-4209.txt,MS-1134,उठता,0,0,0,0,0,0,0,0,1
HI-MSBSHSE-4209.txt,MS-1135,था,1,1,1,1,1,1,6,1,0
HI-MSBSHSE-4209.txt,MS-1136,संसार,0,0,0,0,0,0,0,0,1
HI-MSBSHSE-4209.txt,MS-1137,के,0,0,0,0,0,0,0,0,1
HI-MSBSHSE-4209.txt,MS-1138,महान,0,0,0,0,0,0,0,0,1
HI-MSBSHSE-4209.txt,MS-1139,वैज्ञानिक,1,1,0,0,1,1,4,1,0
HI-MSBSHSE-4209.txt,MS-1140,एडिसन,0,0,0,0,1,1,2,0,0
HI-MSBSHSE-4209.txt,MS-1141,ने,1,0,0,1,0,0,2,0,0
HI-MSBSHSE-4209.txt,MS-1142,मुझे,0,0,1,0,0,0,1,0,0
HI-MSBSHSE-4209.txt,MS-1143,एक,0,0,0,0,0,0,0,0,1
HI-MSBSHSE-4209.txt,MS-1144,नए,0,0,0,0,0,0,0,0,1
HI-MSBSHSE-4209.txt,MS-1145,रूप,0,0,0,0,0,0,0,0,1
HI-MSBSHSE-4209.txt,MS-1146,में,0,0,0,0,0,1,1,0,0
HI-MSBSHSE-4209.txt,MS-1147,विकसित,0,0,0,0,0,0,0,0,1
HI-MSBSHSE-4209.txt,MS-1148,किया,1,1,1,1,1,1,6,1,0
HI-MSBSHSE-4209.txt,MS-1149,उन्होंने,0,0,0,1,0,0,1,0,0
HI-MSBSHSE-4209.txt,MS-1150,बिजली,0,0,0,0,0,0,0,0,1
HI-MSBSHSE-4209.txt,MS-1151,से,0,0,0,0,0,0,0,0,1
HI-MSBSHSE-4209.txt,MS-1152,जलने,0,0,0,0,0,0,0,0,1
HI-MSBSHSE-4209.txt,MS-1153,वाले,1,1,0,1,1,1,5,1,0
HI-MSBSHSE-4209.txt,MS-1154,विद्युतदीप,0,0,0,0,0,0,0,0,1
HI-MSBSHSE-4209.txt,MS-1155,का,0,0,0,0,0,0,0,0,1
HI-MSBSHSE-4209.txt,MS-1156,आविष्कार,0,0,0,0,0,0,0,0,1
HI-MSBSHSE-4209.txt,MS-1157,किया,1,1,1,1,1,1,6,1,0
HI-MSBSHSE-5103.txt,MS-1001,राजा,0,0,0,0,0,0,0,0,1
HI-MSBSHSE-5103.txt,MS-1002,मंगलसेन,0,0,0,0,0,0,0,0,1
HI-MSBSHSE-5103.txt,MS-1003,के,0,0,0,0,0,0,0,0,1
HI-MSBSHSE-5103.txt,MS-1004,मंत्री,0,1,0,0,1,1,3,0,0
HI-MSBSHSE-5103.txt,MS-1005,जगतराम,1,0,1,1,0,1,4,1,0
HI-MSBSHSE-5103.txt,MS-1006,बूढ़े,0,0,0,0,0,0,0,0,1
HI-MSBSHSE-5103.txt,MS-1007,हो,0,0,0,0,0,0,0,0,1
HI-MSBSHSE-5103.txt,MS-1008,चुके,0,0,0,0,0,0,0,0,1
HI-MSBSHSE-5103.txt,MS-1009,थे,1,1,1,1,1,1,6,1,0
HI-MSBSHSE-5103.txt,MS-1010,उन्होंने,0,0,0,0,1,0,1,0,0
HI-MSBSHSE-5103.txt,MS-1011,राजा,0,0,0,0,0,0,0,0,1
HI-MSBSHSE-5103.txt,MS-1012,से,1,1,0,1,0,1,4,1,0
HI-MSBSHSE-5103.txt,MS-1013,स्वयं,0,0,0,0,0,0,0,0,1
HI-MSBSHSE-5103.txt,MS-1014,को,1,0,0,0,0,0,1,0,0
HI-MSBSHSE-5103.txt,MS-1015,सेवामुक्त,0,1,0,0,0,0,1,0,0
HI-MSBSHSE-5103.txt,MS-1016,करने,0,0,0,0,0,0,0,0,1
HI-MSBSHSE-5103.txt,MS-1017,की,0,0,0,0,0,1,1,0,0
HI-MSBSHSE-5103.txt,MS-1018,विनती,0,0,0,0,0,0,0,0,1
HI-MSBSHSE-5103.txt,MS-1019,की,1,1,1,1,1,1,6,1,0
HI-MSBSHSE-5103.txt,MS-1020,राजा,0,0,0,0,0,0,0,0,1
HI-MSBSHSE-5103.txt,MS-1021,मंगलसेन,0,0,0,0,0,0,0,0,1
HI-MSBSHSE-5103.txt,MS-1022,ने,0,0,0,0,0,0,0,0,1
HI-MSBSHSE-5103.txt,MS-1023,कहा,1,0,0,0,1,1,3,0,0
HI-MSBSHSE-5103.txt,MS-1024,कि,0,1,1,1,0,0,3,0,0
HI-MSBSHSE-5103.txt,MS-1025,जब,0,0,0,0,0,0,0,0,1
HI-MSBSHSE-5103.txt,MS-1026,तक,0,0,0,0,0,0,0,0,1
HI-MSBSHSE-5103.txt,MS-1027,जगतराम,0,1,0,1,1,0,3,0,0
HI-MSBSHSE-5103.txt,MS-1028,अपने,0,0,0,0,0,0,0,0,1
HI-MSBSHSE-5103.txt,MS-1029,जैसे,0,0,0,0,0,0,0,0,1
HI-MSBSHSE-5103.txt,MS-1030,सेवाभावी,1,1,1,0,1,1,5,1,0
HI-MSBSHSE-5103.txt,MS-1031,परोपकारी,1,1,1,0,1,1,5,1,0
HI-MSBSHSE-5103.txt,MS-1032,और,0,0,0,0,0,0,0,0,1
HI-MSBSHSE-5103.txt,MS-1033,ईमानदार,0,0,0,0,0,0,0,0,1
HI-MSBSHSE-5103.txt,MS-1034,मंत्री,0,1,0,0,0,0,1,0,0
HI-MSBSHSE-5103.txt,MS-1035,का,0,0,0,0,0,0,0,0,1
HI-MSBSHSE-5103.txt,MS-1036,चुनाव,0,0,0,0,0,0,0,0,1
HI-MSBSHSE-5103.txt,MS-1037,नहीं,0,0,0,0,0,0,0,0,1
HI-MSBSHSE-5103.txt,MS-1038,कर,0,0,0,0,0,0,0,0,1
HI-MSBSHSE-5103.txt,MS-1039,लेते,1,1,1,1,1,1,6,1,0
HI-MSBSHSE-5103.txt,MS-1040,तब,0,0,0,0,0,0,0,0,1
HI-MSBSHSE-5103.txt,MS-1041,तक,1,0,0,0,0,1,2,0,0
HI-MSBSHSE-5103.txt,MS-1042,उन्हें,0,1,0,0,0,0,1,0,0
HI-MSBSHSE-5103.txt,MS-1043,सेवामुक्त,0,0,0,0,0,0,0,0,1
HI-MSBSHSE-5103.txt,MS-1044,नहीं,0,0,0,0,0,0,0,0,1
HI-MSBSHSE-5103.txt,MS-1045,किया,0,0,0,0,0,0,0,0,1
HI-MSBSHSE-5103.txt,MS-1046,जा,0,0,0,0,0,0,0,0,1
HI-MSBSHSE-5103.txt,MS-1047,सकता,1,1,1,1,1,1,6,1,0
HI-MSBSHSE-5103.txt,MS-1048,जगतराम,0,0,0,0,0,0,0,0,1
HI-MSBSHSE-5103.txt,MS-1049,ने,0,0,0,0,0,0,0,0,1
HI-MSBSHSE-5103.txt,MS-1050,आदेश,0,0,0,0,0,0,0,0,1
HI-MSBSHSE-5103.txt,MS-1051,दिया,1,0,0,0,1,1,3,0,0
HI-MSBSHSE-5103.txt,MS-1052,कि,0,1,1,1,0,0,3,0,0
HI-MSBSHSE-5103.txt,MS-1053,राज्य,0,0,0,0,0,0,0,0,1
HI-MSBSHSE-5103.txt,MS-1054,में,0,0,0,0,0,0,0,0,1
HI-MSBSHSE-5103.txt,MS-1055,ढिंढोरा,0,0,0,0,0,0,0,0,1
HI-MSBSHSE-5103.txt,MS-1056,पिटवा,0,0,0,0,0,0,0,0,1
HI-MSBSHSE-5103.txt,MS-1057,दिया,0,0,0,0,0,0,0,0,1
HI-MSBSHSE-5103.txt,MS-1058,जाए,1,1,0,0,1,1,4,1,0
HI-MSBSHSE-5103.txt,MS-1059,कि,0,0,1,1,0,0,2,0,0
HI-MSBSHSE-5103.txt,MS-1060,राज्य,0,0,0,0,0,0,0,0,1
HI-MSBSHSE-5103.txt,MS-1061,के,0,0,0,0,0,0,0,0,1
HI-MSBSHSE-5103.txt,MS-1062,नए,0,0,0,0,0,0,0,0,1
HI-MSBSHSE-5103.txt,MS-1063,मंत्री,0,0,0,0,0,0,0,0,1
HI-MSBSHSE-5103.txt,MS-1064,का,0,0,0,0,0,0,0,0,1
HI-MSBSHSE-5103.txt,MS-1065,चयन,1,1,1,1,1,1,6,1,0
HI-MSBSHSE-5103.txt,MS-1066,अगले,0,0,0,0,0,0,0,0,1
HI-MSBSHSE-5103.txt,MS-1067,गुरुवार,0,0,0,0,0,0,0,0,1
HI-MSBSHSE-5103.txt,MS-1068,को,0,0,0,0,0,0,0,0,1
HI-MSBSHSE-5103.txt,MS-1069,किया,0,0,0,0,0,0,0,0,1
HI-MSBSHSE-5103.txt,MS-1070,जाएगा,1,1,1,1,1,1,6,1,0
HI-MSBSHSE-5103.txt,MS-1071,और,0,0,0,0,0,0,0,0,1
HI-MSBSHSE-5103.txt,MS-1072,इस,0,0,0,0,0,0,0,0,1
HI-MSBSHSE-5103.txt,MS-1073,पद,0,0,0,0,0,0,0,0,1
HI-MSBSHSE-5103.txt,MS-1074,के,0,1,0,0,0,0,1,0,0
HI-MSBSHSE-5103.txt,MS-1075,इच्छुक,1,0,1,1,1,1,5,1,0
HI-MSBSHSE-5103.txt,MS-1076,ग्यारह,0,0,0,0,0,0,0,0,1
HI-MSBSHSE-5103.txt,MS-1077,बजे,1,1,0,0,1,0,3,0,0
HI-MSBSHSE-5103.txt,MS-1078,राजदरबार,0,0,0,0,0,0,0,0,1
HI-MSBSHSE-5103.txt,MS-1079,में,0,0,0,0,0,0,0,0,1
HI-MSBSHSE-5103.txt,MS-1080,उपस्थित,0,0,0,0,0,0,0,0,1
HI-MSBSHSE-5103.txt,MS-1081,हों,1,1,1,1,1,1,6,1,0
HI-MSBSHSE-5103.txt,MS-1082,हरकारे,0,1,0,0,0,0,1,0,0
HI-MSBSHSE-5103.txt,MS-1083,गाँव-गाँव,0,0,0,0,0,0,0,0,1
HI-MSBSHSE-5103.txt,MS-1084,ढिंढोरा,0,0,0,0,0,0,0,0,1
HI-MSBSHSE-5103.txt,MS-1085,पीटने,0,0,0,0,0,0,0,0,1
HI-MSBSHSE-5103.txt,MS-1086,लगे,1,1,1,1,1,1,6,1,0
HI-MSBSHSE-5103.txt,MS-1087,चयन,0,0,0,0,0,0,0,0,1
HI-MSBSHSE-5103.txt,MS-1088,वाले,0,1,0,0,0,0,1,0,0
HI-MSBSHSE-5103.txt,MS-1089,दिन,1,0,1,1,1,1,5,1,0
HI-MSBSHSE-5103.txt,MS-1090,राजदरबार,0,0,0,0,0,0,0,0,1
HI-MSBSHSE-5103.txt,MS-1091,की,0,1,0,0,0,0,1,0,0
HI-MSBSHSE-5103.txt,MS-1092,ओर,0,0,0,0,0,0,0,0,1
HI-MSBSHSE-5103.txt,MS-1093,जाने,0,0,0,0,0,0,0,0,1
HI-MSBSHSE-5103.txt,MS-1094,वाले,0,0,0,0,0,0,0,0,1
HI-MSBSHSE-5103.txt,MS-1095,मार्ग,0,0,0,0,0,0,0,0,1
HI-MSBSHSE-5103.txt,MS-1096,पर,1,1,1,1,1,1,6,1,0
HI-MSBSHSE-5103.txt,MS-1097,सुबह,0,0,0,0,0,0,0,0,1
HI-MSBSHSE-5103.txt,MS-1098,से,0,0,0,0,0,0,0,0,1
HI-MSBSHSE-5103.txt,MS-1099,ही,1,0,0,0,0,0,1,0,0
HI-MSBSHSE-5103.txt,MS-1100,नवयुवकों,0,0,0,0,0,0,0,0,1
HI-MSBSHSE-5103.txt,MS-1101,की,0,0,0,0,0,0,0,0,1
HI-MSBSHSE-5103.txt,MS-1102,भीड़,0,0,0,0,0,0,0,0,1
HI-MSBSHSE-5103.txt,MS-1103,लग,0,0,0,0,0,0,0,0,1
HI-MSBSHSE-5103.txt,MS-1104,गई,0,0,0,0,0,0,0,0,1
HI-MSBSHSE-5103.txt,MS-1105,थी,1,1,1,1,1,1,6,1,0
HI-MSBSHSE-5103.txt,MS-1106,सैकड़ों,0,0,0,0,0,0,0,0,1
HI-MSBSHSE-5103.txt,MS-1107,की,0,0,0,0,0,0,0,0,1
HI-MSBSHSE-5103.txt,MS-1108,संख्या,0,0,0,0,0,0,0,0,1
HI-MSBSHSE-5103.txt,MS-1109,में,0,0,0,0,0,1,1,0,0
HI-MSBSHSE-5103.txt,MS-1110,युवक,1,1,0,1,1,0,4,1,0
HI-MSBSHSE-5103.txt,MS-1111,दरबार,0,0,0,0,0,0,0,0,1
HI-MSBSHSE-5103.txt,MS-1112,की,0,0,0,0,0,0,0,0,1
HI-MSBSHSE-5103.txt,MS-1113,ओर,0,0,0,0,0,0,0,0,1
HI-MSBSHSE-5103.txt,MS-1114,जा,0,0,0,0,0,0,0,0,1
HI-MSBSHSE-5103.txt,MS-1115,रहे,0,0,0,0,0,0,0,0,1
HI-MSBSHSE-5103.txt,MS-1116,थे,1,1,1,1,1,1,6,1,0
HI-MSBSHSE-5103.txt,MS-1117,इसी,0,0,0,0,0,0,0,0,1
HI-MSBSHSE-5103.txt,MS-1118,रास्ते,0,0,0,0,0,0,0,0,1
HI-MSBSHSE-5103.txt,MS-1119,पर,1,1,0,1,1,0,4,1,0
HI-MSBSHSE-5103.txt,MS-1120,एक,0,0,0,0,0,0,0,0,1
HI-MSBSHSE-5103.txt,MS-1121,तरफ,0,0,0,1,1,1,3,0,0
HI-MSBSHSE-5103.txt,MS-1122,एक,0,0,0,0,0,0,0,0,1
HI-MSBSHSE-5103.txt,MS-1123,वृद्ध,1,1,0,0,0,0,2,0,0
HI-MSBSHSE-5103.txt,MS-1124,हताश-सा,0,0,0,0,0,0,0,0,1
HI-MSBSHSE-5103.txt,MS-1125,बैठा,0,0,0,0,0,0,0,0,1
HI-MSBSHSE-5103.txt,MS-1126,था,1,1,1,1,1,1,6,1,0
HI-MSBSHSE-5103.txt,MS-1127,उसकी,0,0,0,0,0,0,0,0,1
HI-MSBSHSE-5103.txt,MS-1128,बैलगाड़ी,0,0,0,0,0,0,0,0,1
HI-MSBSHSE-5103.txt,MS-1129,का,0,0,0,0,0,0,0,0,1
HI-MSBSHSE-5103.txt,MS-1130,एक,0,0,0,0,0,0,0,0,1
HI-MSBSHSE-5103.txt,MS-1131,पहिया,1,1,1,1,1,1,6,1,0
HI-MSBSHSE-5103.txt,MS-1132,रास्ते,0,0,0,0,0,0,0,0,1
HI-MSBSHSE-5103.txt,MS-1133,के,0,0,0,0,0,0,0,0,1
HI-MSBSHSE-5103.txt,MS-1134,किनारे,1,1,0,0,0,0,2,0,0
HI-MSBSHSE-5103.txt,MS-1135,कीचड़,0,0,0,0,0,0,0,0,1
HI-MSBSHSE-5103.txt,MS-1136,में,0,0,0,0,0,0,0,0,1
HI-MSBSHSE-5103.txt,MS-1137,फँस,0,0,0,0,0,0,0,0,1
HI-MSBSHSE-5103.txt,MS-1138,गया,0,0,0,0,0,0,0,0,1
HI-MSBSHSE-5103.txt,MS-1139,था,1,1,1,1,1,1,6,1,0
HI-MSBSHSE-5103.txt,MS-1140,वृद्ध,0,0,0,0,0,0,0,0,1
HI-MSBSHSE-5103.txt,MS-1141,ने,0,0,0,0,1,0,1,0,0
HI-MSBSHSE-5103.txt,MS-1142,कई,0,0,0,0,0,0,0,0,1
HI-MSBSHSE-5103.txt,MS-1143,बार,1,1,0,1,0,0,3,0,0
HI-MSBSHSE-5103.txt,MS-1144,पहिया,0,0,0,0,0,1,1,0,0
HI-MSBSHSE-5103.txt,MS-1145,कीचड़,0,0,0,0,0,0,0,0,1
HI-MSBSHSE-5103.txt,MS-1146,से,0,0,0,0,0,0,0,0,1
HI-MSBSHSE-5103.txt,MS-1147,निकालने,0,0,0,0,0,0,0,0,1
HI-MSBSHSE-5103.txt,MS-1148,की,0,0,0,0,0,0,0,0,1
HI-MSBSHSE-5103.txt,MS-1149,कोशिश,0,0,0,0,0,0,0,0,1
HI-MSBSHSE-5103.txt,MS-1150,की,1,1,1,1,1,1,6,1,0
HI-MSBSHSE-5103.txt,MS-1151,पर,0,0,0,0,0,0,0,0,1
HI-MSBSHSE-5103.txt,MS-1152,असफल,0,0,0,0,0,0,0,0,1
HI-MSBSHSE-5103.txt,MS-1153,रहा,1,1,1,1,1,1,6,1,0
HI-MSBSHSE-5103.txt,MS-1154,किसी,0,0,0,0,0,0,0,0,1
HI-MSBSHSE-5103.txt,MS-1155,उम्मीदवारों,0,0,0,0,0,0,0,0,1
HI-MSBSHSE-5103.txt,MS-1156,ने,1,1,0,0,1,1,4,1,0
HI-MSBSHSE-5103.txt,MS-1157,वृद्ध,0,0,0,0,0,0,0,0,1
HI-MSBSHSE-5103.txt,MS-1158,की,0,0,0,0,0,0,0,0,1
HI-MSBSHSE-5103.txt,MS-1159,सहायता,0,0,0,0,0,0,0,0,1
HI-MSBSHSE-5103.txt,MS-1160,नहीं,0,0,0,0,0,0,0,0,1
HI-MSBSHSE-5103.txt,MS-1161,की,1,1,1,1,1,1,6,1,0
HI-MSBSHSE-5110.txt,MS-1001,सुंदरपुर,0,0,0,0,0,0,0,0,1
HI-MSBSHSE-5110.txt,MS-1002,गाँव,0,0,0,0,0,0,0,0,1
HI-MSBSHSE-5110.txt,MS-1003,में,1,1,1,1,1,1,6,1,0
HI-MSBSHSE-5110.txt,MS-1004,रामदीन,0,0,0,0,0,0,0,0,1
HI-MSBSHSE-5110.txt,MS-1005,नामक,0,0,0,0,1,1,2,0,0
HI-MSBSHSE-5110.txt,MS-1006,किसान,0,0,0,0,0,0,0,0,1
HI-MSBSHSE-5110.txt,MS-1007,रहता,0,0,0,0,0,0,0,0,1
HI-MSBSHSE-5110.txt,MS-1008,था,1,1,1,1,1,1,6,1,0
HI-MSBSHSE-5110.txt,MS-1009,उसके,0,0,0,0,0,0,0,0,1
HI-MSBSHSE-5110.txt,MS-1010,चार,0,0,0,0,0,0,0,0,1
HI-MSBSHSE-5110.txt,MS-1011,बेटे,0,0,0,0,0,0,0,0,1
HI-MSBSHSE-5110.txt,MS-1012,थे,1,1,1,1,1,1,6,1,0
HI-MSBSHSE-5110.txt,MS-1013,रामदीन,0,0,0,0,0,0,0,0,1
HI-MSBSHSE-5110.txt,MS-1014,स्वयं,0,0,0,0,1,1,2,0,0
HI-MSBSHSE-5110.txt,MS-1015,तो,0,0,0,0,0,0,0,0,1
HI-MSBSHSE-5110.txt,MS-1016,बहुत,0,0,0,0,0,0,0,0,1
HI-MSBSHSE-5110.txt,MS-1017,परिश्रमी,0,0,0,0,0,0,0,0,1
HI-MSBSHSE-5110.txt,MS-1018,था,1,1,1,1,1,1,6,1,0
HI-MSBSHSE-5110.txt,MS-1019,पर,0,0,0,0,0,0,0,0,1
HI-MSBSHSE-5110.txt,MS-1020,उसके,0,0,0,0,0,0,0,0,1
HI-MSBSHSE-5110.txt,MS-1021,चारों,0,0,0,0,0,0,0,0,1
HI-MSBSHSE-5110.txt,MS-1022,बेटे,1,0,0,1,1,1,4,1,0
HI-MSBSHSE-5110.txt,MS-1023,बड़े,0,0,0,0,0,0,0,0,1
HI-MSBSHSE-5110.txt,MS-1024,आलसी,0,0,0,0,0,0,0,0,1
HI-MSBSHSE-5110.txt,MS-1025,थे,1,1,1,1,1,1,6,1,0
HI-MSBSHSE-5110.txt,MS-1026,हर,0,0,0,0,0,0,0,0,1
HI-MSBSHSE-5110.txt,MS-1027,समय,0,0,0,0,0,0,0,0,1
HI-MSBSHSE-5110.txt,MS-1028,इधर-उधर,0,0,0,0,0,0,0,0,1
HI-MSBSHSE-5110.txt,MS-1029,बैठकर,1,1,1,1,1,1,6,1,0
HI-MSBSHSE-5110.txt,MS-1030,गप्पें,0,0,0,0,0,0,0,0,1
HI-MSBSHSE-5110.txt,MS-1031,मारा,0,0,0,0,0,0,0,0,1
HI-MSBSHSE-5110.txt,MS-1032,करते,0,0,0,0,0,0,0,0,1
HI-MSBSHSE-5110.txt,MS-1033,थे,1,1,1,1,1,1,6,1,0
HI-MSBSHSE-5110.txt,MS-1034,रामदीन,0,0,0,0,0,0,0,0,1
HI-MSBSHSE-5110.txt,MS-1035,उनके,0,0,0,0,0,0,0,0,1
HI-MSBSHSE-5110.txt,MS-1036,इस,0,0,0,0,0,0,0,0,1
HI-MSBSHSE-5110.txt,MS-1037,अल्हड़पन,0,0,0,0,0,0,0,0,1
HI-MSBSHSE-5110.txt,MS-1038,से,0,0,0,0,1,1,2,0,0
HI-MSBSHSE-5110.txt,MS-1039,परेशान,0,0,0,0,0,0,0,0,1
HI-MSBSHSE-5110.txt,MS-1040,था,1,1,1,1,1,1,6,1,0
HI-MSBSHSE-5110.txt,MS-1041,उसे,0,0,0,0,0,0,0,0,1
HI-MSBSHSE-5110.txt,MS-1042,हमेशा,0,0,0,0,1,1,2,0,0
HI-MSBSHSE-5110.txt,MS-1043,बेटों,0,0,0,0,0,0,0,0,1
HI-MSBSHSE-5110.txt,MS-1044,के,0,0,0,0,0,0,0,0,1
HI-MSBSHSE-5110.txt,MS-1045,भविष्य,0,0,0,0,0,0,0,0,1
HI-MSBSHSE-5110.txt,MS-1046,की,1,0,0,0,0,0,1,0,0
HI-MSBSHSE-5110.txt,MS-1047,चिंता,0,1,0,0,0,0,1,0,0
HI-MSBSHSE-5110.txt,MS-1048,सताया,0,0,0,0,0,0,0,0,1
HI-MSBSHSE-5110.txt,MS-1049,करती,1,1,1,1,1,1,6,1,0
HI-MSBSHSE-5110.txt,MS-1050,वह,0,0,0,0,0,0,0,0,1
HI-MSBSHSE-5110.txt,MS-1051,दिन-रात,0,0,0,1,0,0,1,0,0
HI-MSBSHSE-5110.txt,MS-1052,यही,0,0,0,0,0,0,0,0,1
HI-MSBSHSE-5110.txt,MS-1053,सोचा,0,0,0,0,0,0,0,0,1
HI-MSBSHSE-5110.txt,MS-1054,करता,1,1,0,0,1,1,4,1,0
HI-MSBSHSE-5110.txt,MS-1055,कि,0,0,1,1,0,0,2,0,0
HI-MSBSHSE-5110.txt,MS-1056,बेटे,0,0,0,0,0,0,0,0,1
HI-MSBSHSE-5110.txt,MS-1057,अपना,0,0,0,0,0,0,0,0,1
HI-MSBSHSE-5110.txt,MS-1058,पेट,0,0,0,0,0,0,0,0,1
HI-MSBSHSE-5110.txt,MS-1059,कैसे,0,0,0,0,0,0,0,0,1
HI-MSBSHSE-5110.txt,MS-1060,पालेंगे,1,1,1,1,1,1,6,1,0
HI-MSBSHSE-5110.txt,MS-1061,एक,0,0,0,0,0,0,0,0,1
HI-MSBSHSE-5110.txt,MS-1062,रात,1,0,0,1,1,1,4,1,0
HI-MSBSHSE-5110.txt,MS-1063,वह,0,0,0,0,0,0,0,0,1
HI-MSBSHSE-5110.txt,MS-1064,इन्हीं,0,0,0,0,0,0,0,0,1
HI-MSBSHSE-5110.txt,MS-1065,विचारों,0,0,0,0,0,0,0,0,1
HI-MSBSHSE-5110.txt,MS-1066,में,0,0,0,0,0,0,0,0,1
HI-MSBSHSE-5110.txt,MS-1067,खोया,0,0,0,0,0,0,0,0,1
HI-MSBSHSE-5110.txt,MS-1068,था,1,1,1,1,1,1,6,1,0
HI-MSBSHSE-5110.txt,MS-1069,तभी,0,0,0,0,0,0,0,0,1
HI-MSBSHSE-5110.txt,MS-1070,उसकी,0,0,0,0,0,0,0,0,1
HI-MSBSHSE-5110.txt,MS-1071,पत्नी,0,0,0,0,0,0,0,0,1
HI-MSBSHSE-5110.txt,MS-1072,ने,0,0,0,0,1,1,2,0,0
HI-MSBSHSE-5110.txt,MS-1073,झिझकते,0,0,0,0,0,0,0,0,1
HI-MSBSHSE-5110.txt,MS-1074,हुए,1,1,1,1,1,1,6,1,0
HI-MSBSHSE-5110.txt,MS-1075,उसे,0,0,0,0,0,0,0,0,1
HI-MSBSHSE-5110.txt,MS-1076,एक,0,0,0,0,0,0,0,0,1
HI-MSBSHSE-5110.txt,MS-1077,उपाय,0,0,0,0,0,0,0,0,1
HI-MSBSHSE-5110.txt,MS-1078,सुझाया,1,1,1,1,1,1,6,1,0
HI-MSBSHSE-5110.txt,MS-1079,अगली,0,0,0,0,0,0,0,0,1
HI-MSBSHSE-5110.txt,MS-1080,सुबह,1,0,0,1,1,1,4,1,0
HI-MSBSHSE-5110.txt,MS-1081,रामदीन,0,0,0,0,0,0,0,0,1
HI-MSBSHSE-5110.txt,MS-1082,ने,0,1,0,0,1,1,3,0,0
HI-MSBSHSE-5110.txt,MS-1083,अपने,0,0,0,0,0,0,0,0,1
HI-MSBSHSE-5110.txt,MS-1084,चारों,0,0,0,0,0,0,0,0,1
HI-MSBSHSE-5110.txt,MS-1085,बेटों,0,0,0,0,0,0,0,0,1
HI-MSBSHSE-5110.txt,MS-1086,को,0,0,0,0,0,0,0,0,1
HI-MSBSHSE-5110.txt,MS-1087,बुलाकर,0,0,0,0,0,0,0,0,1
HI-MSBSHSE-5110.txt,MS-1088,कहा,1,0,0,0,1,1,3,0,0
HI-MSBSHSE-5110.txt,MS-1089,कि,0,1,1,1,0,0,3,0,0
HI-MSBSHSE-5110.txt,MS-1090,वह,0,0,0,0,0,0,0,0,1
HI-MSBSHSE-5110.txt,MS-1091,और,0,0,0,0,0,0,0,0,1
HI-MSBSHSE-5110.txt,MS-1092,उनकी,0,0,0,0,0,0,0,0,1
HI-MSBSHSE-5110.txt,MS-1093,माँ,1,1,0,0,1,1,4,1,0
HI-MSBSHSE-5110.txt,MS-1094,अब,0,0,0,0,0,0,0,0,1
HI-MSBSHSE-5110.txt,MS-1095,बूढ़े,0,0,0,0,0,0,0,0,1
HI-MSBSHSE-5110.txt,MS-1096,हो,0,0,0,0,0,0,0,0,1
HI-MSBSHSE-5110.txt,MS-1097,गए,0,0,0,0,0,0,0,0,1
HI-MSBSHSE-5110.txt,MS-1098,हैं,1,1,1,1,1,1,6,1,0
HI-MSBSHSE-5110.txt,MS-1099,और,0,0,0,0,0,0,0,0,1
HI-MSBSHSE-5110.txt,MS-1100,दूर,0,0,0,0,0,0,0,0,1
HI-MSBSHSE-5110.txt,MS-1101,तीर्थयात्रा,0,0,0,0,0,0,0,0,1
HI-MSBSHSE-5110.txt,MS-1102,पर,0,0,0,0,0,0,0,0,1
HI-MSBSHSE-5110.txt,MS-1103,जा,0,0,0,0,0,0,0,0,1
HI-MSBSHSE-5110.txt,MS-1104,रहे,0,0,0,0,0,0,0,0,1
HI-MSBSHSE-5110.txt,MS-1105,हैं,1,1,1,1,1,1,6,1,0
HI-MSBSHSE-5110.txt,MS-1106,उसने,0,0,0,0,0,0,0,0,1
HI-MSBSHSE-5110.txt,MS-1107,बताया,1,0,0,0,1,1,3,0,0
HI-MSBSHSE-5110.txt,MS-1108,कि,0,1,1,1,0,0,3,0,0
HI-MSBSHSE-5110.txt,MS-1109,उसने,0,0,0,0,0,0,0,0,1
HI-MSBSHSE-5110.txt,MS-1110,खेत,0,0,0,0,0,0,0,0,1
HI-MSBSHSE-5110.txt,MS-1111,में,0,0,0,0,0,0,0,0,1
HI-MSBSHSE-5110.txt,MS-1112,धन,0,0,0,0,0,0,0,0,1
HI-MSBSHSE-5110.txt,MS-1113,गाड़कर,0,1,0,0,1,1,3,0,0
HI-MSBSHSE-5110.txt,MS-1114,छिपा,0,0,0,0,0,0,0,0,1
HI-MSBSHSE-5110.txt,MS-1115,रखा,0,0,0,0,0,0,0,0,1
HI-MSBSHSE-5110.txt,MS-1116,है,1,1,1,1,1,1,6,1,0
HI-MSBSHSE-5110.txt,MS-1117,और,0,0,0,0,0,0,0,0,1
HI-MSBSHSE-5110.txt,MS-1118,यदि,0,0,0,0,0,0,0,0,1
HI-MSBSHSE-5110.txt,MS-1119,कोई,0,0,0,0,0,0,0,0,1
HI-MSBSHSE-5110.txt,MS-1120,जरूरत,0,0,0,0,0,0,0,0,1
HI-MSBSHSE-5110.txt,MS-1121,पड़े,1,0,1,1,1,1,5,1,0
HI-MSBSHSE-5110.txt,MS-1122,तो,0,1,0,0,0,0,1,0,0
HI-MSBSHSE-5110.txt,MS-1123,उसे,0,0,0,0,0,0,0,0,1
HI-MSBSHSE-5110.txt,MS-1124,निकालकर,0,0,0,0,0,0,0,0,1
HI-MSBSHSE-5110.txt,MS-1125,उपयोग,0,0,0,0,0,0,0,0,1
HI-MSBSHSE-5110.txt,MS-1126,कर,0,0,0,0,0,0,0,0,1
HI-MSBSHSE-5110.txt,MS-1127,लेना,1,1,1,1,1,1,6,1,0
HI-MSBSHSE-5110.txt,MS-1128,गड़े,0,0,0,0,0,0,0,0,1
HI-MSBSHSE-5110.txt,MS-1129,हुए,0,0,0,0,0,0,0,0,1
HI-MSBSHSE-5110.txt,MS-1130,धन,0,0,0,0,0,0,0,0,1
HI-MSBSHSE-5110.txt,MS-1131,की,0,0,0,0,0,0,0,0,1
HI-MSBSHSE-5110.txt,MS-1132,बात,0,0,0,0,0,0,0,0,1
HI-MSBSHSE-5110.txt,MS-1133,सुनकर,1,1,0,1,1,1,5,1,0
HI-MSBSHSE-5110.txt,MS-1134,बेटे,0,0,0,0,0,0,0,0,1
HI-MSBSHSE-5110.txt,MS-1135,खुश,0,0,0,0,0,0,0,0,1
HI-MSBSHSE-5110.txt,MS-1136,हो,0,0,0,0,0,0,0,0,1
HI-MSBSHSE-5110.txt,MS-1137,गए,1,1,1,1,1,1,6,1,0
HI-MSBSHSE-5110.txt,MS-1138,और,0,0,0,0,0,0,0,0,1
HI-MSBSHSE-5110.txt,MS-1139,उन्होंने,0,0,0,0,0,0,0,0,1
HI-MSBSHSE-5110.txt,MS-1140,अपने,0,0,0,0,0,0,0,0,1
HI-MSBSHSE-5110.txt,MS-1141,पिता,0,0,0,0,0,0,0,0,1
HI-MSBSHSE-5110.txt,MS-1142,को,1,1,0,1,1,1,5,1,0
HI-MSBSHSE-5110.txt,MS-1143,खुशी-खुशी,0,0,1,0,1,1,3,0,0
HI-MSBSHSE-5110.txt,MS-1144,तीर्थयात्रा,0,0,0,0,0,0,0,0,1
HI-MSBSHSE-5110.txt,MS-1145,पर,0,0,0,0,0,0,0,0,1
HI-MSBSHSE-5110.txt,MS-1146,जाने,0,0,0,0,0,0,0,0,1
HI-MSBSHSE-5110.txt,MS-1147,की,1,0,0,0,0,0,1,0,0
HI-MSBSHSE-5110.txt,MS-1148,अनुमति,0,0,0,0,1,1,2,0,0
HI-MSBSHSE-5110.txt,MS-1149,दे,0,0,0,0,0,0,0,0,1
HI-MSBSHSE-5110.txt,MS-1150,दी,1,1,1,1,1,1,6,1,0
HI-MSBSHSE-5110.txt,MS-1151,वे,0,0,0,0,0,0,0,0,1
HI-MSBSHSE-5110.txt,MS-1152,मन-ही-मन,0,0,0,1,0,0,1,0,0
HI-MSBSHSE-5110.txt,MS-1153,खुश,0,0,0,0,0,0,0,0,1
HI-MSBSHSE-5110.txt,MS-1154,हो,0,0,0,0,0,0,0,0,1
HI-MSBSHSE-5110.txt,MS-1155,गए,1,1,0,0,1,1,4,1,0
HI-MSBSHSE-5110.txt,MS-1156,कि,0,0,1,1,0,0,2,0,0
HI-MSBSHSE-5110.txt,MS-1157,कुछ,0,0,0,0,0,0,0,0,1
HI-MSBSHSE-5110.txt,MS-1158,दिनों,0,0,0,0,0,0,0,0,1
HI-MSBSHSE-5110.txt,MS-1159,तक,1,0,0,1,1,1,4,1,0
HI-MSBSHSE-5110.txt,MS-1160,पिता,0,0,0,0,0,0,0,0,1
HI-MSBSHSE-5110.txt,MS-1161,का,0,0,0,0,0,0,0,0,1
HI-MSBSHSE-5110.txt,MS-1162,बंधन,0,0,0,0,0,0,0,0,1
HI-MSBSHSE-5110.txt,MS-1163,भी,0,0,0,0,0,0,0,0,1
HI-MSBSHSE-5110.txt,MS-1164,नहीं,0,0,0,0,0,0,0,0,1
HI-MSBSHSE-5110.txt,MS-1165,होगा,1,1,1,1,1,1,6,1,0
HI-MSBSHSE-5212.txt,MS-1001,फुलेरा,0,0,0,0,0,0,0,0,1
HI-MSBSHSE-5212.txt,MS-1002,नामक,1,1,1,0,1,1,5,1,0
HI-MSBSHSE-5212.txt,MS-1003,एक,0,0,0,0,0,0,0,0,1
HI-MSBSHSE-5212.txt,MS-1004,आदर्श,0,0,0,0,0,0,0,0,1
HI-MSBSHSE-5212.txt,MS-1005,गाँव,0,0,0,0,0,0,0,0,1
HI-MSBSHSE-5212.txt,MS-1006,था,1,1,1,1,1,1,6,1,0
HI-MSBSHSE-5212.txt,MS-1007,एक,0,0,0,0,0,0,0,0,1
HI-MSBSHSE-5212.txt,MS-1008,दिन,1,1,0,1,0,1,4,1,0
HI-MSBSHSE-5212.txt,MS-1009,पनघट,0,0,0,0,0,0,0,0,1
HI-MSBSHSE-5212.txt,MS-1010,पर,0,0,1,0,1,0,2,0,0
HI-MSBSHSE-5212.txt,MS-1011,तीन,0,0,0,0,0,0,0,0,1
HI-MSBSHSE-5212.txt,MS-1012,स्त्रियाँ,1,1,0,0,1,1,4,1,0
HI-MSBSHSE-5212.txt,MS-1013,पानी,0,0,0,0,0,0,0,0,1
HI-MSBSHSE-5212.txt,MS-1014,भर,0,0,0,0,0,0,0,0,1
HI-MSBSHSE-5212.txt,MS-1015,रही,0,0,0,0,0,0,0,0,1
HI-MSBSHSE-5212.txt,MS-1016,थीं,1,1,1,1,1,1,6,1,0
HI-MSBSHSE-5212.txt,MS-1017,वे,1,1,0,0,0,0,2,0,0
HI-MSBSHSE-5212.txt,MS-1018,अपने-अपने,0,0,1,0,0,1,2,0,0
HI-MSBSHSE-5212.txt,MS-1019,लाड़ले,0,0,0,0,1,0,1,0,0
HI-MSBSHSE-5212.txt,MS-1020,के,0,0,0,0,0,0,0,0,1
HI-MSBSHSE-5212.txt,MS-1021,गुणों,0,0,0,0,0,0,0,0,1
HI-MSBSHSE-5212.txt,MS-1022,का,1,1,1,0,0,0,3,0,0
HI-MSBSHSE-5212.txt,MS-1023,बखान,0,0,0,0,0,0,0,0,1
HI-MSBSHSE-5212.txt,MS-1024,कर,0,0,0,0,0,0,0,0,1
HI-MSBSHSE-5212.txt,MS-1025,रही,0,0,0,0,0,0,0,0,1
HI-MSBSHSE-5212.txt,MS-1026,थीं,1,1,1,1,1,1,6,1,0
HI-MSBSHSE-5212.txt,MS-1027,एक,0,0,0,0,0,0,0,0,1
HI-MSBSHSE-5212.txt,MS-1028,ने,0,0,0,0,0,0,0,0,1
HI-MSBSHSE-5212.txt,MS-1029,कहा,1,0,0,0,1,1,3,0,0
HI-MSBSHSE-5212.txt,MS-1030,कि,0,1,1,1,0,0,3,0,0
HI-MSBSHSE-5212.txt,MS-1031,उसका,0,0,0,0,0,0,0,0,1
HI-MSBSHSE-5212.txt,MS-1032,सपूत,0,0,0,0,1,0,1,0,0
HI-MSBSHSE-5212.txt,MS-1033,बड़ा,0,0,0,0,0,0,0,0,1
HI-MSBSHSE-5212.txt,MS-1034,विद्वान,0,0,0,0,0,0,0,0,1
HI-MSBSHSE-5212.txt,MS-1035,है,1,1,1,1,1,1,6,1,0
HI-MSBSHSE-5212.txt,MS-1036,उसने,0,0,0,0,0,0,0,0,1
HI-MSBSHSE-5212.txt,MS-1037,बताया,1,0,0,0,1,1,3,0,0
HI-MSBSHSE-5212.txt,MS-1038,कि,0,1,1,1,0,0,3,0,0
HI-MSBSHSE-5212.txt,MS-1039,जब,0,0,0,0,0,0,0,0,1
HI-MSBSHSE-5212.txt,MS-1040,से,0,0,0,0,0,0,0,0,1
HI-MSBSHSE-5212.txt,MS-1041,उसका,0,0,0,0,0,0,0,0,1
HI-MSBSHSE-5212.txt,MS-1042,बेटा,1,1,0,0,1,1,4,1,0
HI-MSBSHSE-5212.txt,MS-1043,शहर,0,0,0,0,0,0,0,0,1
HI-MSBSHSE-5212.txt,MS-1044,से,0,0,0,0,0,0,0,0,1
HI-MSBSHSE-5212.txt,MS-1045,पढ़कर,0,0,0,0,0,0,0,0,1
HI-MSBSHSE-5212.txt,MS-1046,आया,0,0,0,0,0,0,0,0,1
HI-MSBSHSE-5212.txt,MS-1047,है,1,1,1,1,1,1,6,1,0
HI-MSBSHSE-5212.txt,MS-1048,चारों,0,0,0,0,0,0,0,0,1
HI-MSBSHSE-5212.txt,MS-1049,ओर,0,1,0,0,1,0,2,0,0
HI-MSBSHSE-5212.txt,MS-1050,उसकी,0,0,0,0,0,0,0,0,1
HI-MSBSHSE-5212.txt,MS-1051,धूम,0,0,0,0,0,0,0,0,1
HI-MSBSHSE-5212.txt,MS-1052,मची,0,0,0,0,0,0,0,0,1
HI-MSBSHSE-5212.txt,MS-1053,हुई,0,0,0,0,0,0,0,0,1
HI-MSBSHSE-5212.txt,MS-1054,है,1,1,1,1,1,1,6,1,0
HI-MSBSHSE-5212.txt,MS-1055,वह,0,0,0,0,0,0,0,0,1
HI-MSBSHSE-5212.txt,MS-1056,बड़े-बड़े,0,0,0,0,0,0,0,0,1
HI-MSBSHSE-5212.txt,MS-1057,ग्रंथ,0,1,0,0,0,0,1,0,0
HI-MSBSHSE-5212.txt,MS-1058,पढ़,0,0,0,0,0,0,0,0,1
HI-MSBSHSE-5212.txt,MS-1059,लेता,0,0,0,0,0,0,0,0,1
HI-MSBSHSE-5212.txt,MS-1060,है,1,1,1,1,1,1,6,1,0
HI-MSBSHSE-5212.txt,MS-1061,और,0,0,0,0,0,0,0,0,1
HI-MSBSHSE-5212.txt,MS-1062,आकाश,0,0,0,0,0,0,0,0,1
HI-MSBSHSE-5212.txt,MS-1063,के,0,0,0,0,0,0,0,0,1
HI-MSBSHSE-5212.txt,MS-1064,तारों,0,0,0,0,0,0,0,0,1
HI-MSBSHSE-5212.txt,MS-1065,को,0,0,0,0,0,0,0,0,1
HI-MSBSHSE-5212.txt,MS-1066,देखकर,1,1,1,0,1,1,5,1,0
HI-MSBSHSE-5212.txt,MS-1067,उनके,0,0,0,0,0,0,0,0,1
HI-MSBSHSE-5212.txt,MS-1068,नाम,0,0,0,0,0,0,0,0,1
HI-MSBSHSE-5212.txt,MS-1069,बता,0,0,0,0,0,0,0,0,1
HI-MSBSHSE-5212.txt,MS-1070,देता,0,0,0,0,0,0,0,0,1
HI-MSBSHSE-5212.txt,MS-1071,है,1,1,1,1,1,1,6,1,0
HI-MSBSHSE-5212.txt,MS-1072,उसे,0,0,0,0,0,0,0,0,1
HI-MSBSHSE-5212.txt,MS-1073,देश-विदेश,0,1,0,0,0,0,1,0,0
HI-MSBSHSE-5212.txt,MS-1074,की,0,0,0,0,1,0,1,0,0
HI-MSBSHSE-5212.txt,MS-1075,सभी,0,0,0,0,0,0,0,0,1
HI-MSBSHSE-5212.txt,MS-1076,बातों,0,0,0,0,0,0,0,0,1
HI-MSBSHSE-5212.txt,MS-1077,का,0,0,0,0,0,0,0,0,1
HI-MSBSHSE-5212.txt,MS-1078,पता,0,0,0,0,0,0,0,0,1
HI-MSBSHSE-5212.txt,MS-1079,है,1,1,1,1,1,1,6,1,0
HI-MSBSHSE-5212.txt,MS-1080,दूसरी,0,0,0,0,0,0,0,0,1
HI-MSBSHSE-5212.txt,MS-1081,ने,0,1,0,0,1,1,3,0,0
HI-MSBSHSE-5212.txt,MS-1082,जोश,0,0,0,0,0,0,0,0,1
HI-MSBSHSE-5212.txt,MS-1083,में,0,0,0,0,0,0,0,0,1
HI-MSBSHSE-5212.txt,MS-1084,आगे,0,0,0,0,0,0,0,0,1
HI-MSBSHSE-5212.txt,MS-1085,बढ़कर,0,0,0,0,0,0,0,0,1
HI-MSBSHSE-5212.txt,MS-1086,कहा,1,0,0,0,0,1,2,0,0
HI-MSBSHSE-5212.txt,MS-1087,कि,0,0,1,1,1,0,3,0,0
HI-MSBSHSE-5212.txt,MS-1088,उसका,0,0,0,0,0,0,0,0,1
HI-MSBSHSE-5212.txt,MS-1089,बेटा,0,1,0,0,0,0,1,0,0
HI-MSBSHSE-5212.txt,MS-1090,बली,0,0,0,0,0,0,0,0,1
HI-MSBSHSE-5212.txt,MS-1091,है,1,1,1,1,1,1,6,1,0
HI-MSBSHSE-5212.txt,MS-1092,और,0,0,0,0,0,0,0,0,1
HI-MSBSHSE-5212.txt,MS-1093,दस-पाँच,0,0,0,0,0,0,0,0,1
HI-MSBSHSE-5212.txt,MS-1094,गाँवों,0,0,0,0,0,0,0,0,1
HI-MSBSHSE-5212.txt,MS-1095,में,0,1,1,0,1,1,4,1,0
HI-MSBSHSE-5212.txt,MS-1096,उसके,0,0,0,0,0,0,0,0,1
HI-MSBSHSE-5212.txt,MS-1097,जैसा,0,0,0,0,0,0,0,0,1
HI-MSBSHSE-5212.txt,MS-1098,कोई,0,0,0,0,0,0,0,0,1
HI-MSBSHSE-5212.txt,MS-1099,नहीं,0,0,0,0,0,0,0,0,1
HI-MSBSHSE-5212.txt,MS-1100,है,1,1,1,1,1,1,6,1,0
HI-MSBSHSE-5212.txt,MS-1101,उसने,0,0,0,0,0,0,0,0,1
HI-MSBSHSE-5212.txt,MS-1102,कहा,1,0,0,0,1,1,3,0,0
HI-MSBSHSE-5212.txt,MS-1103,कि,0,1,1,1,0,0,3,0,0
HI-MSBSHSE-5212.txt,MS-1104,उसका,0,0,0,0,0,0,0,0,1
HI-MSBSHSE-5212.txt,MS-1105,बेटा,1,1,0,0,1,0,3,0,0
HI-MSBSHSE-5212.txt,MS-1106,रोज,0,0,0,0,0,0,0,0,1
HI-MSBSHSE-5212.txt,MS-1107,सुबह,1,0,1,1,1,1,5,1,0
HI-MSBSHSE-5212.txt,MS-1108,पाँच,0,0,0,0,0,0,0,0,1
HI-MSBSHSE-5212.txt,MS-1109,सौ,0,1,0,0,0,0,1,0,0
HI-MSBSHSE-5212.txt,MS-1110,दंड-बैठक,0,0,0,0,0,0,0,0,1
HI-MSBSHSE-5212.txt,MS-1111,लगाता,0,0,0,0,0,0,0,0,1
HI-MSBSHSE-5212.txt,MS-1112,है,1,1,1,1,1,1,6,1,0
HI-MSBSHSE-5212.txt,MS-1113,जब,0,0,0,0,0,0,0,0,1
HI-MSBSHSE-5212.txt,MS-1114,वह,0,0,0,0,1,1,2,0,0
HI-MSBSHSE-5212.txt,MS-1115,अखाड़े,0,0,0,0,0,0,0,0,1
HI-MSBSHSE-5212.txt,MS-1116,में,1,1,1,0,0,0,3,0,0
HI-MSBSHSE-5212.txt,MS-1117,ताल,0,0,0,0,0,0,0,0,1
HI-MSBSHSE-5212.txt,MS-1118,ठोंककर,0,0,0,0,0,0,0,0,1
HI-MSBSHSE-5212.txt,MS-1119,उतरता,0,0,0,0,0,0,0,0,1
HI-MSBSHSE-5212.txt,MS-1120,है,1,1,1,1,1,1,6,1,0
HI-MSBSHSE-5212.txt,MS-1121,तो,0,0,0,0,0,0,0,0,1
HI-MSBSHSE-5212.txt,MS-1122,बड़े-बड़े,0,0,0,0,0,0,0,0,1
HI-MSBSHSE-5212.txt,MS-1123,पहलवान,0,0,0,0,0,0,0,0,1
HI-MSBSHSE-5212.txt,MS-1124,भी,1,1,0,1,1,1,5,1,0
HI-MSBSHSE-5212.txt,MS-1125,उसका,0,0,0,0,0,0,0,0,1
HI-MSBSHSE-5212.txt,MS-1126,मुकाबला,0,0,0,0,0,0,0,0,1
HI-MSBSHSE-5212.txt,MS-1127,करने,0,0,0,0,0,0,0,0,1
HI-MSBSHSE-5212.txt,MS-1128,से,0,0,0,0,0,0,0,0,1
HI-MSBSHSE-5212.txt,MS-1129,घबराते,0,0,0,0,0,0,0,0,1
HI-MSBSHSE-5212.txt,MS-1130,हैं,1,1,1,1,1,1,6,1,0
HI-MSBSHSE-5212.txt,MS-1131,अब,0,0,0,0,1,0,1,0,0
HI-MSBSHSE-5212.txt,MS-1132,तीसरी,0,0,0,0,0,0,0,0,1
HI-MSBSHSE-5212.txt,MS-1133,स्त्री,0,0,0,0,0,0,0,0,1
HI-MSBSHSE-5212.txt,MS-1134,की,0,0,0,0,0,0,0,0,1
HI-MSBSHSE-5212.txt,MS-1135,बारी,0,0,0,0,0,0,0,0,1
HI-MSBSHSE-5212.txt,MS-1136,थी,1,1,1,1,1,1,6,1,0
HI-MSBSHSE-5212.txt,MS-1137,पर,0,0,0,0,0,0,0,0,1
HI-MSBSHSE-5212.txt,MS-1138,वह,0,0,0,0,0,0,0,0,1
HI-MSBSHSE-5212.txt,MS-1139,चुप,0,0,0,0,0,0,0,0,1
HI-MSBSHSE-5212.txt,MS-1140,रही,1,1,1,1,1,1,6,1,0
HI-MSBSHSE-5212.txt,MS-1141,बिना,0,0,0,0,0,0,0,0,1
HI-MSBSHSE-5212.txt,MS-1142,किसी,0,0,0,0,0,0,0,0,1
HI-MSBSHSE-5212.txt,MS-1143,जोश,0,1,0,0,1,0,2,0,0
HI-MSBSHSE-5212.txt,MS-1144,या,0,0,0,0,0,0,0,0,1
HI-MSBSHSE-5212.txt,MS-1145,गर्व,0,0,0,0,0,0,0,0,1
HI-MSBSHSE-5212.txt,MS-1146,के,0,0,0,0,0,0,0,0,1
HI-MSBSHSE-5212.txt,MS-1147,बोली,1,1,0,0,1,1,4,1,0
HI-MSBSHSE-5212.txt,MS-1148,कि,0,0,1,1,0,0,2,0,0
HI-MSBSHSE-5212.txt,MS-1149,वह,0,0,0,0,0,0,0,0,1
HI-MSBSHSE-5212.txt,MS-1150,सपूत,0,1,0,0,1,1,3,0,0
HI-MSBSHSE-5212.txt,MS-1151,या,0,0,0,0,0,0,0,0,1
HI-MSBSHSE-5212.txt,MS-1152,कपूत,0,0,0,0,0,0,0,0,1
HI-MSBSHSE-5212.txt,MS-1153,जैसे,0,0,0,0,0,0,0,0,1
HI-MSBSHSE-5212.txt,MS-1154,शब्द,0,0,0,0,0,0,0,0,1
HI-MSBSHSE-5212.txt,MS-1155,नहीं,0,0,0,0,0,0,0,0,1
HI-MSBSHSE-5212.txt,MS-1156,समझती,1,1,1,1,1,1,6,1,0
HI-MSBSHSE-5212.txt,MS-1157,पर,0,0,0,0,0,0,0,0,1
HI-MSBSHSE-5212.txt,MS-1158,उसका,0,0,0,0,0,0,0,0,1
HI-MSBSHSE-5212.txt,MS-1159,बेटा,0,1,0,0,1,0,2,0,0
HI-MSBSHSE-5212.txt,MS-1160,उसके,0,0,0,0,0,0,0,0,1
HI-MSBSHSE-5212.txt,MS-1161,लिए,0,0,0,0,0,1,1,0,0
HI-MSBSHSE-5212.txt,MS-1162,बहुत,0,0,0,0,0,0,0,0,1
HI-MSBSHSE-5212.txt,MS-1163,अच्छा,0,0,0,0,0,0,0,0,1
HI-MSBSHSE-5212.txt,MS-1164,है,1,1,1,1,1,1,6,1,0
HI-MSBSHSE-6106.txt,MS-1001,फरवरी,0,1,0,0,0,0,1,0,0
HI-MSBSHSE-6106.txt,MS-1002,सन,0,0,0,0,0,0,0,0,1
HI-MSBSHSE-6106.txt,MS-1003,उन्नीस,0,0,0,0,0,0,0,0,1
HI-MSBSHSE-6106.txt,MS-1004,सौ,0,0,0,0,0,0,0,0,1
HI-MSBSHSE-6106.txt,MS-1005,छत्तीस,0,0,0,0,0,0,0,0,1
HI-MSBSHSE-6106.txt,MS-1006,में,1,1,1,1,1,1,6,1,0
HI-MSBSHSE-6106.txt,MS-1007,मुझे,0,0,0,0,0,0,0,0,1
HI-MSBSHSE-6106.txt,MS-1008,शांति,0,0,0,0,0,0,0,0,1
HI-MSBSHSE-6106.txt,MS-1009,निकेतन,0,0,0,0,0,0,0,0,1
HI-MSBSHSE-6106.txt,MS-1010,जाना,0,0,0,0,0,0,0,0,1
HI-MSBSHSE-6106.txt,MS-1011,था,1,1,1,1,1,1,6,1,0
HI-MSBSHSE-6106.txt,MS-1012,वहाँ,1,0,0,0,0,0,1,0,0
HI-MSBSHSE-6106.txt,MS-1013,एक,0,1,1,0,0,0,2,0,0
HI-MSBSHSE-6106.txt,MS-1014,साहित्यिक,0,0,0,0,0,0,0,0,1
HI-MSBSHSE-6106.txt,MS-1015,कार्यक्रम,0,0,1,0,0,1,2,0,0
HI-MSBSHSE-6106.txt,MS-1016,होने,0,0,0,0,0,0,0,0,1
HI-MSBSHSE-6106.txt,MS-1017,वाला,0,0,0,0,0,0,0,0,1
HI-MSBSHSE-6106.txt,MS-1018,था,1,1,1,1,1,1,6,1,0
HI-MSBSHSE-6106.txt,MS-1019,मैं,0,0,0,0,0,0,0,0,1
HI-MSBSHSE-6106.txt,MS-1020,बहुत,0,0,0,0,0,0,0,0,1
HI-MSBSHSE-6106.txt,MS-1021,ही,0,0,0,0,0,0,0,0,1
HI-MSBSHSE-6106.txt,MS-1022,उल्लसित,0,0,0,0,0,0,0,0,1
HI-MSBSHSE-6106.txt,MS-1023,था,1,1,0,1,1,1,5,1,0
HI-MSBSHSE-6106.txt,MS-1024,क्योंकि,0,0,1,1,0,0,2,0,0
HI-MSBSHSE-6106.txt,MS-1025,उस,0,0,0,0,0,0,0,0,1
HI-MSBSHSE-6106.txt,MS-1026,कार्यक्रम,0,0,0,0,0,0,0,0,1
HI-MSBSHSE-6106.txt,MS-1027,की,0,0,0,0,0,0,0,0,1
HI-MSBSHSE-6106.txt,MS-1028,अध्यक्षता,1,1,1,1,1,1,6,1,0
HI-MSBSHSE-6106.txt,MS-1029,स्वयं,0,0,0,0,0,0,0,0,1
HI-MSBSHSE-6106.txt,MS-1030,गुरुदेव,0,0,0,0,0,0,0,0,1
HI-MSBSHSE-6106.txt,MS-1031,रवींद्रनाथ,0,0,0,0,0,0,0,0,1
HI-MSBSHSE-6106.txt,MS-1032,जी,0,1,0,0,0,0,1,0,0
HI-MSBSHSE-6106.txt,MS-1033,करने,0,0,0,0,0,0,0,0,1
HI-MSBSHSE-6106.txt,MS-1034,वाले,0,0,0,0,0,0,0,0,1
HI-MSBSHSE-6106.txt,MS-1035,थे,1,1,1,1,1,1,6,1,0
HI-MSBSHSE-6106.txt,MS-1036,निश्चित,0,0,0,0,0,0,0,0,1
HI-MSBSHSE-6106.txt,MS-1037,दिन,1,1,0,1,1,1,5,1,0
HI-MSBSHSE-6106.txt,MS-1038,कलकत्ता,0,0,0,0,0,0,0,0,1
HI-MSBSHSE-6106.txt,MS-1039,से,1,0,1,0,1,0,3,0,0
HI-MSBSHSE-6106.txt,MS-1040,हम,0,0,0,0,0,0,0,0,1
HI-MSBSHSE-6106.txt,MS-1041,बहुत,0,0,0,0,0,0,0,0,1
HI-MSBSHSE-6106.txt,MS-1042,सारे,0,0,0,0,0,0,0,0,1
HI-MSBSHSE-6106.txt,MS-1043,लोग,1,1,0,1,1,1,5,1,0
HI-MSBSHSE-6106.txt,MS-1044,शांति,0,0,0,0,0,0,0,0,1
HI-MSBSHSE-6106.txt,MS-1045,निकेतन,0,0,0,0,0,0,0,0,1
HI-MSBSHSE-6106.txt,MS-1046,के,0,0,0,0,0,0,0,0,1
HI-MSBSHSE-6106.txt,MS-1047,लिए,0,1,0,0,0,0,1,0,0
HI-MSBSHSE-6106.txt,MS-1048,रवाना,0,0,0,0,0,0,0,0,1
HI-MSBSHSE-6106.txt,MS-1049,हुए,1,1,1,1,1,1,6,1,0
HI-MSBSHSE-6106.txt,MS-1050,लगभग,0,0,0,0,0,0,0,0,1
HI-MSBSHSE-6106.txt,MS-1051,एक,0,0,0,0,0,0,0,0,1
HI-MSBSHSE-6106.txt,MS-1052,दर्जन,0,0,0,0,0,0,0,0,1
HI-MSBSHSE-6106.txt,MS-1053,हिंदी,0,0,0,0,0,0,0,0,1
HI-MSBSHSE-6106.txt,MS-1054,वालों,0,0,0,0,0,0,0,0,1
HI-MSBSHSE-6106.txt,MS-1055,का,0,1,0,0,0,0,1,0,0
HI-MSBSHSE-6106.txt,MS-1056,यह,0,0,0,0,0,0,0,0,1
HI-MSBSHSE-6106.txt,MS-1057,दल,1,1,1,1,1,1,6,1,0
HI-MSBSHSE-6106.txt,MS-1058,शांति,0,0,0,0,0,0,0,0,1
HI-MSBSHSE-6106.txt,MS-1059,निकेतन,0,0,0,0,0,0,0,0,1
HI-MSBSHSE-6106.txt,MS-1060,के,0,0,0,0,0,1,1,0,0
HI-MSBSHSE-6106.txt,MS-1061,सुंदर,0,0,0,0,0,0,0,0,1
HI-MSBSHSE-6106.txt,MS-1062,अतिथि-भवन,0,0,0,0,0,0,0,0,1
HI-MSBSHSE-6106.txt,MS-1063,में,0,1,0,0,0,0,1,0,0
HI-MSBSHSE-6106.txt,MS-1064,ठहराया,0,0,0,0,0,0,0,0,1
HI-MSBSHSE-6106.txt,MS-1065,गया,1,1,1,1,1,1,6,1,0
HI-MSBSHSE-6106.txt,MS-1066,यह,0,0,0,0,0,0,0,0,1
HI-MSBSHSE-6106.txt,MS-1067,अतिथि,0,0,0,0,0,0,0,0,1
HI-MSBSHSE-6106.txt,MS-1068,भवन,1,1,0,1,1,1,5,1,0
HI-MSBSHSE-6106.txt,MS-1069,अशोक,0,0,0,0,0,0,0,0,1
HI-MSBSHSE-6106.txt,MS-1070,वृक्षों,0,0,0,0,0,0,0,0,1
HI-MSBSHSE-6106.txt,MS-1071,के,0,1,0,0,0,0,1,0,0
HI-MSBSHSE-6106.txt,MS-1072,सघन,0,0,1,0,0,0,1,0,0
HI-MSBSHSE-6106.txt,MS-1073,उपवन,0,0,0,0,0,0,0,0,1
HI-MSBSHSE-6106.txt,MS-1074,के,1,0,0,0,0,1,2,0,0
HI-MSBSHSE-6106.txt,MS-1075,बीचोबीच,0,0,0,0,0,0,0,0,1
HI-MSBSHSE-6106.txt,MS-1076,बनाया,0,0,0,0,0,0,0,0,1
HI-MSBSHSE-6106.txt,MS-1077,गया,0,0,0,0,0,0,0,0,1
HI-MSBSHSE-6106.txt,MS-1078,था,1,1,1,1,1,1,6,1,0
HI-MSBSHSE-6106.txt,MS-1079,बहुत,0,0,0,0,0,0,0,0,1
HI-MSBSHSE-6106.txt,MS-1080,ही,0,0,0,0,0,0,0,0,1
HI-MSBSHSE-6106.txt,MS-1081,सुंदर,1,1,1,1,1,1,6,1,0
HI-MSBSHSE-6106.txt,MS-1082,बड़ी,1,1,1,0,1,1,5,1,0
HI-MSBSHSE-6106.txt,MS-1083,और,0,0,0,0,0,0,0,0,1
HI-MSBSHSE-6106.txt,MS-1084,अच्छी,0,0,0,0,0,0,0,0,1
HI-MSBSHSE-6106.txt,MS-1085,इमारत,0,0,0,0,0,0,0,0,1
HI-MSBSHSE-6106.txt,MS-1086,थी,0,0,0,0,0,0,0,0,1
HI-MSBSHSE-6106.txt,MS-1087,वह,1,1,1,1,1,1,6,1,0
HI-MSBSHSE-6106.txt,MS-1088,जैसा,0,0,0,0,0,0,0,0,1
HI-MSBSHSE-6106.txt,MS-1089,सोचा,0,0,0,0,0,0,0,0,1
HI-MSBSHSE-6106.txt,MS-1090,था,1,0,0,1,1,1,4,1,0
HI-MSBSHSE-6106.txt,MS-1091,वैसा,0,0,0,0,0,0,0,0,1
HI-MSBSHSE-6106.txt,MS-1092,ही,0,0,0,0,0,0,0,0,1
HI-MSBSHSE-6106.txt,MS-1093,पाया,1,1,1,1,1,1,6,1,0
HI-MSBSHSE-6106.txt,MS-1094,ऊपर,0,0,0,0,0,0,0,0,1
HI-MSBSHSE-6106.txt,MS-1095,की,0,0,0,0,0,0,0,0,1
HI-MSBSHSE-6106.txt,MS-1096,मंजिल,0,0,0,0,0,0,0,0,1
HI-MSBSHSE-6106.txt,MS-1097,के,0,1,0,0,0,0,1,0,0
HI-MSBSHSE-6106.txt,MS-1098,एक,0,0,0,0,0,0,0,0,1
HI-MSBSHSE-6106.txt,MS-1099,कमरे,0,0,0,0,0,0,0,0,1
HI-MSBSHSE-6106.txt,MS-1100,में,1,0,0,1,0,1,3,0,0
HI-MSBSHSE-6106.txt,MS-1101,हमें,0,0,0,0,0,0,0,0,1
HI-MSBSHSE-6106.txt,MS-1102,ठहराया,0,0,0,0,0,0,0,0,1
HI-MSBSHSE-6106.txt,MS-1103,गया,1,1,1,1,1,1,6,1,0
HI-MSBSHSE-6106.txt,MS-1104,कमरे,0,0,0,0,0,0,0,0,1
HI-MSBSHSE-6106.txt,MS-1105,के,0,0,0,0,0,0,0,0,1
HI-MSBSHSE-6106.txt,MS-1106,बाहर,1,1,0,1,1,1,5,1,0
HI-MSBSHSE-6106.txt,MS-1107,एक,0,0,0,0,0,0,0,0,1
HI-MSBSHSE-6106.txt,MS-1108,विस्तृत,0,0,0,0,0,0,0,0,1
HI-MSBSHSE-6106.txt,MS-1109,बरामदा,0,0,0,0,0,0,0,0,1
HI-MSBSHSE-6106.txt,MS-1110,था,1,1,1,1,1,1,6,1,0
HI-MSBSHSE-6106.txt,MS-1111,बरामदे,0,0,0,0,0,0,0,0,1
HI-MSBSHSE-6106.txt,MS-1112,में,0,0,0,0,0,0,0,0,1
HI-MSBSHSE-6106.txt,MS-1113,खड़ा,0,0,0,0,0,0,0,0,1
HI-MSBSHSE-6106.txt,MS-1114,होकर,1,1,0,1,1,1,5,1,0
HI-MSBSHSE-6106.txt,MS-1115,अगर,0,0,0,0,0,0,0,0,1
HI-MSBSHSE-6106.txt,MS-1116,बाहर,0,0,0,0,0,0,0,0,1
HI-MSBSHSE-6106.txt,MS-1117,देखा,0,0,0,0,0,0,0,0,1
HI-MSBSHSE-6106.txt,MS-1118,जाए,1,0,1,1,1,1,5,1,0
HI-MSBSHSE-6106.txt,MS-1119,तो,0,1,0,0,0,0,1,0,0
HI-MSBSHSE-6106.txt,MS-1120,सामने,0,0,0,0,0,0,0,0,1
HI-MSBSHSE-6106.txt,MS-1121,ही,1,0,0,0,0,0,1,0,0
HI-MSBSHSE-6106.txt,MS-1122,सघन,0,1,0,0,0,0,1,0,0
HI-MSBSHSE-6106.txt,MS-1123,बकुल,0,0,0,0,0,0,0,0,1
HI-MSBSHSE-6106.txt,MS-1124,वृक्ष,0,0,0,0,0,0,0,0,1
HI-MSBSHSE-6106.txt,MS-1125,दिखाई,0,0,0,0,0,0,0,0,1
HI-MSBSHSE-6106.txt,MS-1126,देते,0,0,0,0,0,0,0,0,1
HI-MSBSHSE-6106.txt,MS-1127,थे,1,1,1,1,1,1,6,1,0
HI-MSBSHSE-6106.txt,MS-1128,दूसरे,0,0,0,0,0,0,0,0,1
HI-MSBSHSE-6106.txt,MS-1129,दिन,1,1,0,0,1,1,4,1,0
HI-MSBSHSE-6106.txt,MS-1130,प्रातःकाल,0,0,0,0,0,0,0,0,1
HI-MSBSHSE-6106.txt,MS-1131,ही,1,0,0,1,0,0,2,0,0
HI-MSBSHSE-6106.txt,MS-1132,हमें,0,0,0,0,0,0,0,0,1
HI-MSBSHSE-6106.txt,MS-1133,बताया,0,0,0,0,0,0,0,0,1
HI-MSBSHSE-6106.txt,MS-1134,गया,1,1,0,0,1,1,4,1,0
HI-MSBSHSE-6106.txt,MS-1135,कि,0,0,1,1,0,0,2,0,0
HI-MSBSHSE-6106.txt,MS-1136,गुरुदेव,0,0,0,0,0,0,0,0,1
HI-MSBSHSE-6106.txt,MS-1137,का,0,0,0,0,0,0,0,0,1
HI-MSBSHSE-6106.txt,MS-1138,स्वास्थ्य,0,0,0,0,0,0,0,0,1
HI-MSBSHSE-6106.txt,MS-1139,ठीक,0,0,0,0,0,0,0,0,1
HI-MSBSHSE-6106.txt,MS-1140,नहीं,0,0,0,0,0,0,0,0,1
HI-MSBSHSE-6106.txt,MS-1141,है,1,1,1,1,1,1,6,1,0
HI-MSBSHSE-6106.txt,MS-1142,अतः,0,0,1,0,1,0,2,0,0
HI-MSBSHSE-6106.txt,MS-1143,कार्यक्रम,0,0,0,0,0,0,0,0,1
HI-MSBSHSE-6106.txt,MS-1144,की,0,0,0,0,0,0,0,0,1
HI-MSBSHSE-6106.txt,MS-1145,बैठक,0,0,0,0,0,0,0,0,1
HI-MSBSHSE-6106.txt,MS-1146,में,0,1,0,0,0,1,2,0,0
HI-MSBSHSE-6106.txt,MS-1147,वे,0,0,0,0,0,0,0,0,1
HI-MSBSHSE-6106.txt,MS-1148,नहीं,0,0,0,0,0,0,0,0,1
HI-MSBSHSE-6106.txt,MS-1149,आ,0,0,0,0,0,0,0,0,1
HI-MSBSHSE-6106.txt,MS-1150,पाएँगे,1,1,1,1,1,1,6,1,0
HI-MSBSHSE-6106.txt,MS-1151,मैं,0,0,0,0,0,0,0,0,1
HI-MSBSHSE-6106.txt,MS-1152,बहुत,0,0,0,0,0,0,0,0,1
HI-MSBSHSE-6106.txt,MS-1153,निराश,0,0,0,0,0,0,0,0,1
HI-MSBSHSE-6106.txt,MS-1154,हो,0,0,0,0,0,0,0,0,1
HI-MSBSHSE-6106.txt,MS-1155,गया,1,1,1,1,1,1,6,1,0
HI-MSBSHSE-6106.txt,MS-1156,तथापि,1,1,1,1,1,1,6,1,0
HI-MSBSHSE-6106.txt,MS-1157,पता,0,0,0,0,0,0,0,0,1
HI-MSBSHSE-6106.txt,MS-1158,चला,1,0,0,1,1,0,3,0,0
HI-MSBSHSE-6106.txt,MS-1159,कि,0,0,0,0,0,1,1,0,0
HI-MSBSHSE-6106.txt,MS-1160,डॉक्टर,0,0,0,0,0,0,0,0,1
HI-MSBSHSE-6106.txt,MS-1161,ने,1,1,0,0,0,0,2,0,0
HI-MSBSHSE-6106.txt,MS-1162,केवल,0,0,0,0,0,0,0,0,1
HI-MSBSHSE-6106.txt,MS-1163,पंद्रह,0,0,0,0,0,0,0,0,1
HI-MSBSHSE-6106.txt,MS-1164,मिनटों,0,0,0,0,0,0,0,0,1
HI-MSBSHSE-6106.txt,MS-1165,का,0,0,0,0,0,0,0,0,1
HI-MSBSHSE-6106.txt,MS-1166,समय,0,0,0,0,0,0,0,0,1
HI-MSBSHSE-6106.txt,MS-1167,दिया,0,0,0,0,0,0,0,0,1
HI-MSBSHSE-6106.txt,MS-1168,है,1,1,1,1,1,1,6,1,0
HI-MSBSHSE-6106.txt,MS-1169,गुरुदेव,0,0,0,0,0,0,0,0,1
HI-MSBSHSE-6106.txt,MS-1170,के,0,0,0,0,0,0,0,0,1
HI-MSBSHSE-6106.txt,MS-1171,दर्शन,0,0,0,0,0,0,0,0,1
HI-MSBSHSE-6106.txt,MS-1172,के,0,0,0,0,0,0,0,0,1
HI-MSBSHSE-6106.txt,MS-1173,लिए,1,1,1,1,1,1,6,1,0
HI-MSBSHSE-6106.txt,MS-1174,तो,0,0,0,0,0,0,0,0,1
HI-MSBSHSE-6106.txt,MS-1175,हम,0,0,0,0,0,0,0,0,1
HI-MSBSHSE-6106.txt,MS-1176,आनंदित,0,0,0,0,0,0,0,0,1
HI-MSBSHSE-6106.txt,MS-1177,हुए,1,1,1,1,1,1,6,1,0
HI-MSBSHSE-6108.txt,MS-1001,गर्मी,0,0,0,0,0,0,0,0,1
HI-MSBSHSE-6108.txt,MS-1002,पड़ने,0,0,0,0,0,0,0,0,1
HI-MSBSHSE-6108.txt,MS-1003,लगी,0,0,0,0,0,0,0,0,1
HI-MSBSHSE-6108.txt,MS-1004,थी,1,1,1,1,1,1,6,1,0
HI-MSBSHSE-6108.txt,MS-1005,धीरे-धीरे,1,0,1,1,1,1,5,1,0
HI-MSBSHSE-6108.txt,MS-1006,उसके,0,0,0,0,0,0,0,0,1
HI-MSBSHSE-6108.txt,MS-1007,तेवर,0,0,0,0,0,1,1,0,0
HI-MSBSHSE-6108.txt,MS-1008,तीखे,0,0,0,0,0,0,0,0,1
HI-MSBSHSE-6108.txt,MS-1009,हो,0,0,0,0,0,0,0,0,1
HI-MSBSHSE-6108.txt,MS-1010,चले,1,1,1,1,1,1,6,1,0
HI-MSBSHSE-6108.txt,MS-1011,सूरज,0,0,0,0,0,0,0,0,1
HI-MSBSHSE-6108.txt,MS-1012,आग,0,0,0,0,0,0,0,0,1
HI-MSBSHSE-6108.txt,MS-1013,बरसाने,0,0,0,0,0,0,0,0,1
HI-MSBSHSE-6108.txt,MS-1014,लगा,1,1,1,1,1,1,6,1,0
HI-MSBSHSE-6108.txt,MS-1015,मगर,0,0,0,0,1,0,1,0,0
HI-MSBSHSE-6108.txt,MS-1016,इन,0,0,0,0,0,0,0,0,1
HI-MSBSHSE-6108.txt,MS-1017,सबसे,0,0,0,0,0,0,0,0,1
HI-MSBSHSE-6108.txt,MS-1018,बेखबर,1,1,1,1,1,1,6,1,0
HI-MSBSHSE-6108.txt,MS-1019,बबलू,0,0,0,1,0,0,1,0,0
HI-MSBSHSE-6108.txt,MS-1020,अपने,0,0,0,0,0,0,0,0,1
HI-MSBSHSE-6108.txt,MS-1021,में,0,0,0,0,0,0,0,0,1
HI-MSBSHSE-6108.txt,MS-1022,ही,0,0,0,0,0,0,0,0,1
HI-MSBSHSE-6108.txt,MS-1023,मस्त,0,0,0,0,0,0,0,0,1
HI-MSBSHSE-6108.txt,MS-1024,था,1,1,1,1,1,1,6,1,0
HI-MSBSHSE-6108.txt,MS-1025,उसे,0,0,0,0,0,0,0,0,1
HI-MSBSHSE-6108.txt,MS-1026,बाथरूम,0,0,0,0,0,0,0,0,1
HI-MSBSHSE-6108.txt,MS-1027,में,0,0,0,0,0,0,0,0,1
HI-MSBSHSE-6108.txt,MS-1028,घुसे,1,1,0,1,1,1,5,1,0
HI-MSBSHSE-6108.txt,MS-1029,आधा,0,0,0,0,0,0,0,0,1
HI-MSBSHSE-6108.txt,MS-1030,घंटा,0,0,0,0,0,0,0,0,1
HI-MSBSHSE-6108.txt,MS-1031,हो,0,0,0,0,0,0,0,0,1
HI-MSBSHSE-6108.txt,MS-1032,चुका,0,0,0,0,0,0,0,0,1
HI-MSBSHSE-6108.txt,MS-1033,था,1,1,1,1,1,1,6,1,0
HI-MSBSHSE-6108.txt,MS-1034,शावर,0,0,0,0,0,0,0,0,1
HI-MSBSHSE-6108.txt,MS-1035,के,0,0,0,0,0,0,0,0,1
HI-MSBSHSE-6108.txt,MS-1036,नीचे,1,1,0,1,1,1,5,1,0
HI-MSBSHSE-6108.txt,MS-1037,उसकी,0,0,0,0,0,0,0,0,1
HI-MSBSHSE-6108.txt,MS-1038,धमा-चौकड़ी,0,0,0,0,0,0,0,0,1
HI-MSBSHSE-6108.txt,MS-1039,मची,0,0,0,0,0,0,0,0,1
HI-MSBSHSE-6108.txt,MS-1040,हुई,0,0,0,0,0,0,0,0,1
HI-MSBSHSE-6108.txt,MS-1041,थी,1,1,1,1,1,1,6,1,0
HI-MSBSHSE-6108.txt,MS-1042,बिजली,0,0,0,0,0,0,0,0,1
HI-MSBSHSE-6108.txt,MS-1043,के,0,0,0,0,0,0,0,0,1
HI-MSBSHSE-6108.txt,MS-1044,साथ,0,0,0,0,0,0,0,0,1
HI-MSBSHSE-6108.txt,MS-1045,भी,0,0,0,0,1,0,1,0,0
HI-MSBSHSE-6108.txt,MS-1046,यही,0,0,0,0,0,0,0,0,1
HI-MSBSHSE-6108.txt,MS-1047,होता,1,1,1,1,1,1,6,1,0
HI-MSBSHSE-6108.txt,MS-1048,वह,0,0,0,0,0,0,0,0,1
HI-MSBSHSE-6108.txt,MS-1049,कमरे,0,0,0,0,0,0,0,0,1
HI-MSBSHSE-6108.txt,MS-1050,में,0,0,0,0,0,0,0,0,1
HI-MSBSHSE-6108.txt,MS-1051,न,0,0,0,0,0,0,0,0,1
HI-MSBSHSE-6108.txt,MS-1052,हो,1,1,0,1,1,1,5,1,0
HI-MSBSHSE-6108.txt,MS-1053,तब,0,0,0,0,0,0,0,0,1
HI-MSBSHSE-6108.txt,MS-1054,भी,0,0,0,0,0,0,0,0,1
HI-MSBSHSE-6108.txt,MS-1055,पंखा,0,0,0,0,0,0,0,0,1
HI-MSBSHSE-6108.txt,MS-1056,खुला,0,0,0,0,0,0,0,0,1
HI-MSBSHSE-6108.txt,MS-1057,रहता,1,1,1,1,1,1,6,1,0
HI-MSBSHSE-6108.txt,MS-1058,तो,0,0,0,0,0,0,0,0,1
HI-MSBSHSE-6108.txt,MS-1059,कभी,0,0,0,0,0,0,0,0,1
HI-MSBSHSE-6108.txt,MS-1060,कूलर,0,0,0,0,0,0,0,0,1
HI-MSBSHSE-6108.txt,MS-1061,बंद,0,0,0,0,0,0,0,0,1
HI-MSBSHSE-6108.txt,MS-1062,करना,0,0,0,0,0,0,0,0,1
HI-MSBSHSE-6108.txt,MS-1063,भूल,0,0,0,0,0,0,0,0,1
HI-MSBSHSE-6108.txt,MS-1064,जाता,1,1,1,1,1,1,6,1,0
HI-MSBSHSE-6108.txt,MS-1065,कभी,0,0,0,0,0,0,0,0,1
HI-MSBSHSE-6108.txt,MS-1066,वह,0,0,0,0,0,0,0,0,1
HI-MSBSHSE-6108.txt,MS-1067,पढ़ते-पढ़ते,0,1,0,0,0,0,1,0,0
HI-MSBSHSE-6108.txt,MS-1068,सो,0,0,0,0,0,0,0,0,1
HI-MSBSHSE-6108.txt,MS-1069,जाता,1,1,1,1,1,1,6,1,0
HI-MSBSHSE-6108.txt,MS-1070,तब,0,0,0,0,0,0,0,0,1
HI-MSBSHSE-6108.txt,MS-1071,भी,0,0,0,0,0,0,0,0,1
HI-MSBSHSE-6108.txt,MS-1072,बल्ब,0,0,0,0,0,0,0,0,1
HI-MSBSHSE-6108.txt,MS-1073,जलता,0,0,0,0,0,0,0,0,1
HI-MSBSHSE-6108.txt,MS-1074,रहता,1,1,1,1,1,1,6,1,0
HI-MSBSHSE-6108.txt,MS-1075,माँ,0,0,0,0,0,0,0,0,1
HI-MSBSHSE-6108.txt,MS-1076,को,0,0,0,0,0,0,0,0,1
HI-MSBSHSE-6108.txt,MS-1077,ही,0,0,0,0,0,0,0,0,1
HI-MSBSHSE-6108.txt,MS-1078,बुझाना,0,0,0,0,0,0,0,0,1
HI-MSBSHSE-6108.txt,MS-1079,पड़ता,1,1,1,1,1,1,6,1,0
HI-MSBSHSE-6108.txt,MS-1080,पानी,0,0,0,0,0,0,0,0,1
HI-MSBSHSE-6108.txt,MS-1081,हो,0,0,0,0,0,1,1,0,0
HI-MSBSHSE-6108.txt,MS-1082,या,0,0,0,0,0,0,0,0,1
HI-MSBSHSE-6108.txt,MS-1083,बिजली,1,1,0,1,1,0,4,1,0
HI-MSBSHSE-6108.txt,MS-1084,यानी,0,0,0,0,0,0,0,0,1
HI-MSBSHSE-6108.txt,MS-1085,कि,0,0,0,0,0,0,0,0,1
HI-MSBSHSE-6108.txt,MS-1086,ऊर्जा,1,1,1,1,1,1,6,1,0
HI-MSBSHSE-6108.txt,MS-1087,दोनों,0,0,0,0,0,0,0,0,1
HI-MSBSHSE-6108.txt,MS-1088,का,0,0,0,0,0,0,0,0,1
HI-MSBSHSE-6108.txt,MS-1089,भंडार,0,0,0,0,0,0,0,0,1
HI-MSBSHSE-6108.txt,MS-1090,सीमित,0,0,0,0,0,0,0,0,1
HI-MSBSHSE-6108.txt,MS-1091,है,1,1,1,1,1,1,6,1,0
HI-MSBSHSE-6108.txt,MS-1092,दुनिया,0,0,0,0,0,0,0,0,1
HI-MSBSHSE-6108.txt,MS-1093,के,0,0,0,0,0,0,0,0,1
HI-MSBSHSE-6108.txt,MS-1094,सभी,0,0,0,0,0,0,0,0,1
HI-MSBSHSE-6108.txt,MS-1095,लोग,0,0,0,0,1,0,1,0,0
HI-MSBSHSE-6108.txt,MS-1096,ऐसा,0,0,0,0,0,0,0,0,1
HI-MSBSHSE-6108.txt,MS-1097,करने,0,0,0,0,0,0,0,0,1
HI-MSBSHSE-6108.txt,MS-1098,लगे,1,1,0,1,1,1,5,1,0
HI-MSBSHSE-6108.txt,MS-1099,तो,0,0,0,0,0,0,0,0,1
HI-MSBSHSE-6108.txt,MS-1100,क्या,0,0,0,0,0,0,0,0,1
HI-MSBSHSE-6108.txt,MS-1101,होगा,1,1,1,1,1,1,6,1,0
HI-MSBSHSE-6108.txt,MS-1102,नहाना-वहाना,0,0,0,0,0,0,0,0,1
HI-MSBSHSE-6108.txt,MS-1103,तो,0,0,0,0,0,0,0,0,1
HI-MSBSHSE-6108.txt,MS-1104,दूर,1,1,1,1,1,1,6,1,0
HI-MSBSHSE-6108.txt,MS-1105,लोग,0,0,0,0,0,0,0,0,1
HI-MSBSHSE-6108.txt,MS-1106,एक,0,0,0,0,0,0,0,0,1
HI-MSBSHSE-6108.txt,MS-1107,घूँट,0,0,0,0,0,0,0,0,1
HI-MSBSHSE-6108.txt,MS-1108,पानी,0,0,0,0,0,0,0,0,1
HI-MSBSHSE-6108.txt,MS-1109,के,0,0,0,0,0,0,0,0,1
HI-MSBSHSE-6108.txt,MS-1110,लिए,0,0,0,0,0,0,0,0,1
HI-MSBSHSE-6108.txt,MS-1111,तरसेंगे,1,1,1,1,1,1,6,1,0
HI-MSBSHSE-6108.txt,MS-1112,लेकिन,0,0,0,0,0,0,0,0,1
HI-MSBSHSE-6108.txt,MS-1113,यह,0,0,0,0,0,0,0,0,1
HI-MSBSHSE-6108.txt,MS-1114,बात,1,0,0,1,1,1,4,1,0
HI-MSBSHSE-6108.txt,MS-1115,बबलू,0,0,0,0,0,0,0,0,1
HI-MSBSHSE-6108.txt,MS-1116,की,0,0,0,0,0,0,0,0,1
HI-MSBSHSE-6108.txt,MS-1117,समझ,0,0,0,0,0,0,0,0,1
HI-MSBSHSE-6108.txt,MS-1118,में,0,1,0,1,1,1,4,1,0
HI-MSBSHSE-6108.txt,MS-1119,बिलकुल,0,0,0,0,0,0,0,0,1
HI-MSBSHSE-6108.txt,MS-1120,नहीं,0,0,0,0,0,0,0,0,1
HI-MSBSHSE-6108.txt,MS-1121,आती,1,1,1,1,1,1,6,1,0
HI-MSBSHSE-6108.txt,MS-1122,माँ,0,0,0,0,0,0,0,0,1
HI-MSBSHSE-6108.txt,MS-1123,और,0,0,0,0,0,0,0,0,1
HI-MSBSHSE-6108.txt,MS-1124,पापा,1,1,0,0,1,1,4,1,0
HI-MSBSHSE-6108.txt,MS-1125,दोनों,0,0,0,0,0,0,0,0,1
HI-MSBSHSE-6108.txt,MS-1126,ही,0,0,0,1,0,0,1,0,0
HI-MSBSHSE-6108.txt,MS-1127,उसमें,0,0,0,0,0,0,0,0,1
HI-MSBSHSE-6108.txt,MS-1128,सुधार,0,0,0,0,0,0,0,0,1
HI-MSBSHSE-6108.txt,MS-1129,लाना,0,0,0,0,0,0,0,0,1
HI-MSBSHSE-6108.txt,MS-1130,चाहते,0,0,0,0,0,0,0,0,1
HI-MSBSHSE-6108.txt,MS-1131,थे,1,1,1,1,1,1,6,1,0
HI-MSBSHSE-6108.txt,MS-1132,पर,0,0,0,0,0,0,0,0,1
HI-MSBSHSE-6108.txt,MS-1133,उन्हें,0,0,0,0,1,0,1,0,0
HI-MSBSHSE-6108.txt,MS-1134,कोई,0,0,0,0,0,0,0,0,1
HI-MSBSHSE-6108.txt,MS-1135,उपाय,0,1,0,0,0,0,1,0,0
HI-MSBSHSE-6108.txt,MS-1136,नहीं,0,0,0,0,0,0,0,0,1
HI-MSBSHSE-6108.txt,MS-1137,सूझ,0,0,0,0,0,0,0,0,1
HI-MSBSHSE-6108.txt,MS-1138,रहा,0,0,0,0,0,0,0,0,1
HI-MSBSHSE-6108.txt,MS-1139,था,1,1,1,1,1,1,6,1,0
HI-MSBSHSE-6108.txt,MS-1140,उस,0,0,0,0,0,0,0,0,1
HI-MSBSHSE-6108.txt,MS-1141,दिन,1,0,1,1,1,1,5,1,0
HI-MSBSHSE-6108.txt,MS-1142,शीला,0,0,0,0,0,0,0,0,1
HI-MSBSHSE-6108.txt,MS-1143,मौसी,0,0,0,0,0,0,0,0,1
HI-MSBSHSE-6108.txt,MS-1144,की,0,0,0,0,0,0,0,0,1
HI-MSBSHSE-6108.txt,MS-1145,बेटी,0,0,0,0,1,1,2,0,0
HI-MSBSHSE-6108.txt,MS-1146,पूजा,0,1,0,0,0,1,2,0,0
HI-MSBSHSE-6108.txt,MS-1147,का,0,0,0,0,0,0,0,0,1
HI-MSBSHSE-6108.txt,MS-1148,जन्मदिन,0,0,0,0,0,0,0,0,1
HI-MSBSHSE-6108.txt,MS-1149,था,1,1,1,1,1,1,6,1,0
HI-MSBSHSE-6108.txt,MS-1150,उन्होंने,0,0,0,0,1,0,1,0,0
HI-MSBSHSE-6108.txt,MS-1151,सबको,0,0,0,0,0,1,1,0,0
HI-MSBSHSE-6108.txt,MS-1152,खाने,0,0,0,0,0,0,0,0,1
HI-MSBSHSE-6108.txt,MS-1153,पर,0,0,0,0,0,0,0,0,1
HI-MSBSHSE-6108.txt,MS-1154,बुलाया,0,0,0,0,0,0,0,0,1
HI-MSBSHSE-6108.txt,MS-1155,था,1,1,1,1,1,1,6,1,0
HI-MSBSHSE-6108.txt,MS-1156,शाम,0,0,0,0,0,0,0,0,1
HI-MSBSHSE-6108.txt,MS-1157,को,1,0,0,0,0,0,1,0,0
HI-MSBSHSE-6108.txt,MS-1158,सब,0,1,0,0,0,1,2,0,0
HI-MSBSHSE-6108.txt,MS-1159,उनके,0,0,0,0,0,0,0,0,1
HI-MSBSHSE-6108.txt,MS-1160,यहाँ,0,0,0,0,0,0,0,0,1
HI-MSBSHSE-6108.txt,MS-1161,पहुँच,0,0,0,0,0,0,0,0,1
HI-MSBSHSE-6108.txt,MS-1162,गए,1,1,1,1,1,1,6,1,0
HI-MSBSHSE-6108.txt,MS-1163,पर,0,0,0,0,0,0,0,0,1
HI-MSBSHSE-6108.txt,MS-1164,बबलू,0,0,0,0,0,0,0,0,1
HI-MSBSHSE-6108.txt,MS-1165,को,1,0,0,0,1,0,2,0,0
HI-MSBSHSE-6108.txt,MS-1166,वहाँ,0,1,0,0,0,0,1,0,0
HI-MSBSHSE-6108.txt,MS-1167,पसरा,0,0,0,0,0,0,0,0,1
HI-MSBSHSE-6108.txt,MS-1168,सन्नाटा,0,0,0,0,0,0,0,0,1
HI-MSBSHSE-6108.txt,MS-1169,देखकर,1,1,0,1,1,1,5,1,0
HI-MSBSHSE-6108.txt,MS-1170,बड़ा,0,0,0,0,0,0,0,0,1
HI-MSBSHSE-6108.txt,MS-1171,आश्चर्य,0,0,0,0,0,0,0,0,1
HI-MSBSHSE-6108.txt,MS-1172,हुआ,1,1,1,1,1,1,6,1,0
HI-MSBSHSE-6208.txt,MS-1001,टीटू,0,0,0,0,0,0,0,0,1
HI-MSBSHSE-6208.txt,MS-1002,गिलहरी,1,0,1,0,1,1,4,1,0
HI-MSBSHSE-6208.txt,MS-1003,और,0,0,0,0,0,0,0,0,1
HI-MSBSHSE-6208.txt,MS-1004,चिंकी,0,0,0,0,0,0,0,0,1
HI-MSBSHSE-6208.txt,MS-1005,चिड़िया,1,1,1,1,1,1,6,1,0
HI-MSBSHSE-6208.txt,MS-1006,दोनों,0,0,0,0,0,0,0,0,1
HI-MSBSHSE-6208.txt,MS-1007,पड़ोसिन,0,0,0,0,0,0,0,0,1
HI-MSBSHSE-6208.txt,MS-1008,थीं,1,1,1,1,1,1,6,1,0
HI-MSBSHSE-6208.txt,MS-1009,टीटू,0,0,0,0,0,0,0,0,1
HI-MSBSHSE-6208.txt,MS-1010,का,0,0,0,0,0,0,0,0,1
HI-MSBSHSE-6208.txt,MS-1011,घर,0,1,0,1,1,1,4,1,0
HI-MSBSHSE-6208.txt,MS-1012,पेड़,0,0,0,0,0,0,0,0,1
HI-MSBSHSE-6208.txt,MS-1013,की,0,0,0,0,0,0,0,0,1
HI-MSBSHSE-6208.txt,MS-1014,खोखल,0,0,0,0,0,0,0,0,1
HI-MSBSHSE-6208.txt,MS-1015,में,0,0,0,0,0,0,0,0,1
HI-MSBSHSE-6208.txt,MS-1016,था,1,1,1,1,1,1,6,1,0
HI-MSBSHSE-6208.txt,MS-1017,और,0,0,0,0,0,0,0,0,1
HI-MSBSHSE-6208.txt,MS-1018,चिंकी,0,0,0,0,0,0,0,0,1
HI-MSBSHSE-6208.txt,MS-1019,का,0,0,0,0,0,0,0,0,1
HI-MSBSHSE-6208.txt,MS-1020,घोंसला,0,1,0,1,1,1,4,1,0
HI-MSBSHSE-6208.txt,MS-1021,पेड़,0,0,0,0,0,0,0,0,1
HI-MSBSHSE-6208.txt,MS-1022,की,0,0,0,0,0,0,0,0,1
HI-MSBSHSE-6208.txt,MS-1023,शाखाओं,0,0,0,0,0,0,0,0,1
HI-MSBSHSE-6208.txt,MS-1024,पर,1,1,1,1,1,1,6,1,0
HI-MSBSHSE-6208.txt,MS-1025,चिंकी,0,0,0,0,0,0,0,0,1
HI-MSBSHSE-6208.txt,MS-1026,जब,0,0,0,0,0,0,0,0,1
HI-MSBSHSE-6208.txt,MS-1027,दाना,0,0,0,0,0,0,0,0,1
HI-MSBSHSE-6208.txt,MS-1028,चुगने,0,0,0,0,0,0,0,0,1
HI-MSBSHSE-6208.txt,MS-1029,जाती,1,1,1,1,1,1,6,1,0
HI-MSBSHSE-6208.txt,MS-1030,तब,0,0,0,0,0,0,0,0,1
HI-MSBSHSE-6208.txt,MS-1031,टीटू,0,0,0,1,1,0,2,0,0
HI-MSBSHSE-6208.txt,MS-1032,सभी,0,0,0,0,0,0,0,0,1
HI-MSBSHSE-6208.txt,MS-1033,बच्चों,0,0,0,0,0,0,0,0,1
HI-MSBSHSE-6208.txt,MS-1034,का,0,0,0,0,0,0,0,0,1
HI-MSBSHSE-6208.txt,MS-1035,ध्यान,0,0,0,0,0,0,0,0,1
HI-MSBSHSE-6208.txt,MS-1036,रखती,1,1,1,1,1,1,6,1,0
HI-MSBSHSE-6208.txt,MS-1037,एक,0,0,0,0,0,0,0,0,1
HI-MSBSHSE-6208.txt,MS-1038,दिन,0,0,0,1,1,1,3,0,0
HI-MSBSHSE-6208.txt,MS-1039,बच्चे,1,0,0,0,1,0,2,0,0
HI-MSBSHSE-6208.txt,MS-1040,आपस,0,0,0,0,0,0,0,0,1
HI-MSBSHSE-6208.txt,MS-1041,में,0,0,0,0,0,0,0,0,1
HI-MSBSHSE-6208.txt,MS-1042,झगड़ने,0,0,0,0,0,0,0,0,1
HI-MSBSHSE-6208.txt,MS-1043,लगे,1,1,1,1,1,1,6,1,0
HI-MSBSHSE-6208.txt,MS-1044,टीटू,0,0,0,0,0,0,0,0,1
HI-MSBSHSE-6208.txt,MS-1045,के,0,0,0,0,0,0,0,0,1
HI-MSBSHSE-6208.txt,MS-1046,बच्चों,0,0,0,0,0,0,0,0,1
HI-MSBSHSE-6208.txt,MS-1047,का,0,0,0,0,0,0,0,0,1
HI-MSBSHSE-6208.txt,MS-1048,कहना,0,0,0,0,0,0,0,0,1
HI-MSBSHSE-6208.txt,MS-1049,था,1,1,0,0,1,1,4,1,0
HI-MSBSHSE-6208.txt,MS-1050,कि,0,0,1,1,0,0,2,0,0
HI-MSBSHSE-6208.txt,MS-1051,पेड़,0,0,0,0,0,0,0,0,1
HI-MSBSHSE-6208.txt,MS-1052,उनका,0,0,0,0,0,0,0,0,1
HI-MSBSHSE-6208.txt,MS-1053,है,1,1,1,1,1,1,6,1,0
HI-MSBSHSE-6208.txt,MS-1054,चिंकी,0,0,0,0,0,0,0,0,1
HI-MSBSHSE-6208.txt,MS-1055,के,0,0,0,0,0,0,0,0,1
HI-MSBSHSE-6208.txt,MS-1056,बच्चे,0,0,0,0,0,0,0,0,1
HI-MSBSHSE-6208.txt,MS-1057,भी,0,1,0,0,1,1,3,0,0
HI-MSBSHSE-6208.txt,MS-1058,यही,0,0,0,0,0,0,0,0,1
HI-MSBSHSE-6208.txt,MS-1059,बात,0,0,0,0,0,0,0,0,1
HI-MSBSHSE-6208.txt,MS-1060,दोहरा,0,0,0,0,0,0,0,0,1
HI-MSBSHSE-6208.txt,MS-1061,रहे,0,0,0,0,0,0,0,0,1
HI-MSBSHSE-6208.txt,MS-1062,थे,1,1,0,0,1,1,4,1,0
HI-MSBSHSE-6208.txt,MS-1063,कि,0,0,0,1,0,0,1,0,0
HI-MSBSHSE-6208.txt,MS-1064,पेड़,0,0,0,0,0,0,0,0,1
HI-MSBSHSE-6208.txt,MS-1065,उनका,0,0,0,0,0,0,0,0,1
HI-MSBSHSE-6208.txt,MS-1066,है,1,1,1,1,1,1,6,1,0
HI-MSBSHSE-6208.txt,MS-1067,लड़ते-लड़ते,0,0,1,0,1,1,3,0,0
HI-MSBSHSE-6208.txt,MS-1068,बच्चों,0,0,0,0,0,0,0,0,1
HI-MSBSHSE-6208.txt,MS-1069,में,0,1,0,0,0,0,1,0,0
HI-MSBSHSE-6208.txt,MS-1070,झगड़ा,0,0,0,0,0,0,0,0,1
HI-MSBSHSE-6208.txt,MS-1071,बढ़,0,0,0,0,0,0,0,0,1
HI-MSBSHSE-6208.txt,MS-1072,गया,1,1,1,1,1,1,6,1,0
HI-MSBSHSE-6208.txt,MS-1073,टीटू,0,0,0,0,0,0,0,0,1
HI-MSBSHSE-6208.txt,MS-1074,उन्हें,0,0,0,0,0,0,0,0,1
HI-MSBSHSE-6208.txt,MS-1075,समझाने,0,0,0,0,0,0,0,0,1
HI-MSBSHSE-6208.txt,MS-1076,लगी,1,0,0,0,1,1,3,0,0
HI-MSBSHSE-6208.txt,MS-1077,कि,0,1,1,1,0,0,3,0,0
HI-MSBSHSE-6208.txt,MS-1078,वे,0,0,0,0,0,0,0,0,1
HI-MSBSHSE-6208.txt,MS-1079,पड़ोसी,0,0,0,0,0,0,0,0,1
HI-MSBSHSE-6208.txt,MS-1080,हैं,1,0,1,1,1,1,5,1,0
HI-MSBSHSE-6208.txt,MS-1081,और,0,0,0,0,0,0,0,0,1
HI-MSBSHSE-6208.txt,MS-1082,उन्हें,0,1,0,0,0,0,1,0,0
HI-MSBSHSE-6208.txt,MS-1083,मिलजुलकर,0,0,0,0,0,0,0,0,1
HI-MSBSHSE-6208.txt,MS-1084,रहना,0,0,0,0,0,0,0,0,1
HI-MSBSHSE-6208.txt,MS-1085,चाहिए,1,1,1,1,1,1,6,1,0
HI-MSBSHSE-6208.txt,MS-1086,किंतु,0,0,0,0,1,0,1,0,0
HI-MSBSHSE-6208.txt,MS-1087,टीटू,0,0,0,0,0,0,0,0,1
HI-MSBSHSE-6208.txt,MS-1088,के,0,0,0,0,0,0,0,0,1
HI-MSBSHSE-6208.txt,MS-1089,बच्चों,0,0,0,0,0,0,0,0,1
HI-MSBSHSE-6208.txt,MS-1090,ने,0,1,0,0,0,0,1,0,0
HI-MSBSHSE-6208.txt,MS-1091,शिकायत,0,0,0,0,0,0,0,0,1
HI-MSBSHSE-6208.txt,MS-1092,की,1,1,0,0,1,1,4,1,0
HI-MSBSHSE-6208.txt,MS-1093,कि,0,0,1,1,0,0,2,0,0
HI-MSBSHSE-6208.txt,MS-1094,चिंकी,0,0,0,0,0,0,0,0,1
HI-MSBSHSE-6208.txt,MS-1095,चिड़िया,0,0,0,0,0,0,0,0,1
HI-MSBSHSE-6208.txt,MS-1096,के,0,0,0,0,0,0,0,0,1
HI-MSBSHSE-6208.txt,MS-1097,बच्चे,1,1,1,1,1,1,6,1,0
HI-MSBSHSE-6208.txt,MS-1098,फलों,0,0,0,0,0,0,0,0,1
HI-MSBSHSE-6208.txt,MS-1099,को,0,0,0,0,0,0,0,0,1
HI-MSBSHSE-6208.txt,MS-1100,जूठा,0,0,0,0,0,0,0,0,1
HI-MSBSHSE-6208.txt,MS-1101,कर,0,0,0,0,0,0,0,0,1
HI-MSBSHSE-6208.txt,MS-1102,देते,0,0,0,0,0,0,0,0,1
HI-MSBSHSE-6208.txt,MS-1103,हैं,1,1,1,1,1,1,6,1,0
HI-MSBSHSE-6208.txt,MS-1104,तो,0,0,0,0,0,0,0,0,1
HI-MSBSHSE-6208.txt,MS-1105,वे,0,0,0,0,0,0,0,0,1
HI-MSBSHSE-6208.txt,MS-1106,जूठे,0,0,0,0,0,0,0,0,1
HI-MSBSHSE-6208.txt,MS-1107,फल,0,0,0,0,0,0,0,0,1
HI-MSBSHSE-6208.txt,MS-1108,क्यों,0,0,0,0,0,0,0,0,1
HI-MSBSHSE-6208.txt,MS-1109,खाएँ,1,1,0,1,1,1,5,1,0
HI-MSBSHSE-6208.txt,MS-1110,जबकि,0,0,0,0,0,0,0,0,1
HI-MSBSHSE-6208.txt,MS-1111,पेड़,0,0,0,0,0,0,0,0,1
HI-MSBSHSE-6208.txt,MS-1112,उनका,0,0,0,0,0,0,0,0,1
HI-MSBSHSE-6208.txt,MS-1113,है,1,1,1,1,1,1,6,1,0
HI-MSBSHSE-6208.txt,MS-1114,टीटू,0,0,0,0,0,0,0,0,1
HI-MSBSHSE-6208.txt,MS-1115,के,0,0,0,0,0,0,0,0,1
HI-MSBSHSE-6208.txt,MS-1116,बच्चे,0,0,0,0,0,0,0,0,1
HI-MSBSHSE-6208.txt,MS-1117,मिंटू,0,1,0,0,0,0,1,0,0
HI-MSBSHSE-6208.txt,MS-1118,ने,0,0,0,0,0,0,0,0,1
HI-MSBSHSE-6208.txt,MS-1119,कहा,1,0,0,0,1,1,3,0,0
HI-MSBSHSE-6208.txt,MS-1120,कि,0,0,1,1,0,0,2,0,0
HI-MSBSHSE-6208.txt,MS-1121,यह,0,0,0,0,0,0,0,0,1
HI-MSBSHSE-6208.txt,MS-1122,पेड़,0,0,0,0,0,0,0,0,1
HI-MSBSHSE-6208.txt,MS-1123,उनका,0,0,0,0,0,0,0,0,1
HI-MSBSHSE-6208.txt,MS-1124,ही,0,0,0,0,0,0,0,0,1
HI-MSBSHSE-6208.txt,MS-1125,है,1,1,1,1,1,1,6,1,0
HI-MSBSHSE-6208.txt,MS-1126,इस,0,0,0,0,0,0,0,0,1
HI-MSBSHSE-6208.txt,MS-1127,पर,0,1,0,0,1,1,3,0,0
HI-MSBSHSE-6208.txt,MS-1128,चिंकी,0,0,0,0,0,0,0,0,1
HI-MSBSHSE-6208.txt,MS-1129,के,0,0,0,0,0,0,0,0,1
HI-MSBSHSE-6208.txt,MS-1130,बच्चे,0,0,0,0,0,0,0,0,1
HI-MSBSHSE-6208.txt,MS-1131,रिंकी,0,0,0,0,0,0,0,0,1
HI-MSBSHSE-6208.txt,MS-1132,ने,0,0,0,0,0,0,0,0,1
HI-MSBSHSE-6208.txt,MS-1133,प्रश्न,0,0,0,0,0,0,0,0,1
HI-MSBSHSE-6208.txt,MS-1134,किया,1,1,0,0,1,1,4,1,0
HI-MSBSHSE-6208.txt,MS-1135,कि,0,0,1,1,0,0,2,0,0
HI-MSBSHSE-6208.txt,MS-1136,वे,0,0,0,0,0,0,0,0,1
HI-MSBSHSE-6208.txt,MS-1137,यह,0,0,0,0,0,0,0,0,1
HI-MSBSHSE-6208.txt,MS-1138,कैसे,0,0,0,0,0,0,0,0,1
HI-MSBSHSE-6208.txt,MS-1139,कह,0,0,0,0,0,0,0,0,1
HI-MSBSHSE-6208.txt,MS-1140,सकते,0,0,0,0,0,0,0,0,1
HI-MSBSHSE-6208.txt,MS-1141,हैं,1,1,0,0,1,1,4,1,0
HI-MSBSHSE-6208.txt,MS-1142,कि,0,0,0,1,0,0,1,0,0
HI-MSBSHSE-6208.txt,MS-1143,पेड़,0,0,0,0,0,0,0,0,1
HI-MSBSHSE-6208.txt,MS-1144,उनका,0,0,0,0,0,0,0,0,1
HI-MSBSHSE-6208.txt,MS-1145,है,1,1,1,1,1,1,6,1,0
HI-MSBSHSE-6208.txt,MS-1146,टीटू,0,0,0,0,0,0,0,0,1
HI-MSBSHSE-6208.txt,MS-1147,के,0,0,0,0,0,0,0,0,1
HI-MSBSHSE-6208.txt,MS-1148,बच्चों,0,0,0,0,0,0,0,0,1
HI-MSBSHSE-6208.txt,MS-1149,ने,0,0,0,0,0,0,0,0,1
HI-MSBSHSE-6208.txt,MS-1150,उत्तर,0,0,0,0,0,0,0,0,1
HI-MSBSHSE-6208.txt,MS-1151,दिया,1,1,0,0,1,1,4,1,0
HI-MSBSHSE-6208.txt,MS-1152,कि,0,0,1,1,0,0,2,0,0
HI-MSBSHSE-6208.txt,MS-1153,वे,0,0,0,0,0,0,0,0,1
HI-MSBSHSE-6208.txt,MS-1154,पेड़,0,0,0,0,0,0,0,0,1
HI-MSBSHSE-6208.txt,MS-1155,के,0,0,0,0,0,0,0,0,1
HI-MSBSHSE-6208.txt,MS-1156,तने,0,0,0,0,0,0,0,0,1
HI-MSBSHSE-6208.txt,MS-1157,में,0,0,0,0,0,0,0,0,1
HI-MSBSHSE-6208.txt,MS-1158,रहते,0,0,0,0,0,0,0,0,1
HI-MSBSHSE-6208.txt,MS-1159,हैं,1,1,1,1,1,1,6,1,0
HI-MSBSHSE-6208.txt,MS-1160,उनका,0,0,0,0,0,0,0,0,1
HI-MSBSHSE-6208.txt,MS-1161,जन्म,0,0,0,0,1,0,1,0,0
HI-MSBSHSE-6208.txt,MS-1162,इसी,0,0,0,0,0,0,0,0,1
HI-MSBSHSE-6208.txt,MS-1163,खोखल,0,0,0,0,0,0,0,0,1
HI-MSBSHSE-6208.txt,MS-1164,में,0,0,0,0,0,0,0,0,1
HI-MSBSHSE-6208.txt,MS-1165,हुआ,1,1,1,1,1,1,6,1,0
HI-MSBSHSE-6208.txt,MS-1166,इसलिए,0,0,0,0,0,0,0,0,1
HI-MSBSHSE-6208.txt,MS-1167,पेड़,0,0,0,0,0,0,0,0,1
HI-MSBSHSE-6208.txt,MS-1168,का,0,0,0,0,0,0,0,0,1
HI-MSBSHSE-6208.txt,MS-1169,तना,0,1,0,0,1,1,3,0,0
HI-MSBSHSE-6208.txt,MS-1170,और,0,0,0,0,0,0,0,0,1
HI-MSBSHSE-6208.txt,MS-1171,शाखाएँ,1,0,0,0,0,0,1,0,0
HI-MSBSHSE-6208.txt,MS-1172,उनकी,0,0,0,0,0,0,0,0,1
HI-MSBSHSE-6208.txt,MS-1173,हैं,1,1,1,1,1,1,6,1,0
HI-MSBSHSE-7103.txt,MS-1001,किसी,0,0,0,0,0,0,0,0,1
HI-MSBSHSE-7103.txt,MS-1002,तालाब,0,0,0,0,0,0,0,0,1
HI-MSBSHSE-7103.txt,MS-1003,में,1,0,0,1,1,1,4,1,0
HI-MSBSHSE-7103.txt,MS-1004,एक,0,0,0,0,0,0,0,0,1
HI-MSBSHSE-7103.txt,MS-1005,कछुआ,0,0,0,0,0,0,0,0,1
HI-MSBSHSE-7103.txt,MS-1006,रहता,0,0,0,0,0,0,0,0,1
HI-MSBSHSE-7103.txt,MS-1007,था,1,1,1,1,1,1,6,1,0
HI-MSBSHSE-7103.txt,MS-1008,तालाब,0,0,0,0,0,0,0,0,1
HI-MSBSHSE-7103.txt,MS-1009,के,0,0,0,0,0,0,0,0,1
HI-MSBSHSE-7103.txt,MS-1010,बिलकुल,0,0,0,0,0,0,0,0,1
HI-MSBSHSE-7103.txt,MS-1011,किनारे,0,0,0,0,0,0,0,0,1
HI-MSBSHSE-7103.txt,MS-1012,पर,1,1,1,1,1,1,6,1,0
HI-MSBSHSE-7103.txt,MS-1013,जामुन,0,0,0,0,0,0,0,0,1
HI-MSBSHSE-7103.txt,MS-1014,का,0,0,0,0,0,0,0,0,1
HI-MSBSHSE-7103.txt,MS-1015,एक,0,0,0,0,0,0,0,0,1
HI-MSBSHSE-7103.txt,MS-1016,पेड़,0,0,0,0,0,0,0,0,1
HI-MSBSHSE-7103.txt,MS-1017,था,1,1,1,1,1,1,6,1,0
HI-MSBSHSE-7103.txt,MS-1018,समय,0,0,0,0,0,0,0,0,1
HI-MSBSHSE-7103.txt,MS-1019,आने,0,0,0,0,0,0,0,0,1
HI-MSBSHSE-7103.txt,MS-1020,पर,1,1,1,1,1,1,6,1,0
HI-MSBSHSE-7103.txt,MS-1021,उसपर,0,0,0,0,0,0,0,0,1
HI-MSBSHSE-7103.txt,MS-1022,मीठे,0,0,0,0,0,0,0,0,1
HI-MSBSHSE-7103.txt,MS-1023,जामुनों,0,0,0,0,0,0,0,0,1
HI-MSBSHSE-7103.txt,MS-1024,के,0,0,0,0,0,0,0,0,1
HI-MSBSHSE-7103.txt,MS-1025,गुच्छे,0,0,0,0,0,0,0,0,1
HI-MSBSHSE-7103.txt,MS-1026,लगते,1,1,1,1,1,1,6,1,0
HI-MSBSHSE-7103.txt,MS-1027,पास,0,0,0,0,0,0,0,0,1
HI-MSBSHSE-7103.txt,MS-1028,के,0,0,0,0,0,0,0,0,1
HI-MSBSHSE-7103.txt,MS-1029,गाँव,0,0,0,0,0,0,0,0,1
HI-MSBSHSE-7103.txt,MS-1030,से,0,1,0,0,0,0,1,0,0
HI-MSBSHSE-7103.txt,MS-1031,लड़के,1,0,1,1,1,1,5,1,0
HI-MSBSHSE-7103.txt,MS-1032,उस,0,0,0,0,0,0,0,0,1
HI-MSBSHSE-7103.txt,MS-1033,पेड़,0,0,0,0,0,0,0,0,1
HI-MSBSHSE-7103.txt,MS-1034,के,0,0,0,0,0,0,0,0,1
HI-MSBSHSE-7103.txt,MS-1035,जामुन,0,0,0,0,0,1,1,0,0
HI-MSBSHSE-7103.txt,MS-1036,खाने,0,0,0,0,0,0,0,0,1
HI-MSBSHSE-7103.txt,MS-1037,के,0,0,0,0,0,0,0,0,1
HI-MSBSHSE-7103.txt,MS-1038,लिए,0,0,0,0,0,0,0,0,1
HI-MSBSHSE-7103.txt,MS-1039,आते,1,1,1,1,1,1,6,1,0
HI-MSBSHSE-7103.txt,MS-1040,कुछ,0,0,0,0,0,0,0,0,1
HI-MSBSHSE-7103.txt,MS-1041,ही,0,0,0,0,0,0,0,0,1
HI-MSBSHSE-7103.txt,MS-1042,दिनों,0,0,0,0,0,0,0,0,1
HI-MSBSHSE-7103.txt,MS-1043,के,0,0,0,0,0,0,0,0,1
HI-MSBSHSE-7103.txt,MS-1044,बाद,1,1,1,1,1,1,6,1,0
HI-MSBSHSE-7103.txt,MS-1045,जामुन,0,0,0,0,0,0,0,0,1
HI-MSBSHSE-7103.txt,MS-1046,के,0,0,0,0,0,0,0,0,1
HI-MSBSHSE-7103.txt,MS-1047,उस,0,0,0,0,0,0,0,0,1
HI-MSBSHSE-7103.txt,MS-1048,पेड़,0,0,0,0,0,0,0,0,1
HI-MSBSHSE-7103.txt,MS-1049,पर,1,1,0,1,1,1,5,1,0
HI-MSBSHSE-7103.txt,MS-1050,एक,0,0,0,0,0,0,0,0,1
HI-MSBSHSE-7103.txt,MS-1051,कौआ,0,0,1,0,1,1,3,0,0
HI-MSBSHSE-7103.txt,MS-1052,और,0,0,0,0,0,0,0,0,1
HI-MSBSHSE-7103.txt,MS-1053,उसकी,0,0,0,0,0,0,0,0,1
HI-MSBSHSE-7103.txt,MS-1054,पत्नी,0,1,0,0,1,0,2,0,0
HI-MSBSHSE-7103.txt,MS-1055,आकर,0,0,0,0,0,0,0,0,1
HI-MSBSHSE-7103.txt,MS-1056,रहने,0,0,0,0,0,0,0,0,1
HI-MSBSHSE-7103.txt,MS-1057,लगे,1,1,1,1,0,1,5,1,0
HI-MSBSHSE-7103.txt,MS-1058,कौआ,0,1,0,0,1,0,2,0,0
HI-MSBSHSE-7103.txt,MS-1059,अक्सर,0,0,0,0,0,0,0,0,1
HI-MSBSHSE-7103.txt,MS-1060,दूसरों,0,0,0,0,0,0,0,0,1
HI-MSBSHSE-7103.txt,MS-1061,को,0,0,0,0,0,0,0,0,1
HI-MSBSHSE-7103.txt,MS-1062,परेशान,0,0,0,0,0,0,0,0,1
HI-MSBSHSE-7103.txt,MS-1063,करता,0,0,0,0,0,0,0,0,1
HI-MSBSHSE-7103.txt,MS-1064,रहता,1,0,1,1,1,1,5,1,0
HI-MSBSHSE-7103.txt,MS-1065,या,0,1,0,0,0,0,1,0,0
HI-MSBSHSE-7103.txt,MS-1066,लड़ता-झगड़ता,0,0,0,0,0,0,0,0,1
HI-MSBSHSE-7103.txt,MS-1067,रहता,1,1,1,1,1,1,6,1,0
HI-MSBSHSE-7103.txt,MS-1068,जब,0,0,0,0,0,0,0,0,1
HI-MSBSHSE-7103.txt,MS-1069,कछुआ,0,1,0,0,0,0,1,0,0
HI-MSBSHSE-7103.txt,MS-1070,तालाब,0,0,0,0,0,0,0,0,1
HI-MSBSHSE-7103.txt,MS-1071,से,0,0,0,0,0,0,0,0,1
HI-MSBSHSE-7103.txt,MS-1072,निकलकर,0,1,0,0,0,1,2,0,0
HI-MSBSHSE-7103.txt,MS-1073,जमीन,0,0,0,0,0,0,0,0,1
HI-MSBSHSE-7103.txt,MS-1074,पर,0,0,0,0,0,0,0,0,1
HI-MSBSHSE-7103.txt,MS-1075,आता,1,0,1,1,1,1,5,1,0
HI-MSBSHSE-7103.txt,MS-1076,तो,0,1,0,0,0,0,1,0,0
HI-MSBSHSE-7103.txt,MS-1077,कौआ,0,0,0,1,1,0,2,0,0
HI-MSBSHSE-7103.txt,MS-1078,उसकी,0,0,0,0,0,0,0,0,1
HI-MSBSHSE-7103.txt,MS-1079,पीठ,0,0,0,0,0,0,0,0,1
HI-MSBSHSE-7103.txt,MS-1080,पर,0,0,0,0,0,0,0,0,1
HI-MSBSHSE-7103.txt,MS-1081,सवार,0,0,0,0,0,0,0,0,1
HI-MSBSHSE-7103.txt,MS-1082,हो,0,0,0,0,0,0,0,0,1
HI-MSBSHSE-7103.txt,MS-1083,जाता,1,1,1,1,1,1,6,1,0
HI-MSBSHSE-7103.txt,MS-1084,और,0,0,0,0,0,0,0,0,1
HI-MSBSHSE-7103.txt,MS-1085,उछल-कूद,0,0,0,0,0,0,0,0,1
HI-MSBSHSE-7103.txt,MS-1086,करता,1,1,1,1,1,1,6,1,0
HI-MSBSHSE-7103.txt,MS-1087,कई,0,0,0,0,0,0,0,0,1
HI-MSBSHSE-7103.txt,MS-1088,बार,0,0,0,0,0,1,1,0,0
HI-MSBSHSE-7103.txt,MS-1089,तो,1,1,0,0,0,0,2,0,0
HI-MSBSHSE-7103.txt,MS-1090,कौआ,0,0,1,1,1,0,3,0,0
HI-MSBSHSE-7103.txt,MS-1091,अपनी,0,0,0,0,0,0,0,0,1
HI-MSBSHSE-7103.txt,MS-1092,ताकत,0,0,0,0,0,0,0,0,1
HI-MSBSHSE-7103.txt,MS-1093,का,0,0,0,0,0,0,0,0,1
HI-MSBSHSE-7103.txt,MS-1094,दिखावा,0,0,0,0,0,0,0,0,1
HI-MSBSHSE-7103.txt,MS-1095,करता,0,0,0,0,0,0,0,0,1
HI-MSBSHSE-7103.txt,MS-1096,हुआ,1,1,1,1,1,1,6,1,0
HI-MSBSHSE-7103.txt,MS-1097,उसे,0,0,0,0,0,0,0,0,1
HI-MSBSHSE-7103.txt,MS-1098,उलट-पलट,0,0,0,0,0,0,0,0,1
HI-MSBSHSE-7103.txt,MS-1099,भी,0,0,0,0,0,0,0,0,1
HI-MSBSHSE-7103.txt,MS-1100,देता,1,1,1,1,1,1,6,1,0
HI-MSBSHSE-7103.txt,MS-1101,उससे,0,0,0,0,0,0,0,0,1
HI-MSBSHSE-7103.txt,MS-1102,दुखी,0,0,0,0,0,0,0,0,1
HI-MSBSHSE-7103.txt,MS-1103,था,0,0,0,0,0,0,0,0,1
HI-MSBSHSE-7103.txt,MS-1104,कछुआ,1,1,1,1,1,1,6,1,0
HI-MSBSHSE-7103.txt,MS-1105,कौए,0,0,0,0,0,0,0,0,1
HI-MSBSHSE-7103.txt,MS-1106,की,0,0,0,0,0,0,0,0,1
HI-MSBSHSE-7103.txt,MS-1107,पत्नी,1,1,0,0,1,1,4,1,0
HI-MSBSHSE-7103.txt,MS-1108,नम्र,0,0,0,0,0,0,0,0,1
HI-MSBSHSE-7103.txt,MS-1109,स्वभाव,0,0,0,0,0,0,0,0,1
HI-MSBSHSE-7103.txt,MS-1110,की,0,0,0,0,0,0,0,0,1
HI-MSBSHSE-7103.txt,MS-1111,थी,1,1,1,1,1,1,6,1,0
HI-MSBSHSE-7103.txt,MS-1112,पति-पत्नी,0,0,0,0,0,0,0,0,1
HI-MSBSHSE-7103.txt,MS-1113,के,0,0,0,0,0,0,0,0,1
HI-MSBSHSE-7103.txt,MS-1114,स्वभाव,0,0,0,0,0,0,0,0,1
HI-MSBSHSE-7103.txt,MS-1115,की,0,0,0,0,1,0,1,0,0
HI-MSBSHSE-7103.txt,MS-1116,असमानता,0,0,0,0,0,0,0,0,1
HI-MSBSHSE-7103.txt,MS-1117,से,1,1,1,1,0,1,5,1,0
HI-MSBSHSE-7103.txt,MS-1118,कछुआ,0,0,0,0,1,0,1,0,0
HI-MSBSHSE-7103.txt,MS-1119,भलीभाँति,0,0,0,0,0,0,0,0,1
HI-MSBSHSE-7103.txt,MS-1120,परिचित,0,0,0,0,0,0,0,0,1
HI-MSBSHSE-7103.txt,MS-1121,था,1,1,1,1,1,1,6,1,0
HI-MSBSHSE-7103.txt,MS-1122,कछुए,0,0,0,0,0,0,0,0,1
HI-MSBSHSE-7103.txt,MS-1123,से,0,0,0,0,0,1,1,0,0
HI-MSBSHSE-7103.txt,MS-1124,दुर्व्यवहार,0,0,0,0,0,0,0,0,1
HI-MSBSHSE-7103.txt,MS-1125,करने,0,0,0,0,0,0,0,0,1
HI-MSBSHSE-7103.txt,MS-1126,के,0,0,0,0,0,0,0,0,1
HI-MSBSHSE-7103.txt,MS-1127,लिए,1,1,1,1,1,1,6,1,0
HI-MSBSHSE-7103.txt,MS-1128,पत्नी,0,0,0,0,0,0,0,0,1
HI-MSBSHSE-7103.txt,MS-1129,उसे,0,0,0,0,0,0,0,0,1
HI-MSBSHSE-7103.txt,MS-1130,अक्सर,0,0,0,0,0,0,0,0,1
HI-MSBSHSE-7103.txt,MS-1131,मना,0,0,0,0,0,0,0,0,1
HI-MSBSHSE-7103.txt,MS-1132,करती,1,1,1,1,1,1,6,1,0
HI-MSBSHSE-7103.txt,MS-1133,एक,0,0,0,0,0,0,0,0,1
HI-MSBSHSE-7103.txt,MS-1134,दिन,0,0,1,1,1,1,4,1,0
HI-MSBSHSE-7103.txt,MS-1135,जब,0,0,0,0,0,0,0,0,1
HI-MSBSHSE-7103.txt,MS-1136,कछुआ,0,1,0,0,0,0,1,0,0
HI-MSBSHSE-7103.txt,MS-1137,तालाब,0,0,0,0,0,0,0,0,1
HI-MSBSHSE-7103.txt,MS-1138,से,0,0,0,0,0,0,0,0,1
HI-MSBSHSE-7103.txt,MS-1139,निकलकर,1,0,0,1,1,1,4,1,0
HI-MSBSHSE-7103.txt,MS-1140,जमीन,0,0,0,0,0,0,0,0,1
HI-MSBSHSE-7103.txt,MS-1141,पर,0,1,0,0,1,0,2,0,0
HI-MSBSHSE-7103.txt,MS-1142,धीरे-धीरे,0,0,0,0,0,0,0,0,1
HI-MSBSHSE-7103.txt,MS-1143,चलने,0,0,0,0,0,0,0,0,1
HI-MSBSHSE-7103.txt,MS-1144,लगा,1,0,1,1,1,1,5,1,0
HI-MSBSHSE-7103.txt,MS-1145,तो,0,1,0,0,0,0,1,0,0
HI-MSBSHSE-7103.txt,MS-1146,कौए,0,0,0,0,0,0,0,0,1
HI-MSBSHSE-7103.txt,MS-1147,की,0,0,0,0,0,0,0,0,1
HI-MSBSHSE-7103.txt,MS-1148,नजर,0,0,0,0,0,0,0,0,1
HI-MSBSHSE-7103.txt,MS-1149,उसपर,0,0,0,0,0,0,0,0,1
HI-MSBSHSE-7103.txt,MS-1150,जा,0,0,0,0,0,0,0,0,1
HI-MSBSHSE-7103.txt,MS-1151,पड़ी,1,1,1,1,1,1,6,1,0
HI-MSBSHSE-7103.txt,MS-1152,और,0,0,0,0,0,0,0,0,1
HI-MSBSHSE-7103.txt,MS-1153,वह,0,0,0,0,0,0,0,0,1
HI-MSBSHSE-7103.txt,MS-1154,झट,0,0,0,0,0,0,0,0,1
HI-MSBSHSE-7103.txt,MS-1155,से,0,0,0,0,0,0,0,0,1
HI-MSBSHSE-7103.txt,MS-1156,उसपर,0,0,0,0,0,0,0,0,1
HI-MSBSHSE-7103.txt,MS-1157,चढ़,0,0,0,0,0,0,0,0,1
HI-MSBSHSE-7103.txt,MS-1158,गया,1,1,1,1,1,1,6,1,0
HI-MSBSHSE-7103.txt,MS-1159,कछुए,0,0,0,0,0,0,0,0,1
HI-MSBSHSE-7103.txt,MS-1160,को,0,0,0,0,0,0,0,0,1
HI-MSBSHSE-7103.txt,MS-1161,गुस्सा,0,0,0,0,0,0,0,0,1
HI-MSBSHSE-7103.txt,MS-1162,आ,0,0,0,0,0,0,0,0,1
HI-MSBSHSE-7103.txt,MS-1163,गया,1,1,1,1,1,1,6,1,0
HI-MSBSHSE-7103.txt,MS-1164,और,0,0,0,0,0,0,0,0,1
HI-MSBSHSE-7103.txt,MS-1165,पूछा,1,0,0,0,1,1,3,0,0
HI-MSBSHSE-7103.txt,MS-1166,कि,0,0,0,1,0,0,1,0,0
HI-MSBSHSE-7103.txt,MS-1167,वह,0,0,0,0,0,0,0,0,1
HI-MSBSHSE-7103.txt,MS-1168,उसकी,0,0,0,0,0,0,0,0,1
HI-MSBSHSE-7103.txt,MS-1169,पीठ,0,0,0,0,0,0,0,0,1
HI-MSBSHSE-7103.txt,MS-1170,पर,0,0,0,0,0,0,0,0,1
HI-MSBSHSE-7103.txt,MS-1171,चढ़कर,1,1,0,0,1,1,4,1,0
HI-MSBSHSE-7103.txt,MS-1172,क्यों,0,0,0,0,0,0,0,0,1
HI-MSBSHSE-7103.txt,MS-1173,तंग,0,0,0,0,0,0,0,0,1
HI-MSBSHSE-7103.txt,MS-1174,करता,0,0,0,0,0,0,0,0,1
HI-MSBSHSE-7103.txt,MS-1175,है,1,1,1,1,1,1,6,1,0
HI-MSBSHSE-7203.txt,MS-1001,होली,0,0,0,0,0,0,0,0,1
HI-MSBSHSE-7203.txt,MS-1002,का,0,0,0,0,0,0,0,0,1
HI-MSBSHSE-7203.txt,MS-1003,दिन,0,0,0,0,0,0,0,0,1
HI-MSBSHSE-7203.txt,MS-1004,आ,0,0,0,0,0,0,0,0,1
HI-MSBSHSE-7203.txt,MS-1005,गया,1,1,1,1,1,1,6,1,0
HI-MSBSHSE-7203.txt,MS-1006,बच्चे,1,0,0,0,0,0,1,0,0
HI-MSBSHSE-7203.txt,MS-1007,रंगों,0,0,0,0,0,0,0,0,1
HI-MSBSHSE-7203.txt,MS-1008,के,0,0,0,0,0,0,0,0,1
HI-MSBSHSE-7203.txt,MS-1009,साथ,1,1,0,1,1,1,5,1,0
HI-MSBSHSE-7203.txt,MS-1010,वृद्धाश्रम,0,0,0,0,0,0,0,0,1
HI-MSBSHSE-7203.txt,MS-1011,पहुँचे,1,1,1,1,1,1,6,1,0
HI-MSBSHSE-7203.txt,MS-1012,उन्होंने,0,0,0,0,0,0,0,0,1
HI-MSBSHSE-7203.txt,MS-1013,बुजुर्गों,0,0,0,0,0,0,0,0,1
HI-MSBSHSE-7203.txt,MS-1014,को,0,0,0,0,0,0,0,0,1
HI-MSBSHSE-7203.txt,MS-1015,नमस्कार,0,0,0,0,0,0,0,0,1
HI-MSBSHSE-7203.txt,MS-1016,किया,1,1,1,1,1,1,6,1,0
HI-MSBSHSE-7203.txt,MS-1017,और,0,0,0,0,0,0,0,0,1
HI-MSBSHSE-7203.txt,MS-1018,सबके,0,0,0,0,0,0,0,0,1
HI-MSBSHSE-7203.txt,MS-1019,हाथ,0,0,0,0,0,0,0,0,1
HI-MSBSHSE-7203.txt,MS-1020,में,1,1,0,1,1,1,5,1,0
HI-MSBSHSE-7203.txt,MS-1021,रंग,0,0,0,0,0,0,0,0,1
HI-MSBSHSE-7203.txt,MS-1022,की,0,0,0,0,0,0,0,0,1
HI-MSBSHSE-7203.txt,MS-1023,एक-एक,0,0,0,0,0,0,0,0,1
HI-MSBSHSE-7203.txt,MS-1024,थैली,0,1,0,0,0,0,1,0,0
HI-MSBSHSE-7203.txt,MS-1025,पकड़ा,0,0,0,0,0,0,0,0,1
HI-MSBSHSE-7203.txt,MS-1026,दी,1,1,1,1,1,1,6,1,0
HI-MSBSHSE-7203.txt,MS-1027,थैलियाँ,0,0,0,0,0,0,0,0,1
HI-MSBSHSE-7203.txt,MS-1028,हाथ,0,0,0,0,0,0,0,0,1
HI-MSBSHSE-7203.txt,MS-1029,में,0,0,0,0,0,0,0,0,1
HI-MSBSHSE-7203.txt,MS-1030,आते,0,0,0,0,0,0,0,0,1
HI-MSBSHSE-7203.txt,MS-1031,ही,1,1,1,1,1,1,6,1,0
HI-MSBSHSE-7203.txt,MS-1032,बुजुर्गों,0,0,0,0,0,0,0,0,1
HI-MSBSHSE-7203.txt,MS-1033,में,0,0,0,0,0,0,0,0,1
HI-MSBSHSE-7203.txt,MS-1034,जैसे,0,0,0,0,0,0,0,0,1
HI-MSBSHSE-7203.txt,MS-1035,एक,0,0,0,0,0,0,0,0,1
HI-MSBSHSE-7203.txt,MS-1036,नई,0,0,0,0,0,0,0,0,1
HI-MSBSHSE-7203.txt,MS-1037,स्फूर्ति,0,0,0,0,0,0,0,0,1
HI-MSBSHSE-7203.txt,MS-1038,आ,0,0,0,0,0,0,0,0,1
HI-MSBSHSE-7203.txt,MS-1039,गई,1,1,1,1,1,1,6,1,0
HI-MSBSHSE-7203.txt,MS-1040,वे,0,0,0,0,0,0,0,0,1
HI-MSBSHSE-7203.txt,MS-1041,इस,0,0,0,0,0,0,0,0,1
HI-MSBSHSE-7203.txt,MS-1042,मौके,0,0,0,0,0,0,0,0,1
HI-MSBSHSE-7203.txt,MS-1043,का,1,1,0,1,1,1,5,1,0
HI-MSBSHSE-7203.txt,MS-1044,कई,0,0,0,0,0,0,0,0,1
HI-MSBSHSE-7203.txt,MS-1045,दिनों,0,0,0,0,0,0,0,0,1
HI-MSBSHSE-7203.txt,MS-1046,से,0,0,0,0,0,0,0,0,1
HI-MSBSHSE-7203.txt,MS-1047,इंतजार,0,0,0,0,0,0,0,0,1
HI-MSBSHSE-7203.txt,MS-1048,कर,0,0,0,0,0,0,0,0,1
HI-MSBSHSE-7203.txt,MS-1049,रहे,0,0,0,0,0,0,0,0,1
HI-MSBSHSE-7203.txt,MS-1050,थे,1,1,1,1,1,1,6,1,0
HI-MSBSHSE-7203.txt,MS-1051,उन्होंने,1,0,0,0,1,1,3,0,0
HI-MSBSHSE-7203.txt,MS-1052,होली,0,0,0,0,0,0,0,0,1
HI-MSBSHSE-7203.txt,MS-1053,है,1,1,0,0,0,1,3,0,0
HI-MSBSHSE-7203.txt,MS-1054,का,0,0,0,0,0,0,0,0,1
HI-MSBSHSE-7203.txt,MS-1055,शोर,0,0,0,0,0,0,0,0,1
HI-MSBSHSE-7203.txt,MS-1056,मचाते,0,0,0,0,0,0,0,0,1
HI-MSBSHSE-7203.txt,MS-1057,हुए,1,1,1,1,1,1,6,1,0
HI-MSBSHSE-7203.txt,MS-1058,बच्चों,0,0,0,0,0,0,0,0,1
HI-MSBSHSE-7203.txt,MS-1059,पर,0,0,0,0,0,0,0,0,1
HI-MSBSHSE-7203.txt,MS-1060,रंगों,0,0,0,0,0,0,0,0,1
HI-MSBSHSE-7203.txt,MS-1061,की,0,0,0,0,0,0,0,0,1
HI-MSBSHSE-7203.txt,MS-1062,बरसात,0,0,0,0,0,0,0,0,1
HI-MSBSHSE-7203.txt,MS-1063,कर,0,0,0,0,0,0,0,0,1
HI-MSBSHSE-7203.txt,MS-1064,दी,1,1,1,1,1,1,6,1,0
HI-MSBSHSE-7203.txt,MS-1065,जाने,0,0,0,0,0,0,0,0,1
HI-MSBSHSE-7203.txt,MS-1066,कितने,0,0,0,0,0,0,0,0,1
HI-MSBSHSE-7203.txt,MS-1067,वर्षों,0,0,0,0,0,0,0,0,1
HI-MSBSHSE-7203.txt,MS-1068,बाद,0,1,1,1,1,1,5,1,0
HI-MSBSHSE-7203.txt,MS-1069,इस,0,0,0,0,0,0,0,0,1
HI-MSBSHSE-7203.txt,MS-1070,आश्रम,0,0,0,0,0,0,0,0,1
HI-MSBSHSE-7203.txt,MS-1071,में,1,0,0,1,0,0,2,0,0
HI-MSBSHSE-7203.txt,MS-1072,खुशी,0,0,0,0,0,0,0,0,1
HI-MSBSHSE-7203.txt,MS-1073,का,0,0,0,0,0,0,0,0,1
HI-MSBSHSE-7203.txt,MS-1074,माहौल,0,1,0,0,0,0,1,0,0
HI-MSBSHSE-7203.txt,MS-1075,देखने,0,0,0,0,0,0,0,0,1
HI-MSBSHSE-7203.txt,MS-1076,को,0,0,0,0,0,0,0,0,1
HI-MSBSHSE-7203.txt,MS-1077,मिला,1,1,1,1,1,1,6,1,0
HI-MSBSHSE-7203.txt,MS-1078,बुजुर्ग,0,1,0,0,0,0,1,0,0
HI-MSBSHSE-7203.txt,MS-1079,अपने,0,0,0,0,0,0,0,0,1
HI-MSBSHSE-7203.txt,MS-1080,सारे,0,0,0,0,0,0,0,0,1
HI-MSBSHSE-7203.txt,MS-1081,दुख,0,0,0,0,0,0,0,0,1
HI-MSBSHSE-7203.txt,MS-1082,भूल,0,0,0,0,0,0,0,0,1
HI-MSBSHSE-7203.txt,MS-1083,गए,1,1,1,1,1,1,6,1,0
HI-MSBSHSE-7203.txt,MS-1084,रंगों,0,0,0,0,0,0,0,0,1
HI-MSBSHSE-7203.txt,MS-1085,का,0,0,0,0,0,0,0,0,1
HI-MSBSHSE-7203.txt,MS-1086,यह,0,0,0,0,0,0,0,0,1
HI-MSBSHSE-7203.txt,MS-1087,खेल,1,1,0,1,1,1,5,1,0
HI-MSBSHSE-7203.txt,MS-1088,काफी,0,0,0,0,0,0,0,0,1
HI-MSBSHSE-7203.txt,MS-1089,देर,0,0,0,0,0,0,0,0,1
HI-MSBSHSE-7203.txt,MS-1090,तक,0,0,0,0,0,0,0,0,1
HI-MSBSHSE-7203.txt,MS-1091,चला,1,1,1,1,1,1,6,1,0
HI-MSBSHSE-7203.txt,MS-1092,जब,0,0,0,0,0,0,0,0,1
HI-MSBSHSE-7203.txt,MS-1093,सभी,0,0,0,0,0,0,0,0,1
HI-MSBSHSE-7203.txt,MS-1094,थक,0,0,0,0,0,0,0,0,1
HI-MSBSHSE-7203.txt,MS-1095,गए,1,1,1,1,1,1,6,1,0
HI-MSBSHSE-7203.txt,MS-1096,तो,0,0,0,0,0,0,0,0,1
HI-MSBSHSE-7203.txt,MS-1097,वृद्धाश्रम,0,0,0,0,0,0,0,0,1
HI-MSBSHSE-7203.txt,MS-1098,के,0,1,0,0,0,0,1,0,0
HI-MSBSHSE-7203.txt,MS-1099,छोटे-से,0,0,0,0,0,0,0,0,1
HI-MSBSHSE-7203.txt,MS-1100,पार्क,0,0,0,0,0,0,0,0,1
HI-MSBSHSE-7203.txt,MS-1101,में,0,1,0,0,0,0,1,0,0
HI-MSBSHSE-7203.txt,MS-1102,बैठकर,1,0,0,1,1,1,4,1,0
HI-MSBSHSE-7203.txt,MS-1103,सुस्ताने,0,0,0,0,0,0,0,0,1
HI-MSBSHSE-7203.txt,MS-1104,लगे,1,1,1,1,1,1,6,1,0
HI-MSBSHSE-7203.txt,MS-1105,इसके,0,0,0,0,0,0,0,0,1
HI-MSBSHSE-7203.txt,MS-1106,बाद,1,1,0,0,1,1,4,1,0
HI-MSBSHSE-7203.txt,MS-1107,सबने,0,0,0,0,0,0,0,0,1
HI-MSBSHSE-7203.txt,MS-1108,भोजन,0,0,0,0,0,0,0,0,1
HI-MSBSHSE-7203.txt,MS-1109,किया,1,1,1,1,1,1,6,1,0
HI-MSBSHSE-7203.txt,MS-1110,भोजन,0,0,0,0,0,0,0,0,1
HI-MSBSHSE-7203.txt,MS-1111,के,0,0,0,0,0,0,0,0,1
HI-MSBSHSE-7203.txt,MS-1112,बाद,1,1,0,1,1,1,5,1,0
HI-MSBSHSE-7203.txt,MS-1113,बुजुर्गों,0,0,0,0,0,0,0,0,1
HI-MSBSHSE-7203.txt,MS-1114,ने,1,0,1,0,1,0,3,0,0
HI-MSBSHSE-7203.txt,MS-1115,अपनी,0,0,0,0,0,0,0,0,1
HI-MSBSHSE-7203.txt,MS-1116,जिंदगी,0,0,0,0,0,0,0,0,1
HI-MSBSHSE-7203.txt,MS-1117,के,0,1,0,1,0,0,2,0,0
HI-MSBSHSE-7203.txt,MS-1118,हँसी-मजाक,0,0,0,0,0,0,0,0,1
HI-MSBSHSE-7203.txt,MS-1119,के,0,0,0,0,0,0,0,0,1
HI-MSBSHSE-7203.txt,MS-1120,किस्से,0,1,0,0,0,0,1,0,0
HI-MSBSHSE-7203.txt,MS-1121,सुनाकर,1,0,1,1,1,1,5,1,0
HI-MSBSHSE-7203.txt,MS-1122,बच्चों,0,0,0,0,0,0,0,0,1
HI-MSBSHSE-7203.txt,MS-1123,का,0,1,0,0,0,0,1,0,0
HI-MSBSHSE-7203.txt,MS-1124,खूब,0,0,0,0,0,0,0,0,1
HI-MSBSHSE-7203.txt,MS-1125,मनोरंजन,0,0,0,0,0,0,0,0,1
HI-MSBSHSE-7203.txt,MS-1126,किया,1,1,1,1,1,1,6,1,0
HI-MSBSHSE-7203.txt,MS-1127,उन्होंने,0,0,0,0,0,0,0,0,1
HI-MSBSHSE-7203.txt,MS-1128,कहा,1,0,0,0,1,1,3,0,0
HI-MSBSHSE-7203.txt,MS-1129,कि,0,1,1,1,0,0,3,0,0
HI-MSBSHSE-7203.txt,MS-1130,यह,0,0,0,0,0,0,0,0,1
HI-MSBSHSE-7203.txt,MS-1131,होली,1,0,0,0,1,0,2,0,0
HI-MSBSHSE-7203.txt,MS-1132,उन्हें,0,1,0,0,0,0,1,0,0
HI-MSBSHSE-7203.txt,MS-1133,सदा,0,0,0,0,0,0,0,0,1
HI-MSBSHSE-7203.txt,MS-1134,याद,0,0,0,0,0,0,0,0,1
HI-MSBSHSE-7203.txt,MS-1135,रहेगी,1,1,1,1,1,1,6,1,0
HI-MSBSHSE-7203.txt,MS-1136,बच्चों,0,0,0,0,0,0,0,0,1
HI-MSBSHSE-7203.txt,MS-1137,ने,0,0,0,0,0,0,0,0,1
HI-MSBSHSE-7203.txt,MS-1138,भी,0,1,0,0,1,0,2,0,0
HI-MSBSHSE-7203.txt,MS-1139,बुजुर्गों,0,0,0,0,0,0,0,0,1
HI-MSBSHSE-7203.txt,MS-1140,को,0,0,0,0,0,0,0,0,1
HI-MSBSHSE-7203.txt,MS-1141,गीत,1,1,1,0,1,1,5,1,0
HI-MSBSHSE-7203.txt,MS-1142,कविताएँ,0,0,0,0,0,0,0,0,1
HI-MSBSHSE-7203.txt,MS-1143,सुनाकर,1,1,1,1,1,1,6,1,0
HI-MSBSHSE-7203.txt,MS-1144,और,0,0,0,0,0,0,0,0,1
HI-MSBSHSE-7203.txt,MS-1145,नृत्य-गान,0,1,0,0,0,0,1,0,0
HI-MSBSHSE-7203.txt,MS-1146,प्रस्तुत,0,0,0,0,0,0,0,0,1
HI-MSBSHSE-7203.txt,MS-1147,करके,1,0,0,0,0,1,2,0,0
HI-MSBSHSE-7203.txt,MS-1148,आनंदित,0,0,0,0,0,0,0,0,1
HI-MSBSHSE-7203.txt,MS-1149,किया,1,1,1,1,1,1,6,1,0
HI-MSBSHSE-7203.txt,MS-1150,आज,0,1,0,0,0,0,1,0,0
HI-MSBSHSE-7203.txt,MS-1151,वृद्धाश्रम,0,0,0,0,0,0,0,0,1
HI-MSBSHSE-7203.txt,MS-1152,का,0,0,0,0,0,0,0,0,1
HI-MSBSHSE-7203.txt,MS-1153,माहौल,0,0,0,0,0,0,0,0,1
HI-MSBSHSE-7203.txt,MS-1154,ऐसा,0,0,0,0,0,0,0,0,1
HI-MSBSHSE-7203.txt,MS-1155,था,1,1,1,1,1,1,6,1,0
HI-MSBSHSE-7203.txt,MS-1156,जैसा,0,0,0,0,0,0,0,0,1
HI-MSBSHSE-7203.txt,MS-1157,पहले,0,0,0,0,0,0,0,0,1
HI-MSBSHSE-7203.txt,MS-1158,कभी,0,0,0,0,0,0,0,0,1
HI-MSBSHSE-7203.txt,MS-1159,नहीं,0,0,0,0,0,0,0,0,1
HI-MSBSHSE-7203.txt,MS-1160,देखा,0,0,0,0,0,0,0,0,1
HI-MSBSHSE-7203.txt,MS-1161,गया,0,0,0,0,0,0,0,0,1
HI-MSBSHSE-7203.txt,MS-1162,था,1,1,1,1,1,1,6,1,0
HI-MSBSHSE-7203.txt,MS-1163,बचपन,0,0,0,0,0,0,0,0,1
HI-MSBSHSE-7203.txt,MS-1164,और,0,0,0,0,0,0,0,0,1
HI-MSBSHSE-7203.txt,MS-1165,बुढ़ापा,1,1,0,1,1,1,5,1,0
HI-MSBSHSE-7203.txt,MS-1166,एक,0,0,0,0,0,0,0,0,1
HI-MSBSHSE-7203.txt,MS-1167,मंच,0,0,0,0,0,0,0,0,1
HI-MSBSHSE-7203.txt,MS-1168,पर,0,0,0,0,0,0,0,0,1
HI-MSBSHSE-7203.txt,MS-1169,बैठकर,1,0,0,1,1,1,4,1,0
HI-MSBSHSE-7203.txt,MS-1170,मस्ती,0,0,0,0,0,0,0,0,1
HI-MSBSHSE-7203.txt,MS-1171,कर,0,0,0,0,0,0,0,0,1
HI-MSBSHSE-7203.txt,MS-1172,रहे,0,0,0,0,0,0,0,0,1
HI-MSBSHSE-7203.txt,MS-1173,थे,1,1,1,1,1,1,6,1,0
HI-RBSE-706.txt,RB-1001,जब,0,0,0,0,0,0,0,0,1
HI-RBSE-706.txt,RB-1002,कोई,0,0,0,0,0,0,0,0,1
HI-RBSE-706.txt,RB-1003,युवा,0,0,0,0,0,0,0,0,1
HI-RBSE-706.txt,RB-1004,पुरुष,1,1,1,1,1,1,6,1,0
HI-RBSE-706.txt,RB-1005,अपने,0,0,0,0,0,0,0,0,1
HI-RBSE-706.txt,RB-1006,घर,0,0,0,0,0,0,0,0,1
HI-RBSE-706.txt,RB-1007,से,0,0,0,0,0,0,0,0,1
HI-RBSE-706.txt,RB-1008,बाहर,0,0,0,0,0,0,0,0,1
HI-RBSE-706.txt,RB-1009,निकलकर,1,1,1,1,1,1,6,1,0
HI-RBSE-706.txt,RB-1010,बाहरी,0,0,0,0,0,0,0,0,1
HI-RBSE-706.txt,RB-1011,संसार,0,0,0,0,0,0,0,0,1
HI-RBSE-706.txt,RB-1012,में,1,1,0,0,0,1,3,0,0
HI-RBSE-706.txt,RB-1013,अपनी,0,0,0,0,0,0,0,0,1
HI-RBSE-706.txt,RB-1014,स्थिति,0,0,0,0,0,0,0,0,1
HI-RBSE-706.txt,RB-1015,जमाता,0,0,0,0,0,0,0,0,1
HI-RBSE-706.txt,RB-1016,है,1,1,1,1,1,1,6,1,0
HI-RBSE-706.txt,RB-1017,तब,0,0,0,0,0,0,0,0,1
HI-RBSE-706.txt,RB-1018,पहली,0,0,0,0,0,0,0,0,1
HI-RBSE-706.txt,RB-1019,कठिनता,0,0,0,0,1,1,2,0,0
HI-RBSE-706.txt,RB-1020,उसे,1,1,0,0,0,0,2,0,0
HI-RBSE-706.txt,RB-1021,मित्र,0,0,0,0,0,0,0,0,1
HI-RBSE-706.txt,RB-1022,चुनने,0,0,0,0,0,0,0,0,1
HI-RBSE-706.txt,RB-1023,में,0,0,0,0,0,0,0,0,1
HI-RBSE-706.txt,RB-1024,आती,0,0,0,0,0,0,0,0,1
HI-RBSE-706.txt,RB-1025,है,1,1,1,1,1,1,6,1,0
HI-RBSE-706.txt,RB-1026,यदि,0,0,0,0,0,0,0,0,1
HI-RBSE-706.txt,RB-1027,उसकी,0,0,0,0,0,0,0,0,1
HI-RBSE-706.txt,RB-1028,स्थिति,1,1,0,1,0,1,4,1,0
HI-RBSE-706.txt,RB-1029,बिल्कुल,0,0,0,0,0,0,0,0,1
HI-RBSE-706.txt,RB-1030,एकांत,0,0,1,0,1,1,3,0,0
HI-RBSE-706.txt,RB-1031,और,0,0,0,0,0,0,0,0,1
HI-RBSE-706.txt,RB-1032,निराली,0,0,0,0,0,0,0,0,1
HI-RBSE-706.txt,RB-1033,नहीं,0,0,0,0,0,0,0,0,1
HI-RBSE-706.txt,RB-1034,रहती,1,1,1,1,1,1,6,1,0
HI-RBSE-706.txt,RB-1035,तो,0,0,0,0,0,0,0,0,1
HI-RBSE-706.txt,RB-1036,उसकी,0,0,0,0,0,0,0,0,1
HI-RBSE-706.txt,RB-1037,जान-पहचान,0,0,0,0,0,0,0,0,1
HI-RBSE-706.txt,RB-1038,के,0,0,0,0,0,0,0,0,1
HI-RBSE-706.txt,RB-1039,लोग,1,1,0,1,1,1,5,1,0
HI-RBSE-706.txt,RB-1040,धड़ाधड़,0,0,0,0,0,0,0,0,1
HI-RBSE-706.txt,RB-1041,बढ़ते,0,0,0,0,0,0,0,0,1
HI-RBSE-706.txt,RB-1042,जाते,0,0,0,0,0,0,0,0,1
HI-RBSE-706.txt,RB-1043,हैं,1,1,1,1,1,1,6,1,0
HI-RBSE-706.txt,RB-1044,और,0,0,0,0,0,0,0,0,1
HI-RBSE-706.txt,RB-1045,थोड़े,0,0,0,0,0,0,0,0,1
HI-RBSE-706.txt,RB-1046,ही,0,0,0,0,0,0,0,0,1
HI-RBSE-706.txt,RB-1047,दिनों,0,0,0,0,0,0,0,0,1
HI-RBSE-706.txt,RB-1048,में,1,1,0,1,1,1,5,1,0
HI-RBSE-706.txt,RB-1049,कुछ,0,0,0,0,0,0,0,0,1
HI-RBSE-706.txt,RB-1050,लोगों,0,0,0,0,0,0,0,0,1
HI-RBSE-706.txt,RB-1051,से,0,1,0,0,0,0,1,0,0
HI-RBSE-706.txt,RB-1052,उसका,1,0,0,0,0,1,2,0,0
HI-RBSE-706.txt,RB-1053,हेल-मेल,0,0,0,0,0,0,0,0,1
HI-RBSE-706.txt,RB-1054,हो,0,0,0,0,0,0,0,0,1
HI-RBSE-706.txt,RB-1055,जाता,0,0,0,0,0,0,0,0,1
HI-RBSE-706.txt,RB-1056,है,1,1,1,1,1,1,6,1,0
HI-RBSE-706.txt,RB-1057,यह,0,0,0,0,0,0,0,0,1
HI-RBSE-706.txt,RB-1058,हेल-मेल,1,1,0,1,1,0,4,1,0
HI-RBSE-706.txt,RB-1059,बढ़ते-बढ़ते,1,0,1,1,1,1,5,1,0
HI-RBSE-706.txt,RB-1060,मित्रता,0,0,0,0,0,0,0,0,1
HI-RBSE-706.txt,RB-1061,के,0,0,0,0,0,0,0,0,1
HI-RBSE-706.txt,RB-1062,रूप,0,0,0,0,0,0,0,0,1
HI-RBSE-706.txt,RB-1063,में,1,1,0,0,0,1,3,0,0
HI-RBSE-706.txt,RB-1064,परिणत,0,0,0,0,0,0,0,0,1
HI-RBSE-706.txt,RB-1065,हो,0,0,0,0,0,0,0,0,1
HI-RBSE-706.txt,RB-1066,जाता,0,0,0,0,0,0,0,0,1
HI-RBSE-706.txt,RB-1067,है,1,1,1,1,1,1,6,1,0
HI-RBSE-706.txt,RB-1068,मित्रों,0,0,0,0,0,0,0,0,1
HI-RBSE-706.txt,RB-1069,के,0,0,0,0,0,0,0,0,1
HI-RBSE-706.txt,RB-1070,चुनाव,0,1,0,0,0,0,1,0,0
HI-RBSE-706.txt,RB-1071,की,0,0,0,0,0,0,0,0,1
HI-RBSE-706.txt,RB-1072,उपयुक्तता,0,0,0,0,0,0,0,0,1
HI-RBSE-706.txt,RB-1073,पर,1,1,1,1,1,1,6,1,0
HI-RBSE-706.txt,RB-1074,उसके,0,0,0,0,0,0,0,0,1
HI-RBSE-706.txt,RB-1075,जीवन,0,0,0,0,0,0,0,0,1
HI-RBSE-706.txt,RB-1076,की,0,0,0,0,0,0,0,0,1
HI-RBSE-706.txt,RB-1077,सफलता,0,0,0,0,0,1,1,0,0
HI-RBSE-706.txt,RB-1078,निर्भर,0,0,0,0,0,0,0,0,1
HI-RBSE-706.txt,RB-1079,हो,0,0,0,0,0,0,0,0,1
HI-RBSE-706.txt,RB-1080,जाती,0,0,0,0,0,0,0,0,1
HI-RBSE-706.txt,RB-1081,है,1,1,1,1,1,1,6,1,0
HI-RBSE-706.txt,RB-1082,क्योंकि,0,0,0,0,0,0,0,0,1
HI-RBSE-706.txt,RB-1083,संगति,0,0,0,0,0,0,0,0,1
HI-RBSE-706.txt,RB-1084,का,0,0,0,0,0,0,0,0,1
HI-RBSE-706.txt,RB-1085,गुप्त,0,0,0,0,0,0,0,0,1
HI-RBSE-706.txt,RB-1086,प्रभाव,1,1,1,1,1,1,6,1,0
HI-RBSE-706.txt,RB-1087,हमारे,0,0,0,0,0,0,0,0,1
HI-RBSE-706.txt,RB-1088,आचरण,0,0,0,0,0,0,0,0,1
HI-RBSE-706.txt,RB-1089,पर,0,0,0,0,0,0,0,0,1
HI-RBSE-706.txt,RB-1090,पड़ता,0,0,0,0,0,0,0,0,1
HI-RBSE-706.txt,RB-1091,है,1,1,1,1,1,1,6,1,0
HI-RBSE-706.txt,RB-1092,हम,0,0,0,0,0,0,0,0,1
HI-RBSE-706.txt,RB-1093,लोग,1,1,0,0,0,0,2,0,0
HI-RBSE-706.txt,RB-1094,ऐसे,0,0,0,0,0,0,0,0,1
HI-RBSE-706.txt,RB-1095,समय,0,0,0,0,0,1,1,0,0
HI-RBSE-706.txt,RB-1096,में,1,0,1,0,1,0,3,0,0
HI-RBSE-706.txt,RB-1097,समाज,0,0,0,0,0,0,0,0,1
HI-RBSE-706.txt,RB-1098,में,0,0,0,0,0,0,0,0,1
HI-RBSE-706.txt,RB-1099,प्रवेश,0,0,0,0,0,0,0,0,1
HI-RBSE-706.txt,RB-1100,करके,1,1,0,1,0,1,4,1,0
HI-RBSE-706.txt,RB-1101,अपना,0,0,0,0,0,0,0,0,1
HI-RBSE-706.txt,RB-1102,कार्य,0,0,0,0,0,0,0,0,1
HI-RBSE-706.txt,RB-1103,आरंभ,0,0,0,0,0,0,0,0,1
HI-RBSE-706.txt,RB-1104,करते,0,0,0,0,0,0,0,0,1
HI-RBSE-706.txt,RB-1105,हैं,1,1,1,1,1,1,6,1,0
HI-RBSE-706.txt,RB-1106,जबकि,0,0,0,0,0,0,0,0,1
HI-RBSE-706.txt,RB-1107,हमारा,0,0,0,0,0,0,0,0,1
HI-RBSE-706.txt,RB-1108,चित्त,1,1,0,1,0,0,3,0,0
HI-RBSE-706.txt,RB-1109,कोमल,1,0,1,0,1,1,4,1,0
HI-RBSE-706.txt,RB-1110,और,0,1,0,0,0,0,1,0,0
HI-RBSE-706.txt,RB-1111,हर,0,0,0,0,0,0,0,0,1
HI-RBSE-706.txt,RB-1112,तरह,0,0,0,0,0,0,0,0,1
HI-RBSE-706.txt,RB-1113,का,0,0,0,0,0,0,0,0,1
HI-RBSE-706.txt,RB-1114,संस्कार,0,1,0,0,0,0,1,0,0
HI-RBSE-706.txt,RB-1115,करने,0,0,0,0,0,1,1,0,0
HI-RBSE-706.txt,RB-1116,योग्य,0,0,0,0,0,0,0,0,1
HI-RBSE-706.txt,RB-1117,रहता,0,0,0,0,0,0,0,0,1
HI-RBSE-706.txt,RB-1118,है,1,1,1,1,1,1,6,1,0
HI-RBSE-706.txt,RB-1119,हमारे,0,0,0,0,0,0,0,0,1
HI-RBSE-706.txt,RB-1120,भाव,1,1,0,0,0,1,3,0,0
HI-RBSE-706.txt,RB-1121,अपरिमार्जित,1,1,1,1,1,1,6,1,0
HI-RBSE-706.txt,RB-1122,और,0,0,0,0,0,0,0,0,1
HI-RBSE-706.txt,RB-1123,हमारी,0,0,0,0,0,0,0,0,1
HI-RBSE-706.txt,RB-1124,प्रवृत्ति,1,1,0,0,1,1,4,1,0
HI-RBSE-706.txt,RB-1125,अपरिपक्व,0,0,0,0,0,1,1,0,0
HI-RBSE-706.txt,RB-1126,रहती,0,0,0,0,0,0,0,0,1
HI-RBSE-706.txt,RB-1127,है,1,1,1,1,1,1,6,1,0
HI-RBSE-706.txt,RB-1128,हम,0,0,0,0,0,0,0,0,1
HI-RBSE-706.txt,RB-1129,लोग,1,1,0,0,1,1,4,1,0
HI-RBSE-706.txt,RB-1130,कच्ची-मिट्टी,0,0,0,0,0,0,0,0,1
HI-RBSE-706.txt,RB-1131,की,0,0,0,0,0,0,0,0,1
HI-RBSE-706.txt,RB-1132,मूर्ति,0,1,0,0,0,0,1,0,0
HI-RBSE-706.txt,RB-1133,के,0,0,0,0,0,0,0,0,1
HI-RBSE-706.txt,RB-1134,समान,0,0,0,0,0,0,0,0,1
HI-RBSE-706.txt,RB-1135,रहते,0,0,0,0,0,0,0,0,1
HI-RBSE-706.txt,RB-1136,हैं,1,1,1,1,1,1,6,1,0
HI-RBSE-706.txt,RB-1137,जिसे,0,0,0,0,0,0,0,0,1
HI-RBSE-706.txt,RB-1138,जो,0,0,0,0,0,0,0,0,1
HI-RBSE-706.txt,RB-1139,जिस,0,0,0,0,0,0,0,0,1
HI-RBSE-706.txt,RB-1140,रूप,0,0,0,0,0,0,0,0,1
HI-RBSE-706.txt,RB-1141,में,0,0,0,0,0,0,0,0,1
HI-RBSE-706.txt,RB-1142,चाहे,1,1,0,1,1,1,5,1,0
HI-RBSE-706.txt,RB-1143,उस,0,0,0,0,0,0,0,0,1
HI-RBSE-706.txt,RB-1144,रूप,0,0,0,0,0,0,0,0,1
HI-RBSE-706.txt,RB-1145,में,0,0,0,0,0,0,0,0,1
HI-RBSE-706.txt,RB-1146,ढाले,1,1,1,1,1,1,6,1,0
HI-RBSE-706.txt,RB-1147,चाहे,0,0,0,0,0,0,0,0,1
HI-RBSE-706.txt,RB-1148,राक्षस,0,0,0,0,0,0,0,0,1
HI-RBSE-706.txt,RB-1149,बनाए,1,1,1,1,1,1,6,1,0
HI-RBSE-706.txt,RB-1150,चाहे,0,0,0,0,0,0,0,0,1
HI-RBSE-706.txt,RB-1151,देवता,1,1,1,1,1,1,6,1,0
HI-RBSE-706.txt,RB-1152,ऐसे,0,0,0,0,0,0,0,0,1
HI-RBSE-706.txt,RB-1153,लोगों,0,0,0,0,0,0,0,0,1
HI-RBSE-706.txt,RB-1154,के,0,0,0,0,0,0,0,0,1
HI-RBSE-706.txt,RB-1155,साथ,0,0,0,0,0,0,0,0,1
HI-RBSE-706.txt,RB-1156,रहना,0,1,1,1,1,1,5,1,0
HI-RBSE-706.txt,RB-1157,हमारे,0,0,0,0,0,0,0,0,1
HI-RBSE-706.txt,RB-1158,लिए,0,0,0,0,0,0,0,0,1
HI-RBSE-706.txt,RB-1159,बुरा,0,0,0,0,0,0,0,0,1
HI-RBSE-706.txt,RB-1160,है,1,1,1,1,1,1,6,1,0
HI-RBSE-706.txt,RB-1161,जो,0,0,0,0,0,0,0,0,1
HI-RBSE-706.txt,RB-1162,हमसे,0,0,0,0,0,0,0,0,1
HI-RBSE-706.txt,RB-1163,अधिक,0,1,0,0,0,0,1,0,0
HI-RBSE-706.txt,RB-1164,दृढ,0,0,0,0,0,0,0,0,1
HI-RBSE-706.txt,RB-1165,संकल्प,0,0,0,0,0,0,0,0,1
HI-RBSE-706.txt,RB-1166,के,0,0,0,0,0,0,0,0,1
HI-RBSE-706.txt,RB-1167,हैं,1,1,1,1,1,1,6,1,0
HI-RBSE-706.txt,RB-1168,क्योंकि,0,0,0,0,1,0,1,0,0
HI-RBSE-706.txt,RB-1169,हमें,0,0,0,0,0,0,0,0,1
HI-RBSE-706.txt,RB-1170,उनकी,0,0,0,0,0,0,0,0,1
HI-RBSE-706.txt,RB-1171,हर,0,0,0,0,0,0,0,0,1
HI-RBSE-706.txt,RB-1172,बात,1,1,0,1,1,1,5,1,0
HI-RBSE-706.txt,RB-1173,बिना,0,0,0,0,0,0,0,0,1
HI-RBSE-706.txt,RB-1174,विरोध,0,0,0,0,0,0,0,0,1
HI-RBSE-706.txt,RB-1175,के,0,0,0,0,0,0,0,0,1
HI-RBSE-706.txt,RB-1176,मान,0,0,0,0,0,0,0,0,1
HI-RBSE-706.txt,RB-1177,लेनी,0,0,0,0,0,0,0,0,1
HI-RBSE-706.txt,RB-1178,पड़ती,0,0,0,0,0,0,0,0,1
HI-RBSE-706.txt,RB-1179,है,1,1,1,1,1,1,6,1,0
