StoryID,Token ID,Masked_Word,A1,A2,A3,A4,A5,A6,GT,GT_isboundary,GT_boundary_forbidden
HI-MSBSHSE-7205.txt,MS-1001,एक,0,0,0,0,0,0,0,0,1
HI-MSBSHSE-7205.txt,MS-1002,दिन,1,0,1,1,1,1,5,1,0
HI-MSBSHSE-7205.txt,MS-1003,राजा,0,0,0,0,0,0,0,0,1
HI-MSBSHSE-7205.txt,MS-1004,कृष्णदेव,0,0,1,0,0,0,1,0,0
HI-MSBSHSE-7205.txt,MS-1005,राय,1,1,0,1,1,1,5,1,0
HI-MSBSHSE-7205.txt,MS-1006,दरबार,0,0,0,0,0,0,0,0,1
HI-MSBSHSE-7205.txt,MS-1007,में,0,0,0,0,0,0,0,0,1
HI-MSBSHSE-7205.txt,MS-1008,बैठे,0,0,0,0,0,0,0,0,1
HI-MSBSHSE-7205.txt,MS-1009,दरबारियों,0,0,0,0,0,0,0,0,1
HI-MSBSHSE-7205.txt,MS-1010,से,1,1,1,1,1,1,6,1,0
HI-MSBSHSE-7205.txt,MS-1011,किसी,0,0,0,0,0,0,0,0,1
HI-MSBSHSE-7205.txt,MS-1012,गंभीर,0,0,0,0,0,0,0,0,1
HI-MSBSHSE-7205.txt,MS-1013,विषय,0,0,0,0,0,0,0,0,1
HI-MSBSHSE-7205.txt,MS-1014,पर,0,1,1,1,0,1,4,1,0
HI-MSBSHSE-7205.txt,MS-1015,बातचीत,0,0,0,0,0,0,0,0,1
HI-MSBSHSE-7205.txt,MS-1016,कर,0,0,0,0,0,0,0,0,1
HI-MSBSHSE-7205.txt,MS-1017,रहे,0,0,0,0,0,0,0,0,1
HI-MSBSHSE-7205.txt,MS-1018,थे,1,1,1,1,1,1,6,1,0
HI-MSBSHSE-7205.txt,MS-1019,तभी,1,0,0,0,0,0,1,0,0
HI-MSBSHSE-7205.txt,MS-1020,बाहर,0,0,0,0,0,0,0,0,1
HI-MSBSHSE-7205.txt,MS-1021,से,0,1,1,1,0,1,4,1,0
HI-MSBSHSE-7205.txt,MS-1022,किसी,0,0,0,0,0,0,0,0,1
HI-MSBSHSE-7205.txt,MS-1023,की,0,0,0,0,0,0,0,0,1
HI-MSBSHSE-7205.txt,MS-1024,आवाज,0,0,0,0,0,0,0,0,1
HI-MSBSHSE-7205.txt,MS-1025,सुनाई,0,0,0,0,0,0,0,0,1
HI-MSBSHSE-7205.txt,MS-1026,दी,1,1,1,1,1,1,6,1,0
HI-MSBSHSE-7205.txt,MS-1027,जो,0,0,0,0,0,0,0,0,1
HI-MSBSHSE-7205.txt,MS-1028,महाराज,0,0,0,0,0,0,0,0,1
HI-MSBSHSE-7205.txt,MS-1029,से,1,1,1,1,0,1,5,1,0
HI-MSBSHSE-7205.txt,MS-1030,न्याय,0,0,0,0,0,0,0,0,1
HI-MSBSHSE-7205.txt,MS-1031,की,0,0,0,0,0,0,0,0,1
HI-MSBSHSE-7205.txt,MS-1032,गुहार,0,0,0,0,0,0,0,0,1
HI-MSBSHSE-7205.txt,MS-1033,लगा,0,0,0,0,0,0,0,0,1
HI-MSBSHSE-7205.txt,MS-1034,रहा,0,0,0,0,0,0,0,0,1
HI-MSBSHSE-7205.txt,MS-1035,था,1,1,1,1,1,1,6,1,0
HI-MSBSHSE-7205.txt,MS-1036,तीन,0,0,0,0,0,0,0,0,1
HI-MSBSHSE-7205.txt,MS-1037,लोग,1,0,1,1,1,0,4,1,0
HI-MSBSHSE-7205.txt,MS-1038,आपस,0,0,0,0,0,0,0,0,1
HI-MSBSHSE-7205.txt,MS-1039,में,0,1,0,0,0,1,2,0,0
HI-MSBSHSE-7205.txt,MS-1040,लड़ते-झगड़ते,1,0,1,1,1,0,4,1,0
HI-MSBSHSE-7205.txt,MS-1041,दरबार,0,0,0,0,0,0,0,0,1
HI-MSBSHSE-7205.txt,MS-1042,में,0,0,0,0,0,0,0,0,1
HI-MSBSHSE-7205.txt,MS-1043,पहुँचे,1,1,1,1,1,1,6,1,0
HI-MSBSHSE-7205.txt,MS-1044,उनमें,1,0,1,0,0,0,2,0,0
HI-MSBSHSE-7205.txt,MS-1045,शहर,0,0,0,0,0,0,0,0,1
HI-MSBSHSE-7205.txt,MS-1046,का,0,0,0,0,0,0,0,0,1
HI-MSBSHSE-7205.txt,MS-1047,प्रसिद्ध,0,0,0,0,0,0,0,0,1
HI-MSBSHSE-7205.txt,MS-1048,हलवाई,0,1,0,1,0,1,3,0,0
HI-MSBSHSE-7205.txt,MS-1049,बालचंद्रन,0,0,0,0,0,0,0,0,1
HI-MSBSHSE-7205.txt,MS-1050,था,1,0,1,1,1,1,5,1,0
HI-MSBSHSE-7205.txt,MS-1051,और,0,1,0,0,0,0,1,0,0
HI-MSBSHSE-7205.txt,MS-1052,बाकी,0,0,0,0,0,0,0,0,1
HI-MSBSHSE-7205.txt,MS-1053,दो,0,0,0,1,0,0,1,0,0
HI-MSBSHSE-7205.txt,MS-1054,अजनबी,0,0,0,0,0,0,0,0,1
HI-MSBSHSE-7205.txt,MS-1055,थे,1,1,1,1,1,1,6,1,0
HI-MSBSHSE-7205.txt,MS-1056,बालचंद्रन,1,1,1,0,1,0,4,1,0
HI-MSBSHSE-7205.txt,MS-1057,महाराज,0,0,0,0,0,0,0,0,1
HI-MSBSHSE-7205.txt,MS-1058,के,0,0,0,0,0,0,0,0,1
HI-MSBSHSE-7205.txt,MS-1059,पैरों,0,0,0,0,0,0,0,0,1
HI-MSBSHSE-7205.txt,MS-1060,पर,0,0,0,0,0,0,0,0,1
HI-MSBSHSE-7205.txt,MS-1061,गिरकर,0,1,1,1,0,1,4,1,0
HI-MSBSHSE-7205.txt,MS-1062,विनती,0,0,0,0,0,0,0,0,1
HI-MSBSHSE-7205.txt,MS-1063,करने,0,0,0,0,0,0,0,0,1
HI-MSBSHSE-7205.txt,MS-1064,लगा,1,0,0,0,1,1,3,0,0
HI-MSBSHSE-7205.txt,MS-1065,कि,0,1,1,1,0,0,3,0,0
HI-MSBSHSE-7205.txt,MS-1066,महाराज,0,0,0,0,0,0,0,0,1
HI-MSBSHSE-7205.txt,MS-1067,उसे,0,0,0,1,0,1,2,0,0
HI-MSBSHSE-7205.txt,MS-1068,इन,0,0,0,0,0,0,0,0,1
HI-MSBSHSE-7205.txt,MS-1069,दो,0,0,0,0,0,0,0,0,1
HI-MSBSHSE-7205.txt,MS-1070,ठगों,0,0,0,0,0,0,0,0,1
HI-MSBSHSE-7205.txt,MS-1071,से,0,0,0,0,0,0,0,0,1
HI-MSBSHSE-7205.txt,MS-1072,बचाएँ,1,1,1,1,1,1,6,1,0
HI-MSBSHSE-7205.txt,MS-1073,क्योंकि,0,0,0,0,0,0,0,0,1
HI-MSBSHSE-7205.txt,MS-1074,वे,1,0,0,0,0,0,1,0,0
HI-MSBSHSE-7205.txt,MS-1075,उसकी,0,0,0,0,0,0,0,0,1
HI-MSBSHSE-7205.txt,MS-1076,सिक्कों,0,0,0,0,0,0,0,0,1
HI-MSBSHSE-7205.txt,MS-1077,की,0,0,0,0,0,0,0,0,1
HI-MSBSHSE-7205.txt,MS-1078,थैली,0,1,1,1,0,1,4,1,0
HI-MSBSHSE-7205.txt,MS-1079,लूटना,0,0,0,0,0,0,0,0,1
HI-MSBSHSE-7205.txt,MS-1080,चाहते,0,0,0,0,0,0,0,0,1
HI-MSBSHSE-7205.txt,MS-1081,हैं,1,1,1,1,1,1,6,1,0
HI-MSBSHSE-7205.txt,MS-1082,और,0,0,0,0,0,0,0,0,1
HI-MSBSHSE-7205.txt,MS-1083,उसे,0,0,0,0,0,0,0,0,1
HI-MSBSHSE-7205.txt,MS-1084,निर्दयता,0,0,0,0,0,0,0,0,1
HI-MSBSHSE-7205.txt,MS-1085,से,0,1,0,0,0,0,1,0,0
HI-MSBSHSE-7205.txt,MS-1086,पीटा,0,0,0,0,0,0,0,0,1
HI-MSBSHSE-7205.txt,MS-1087,भी,0,0,0,0,0,0,0,0,1
HI-MSBSHSE-7205.txt,MS-1088,है,1,1,1,1,1,1,6,1,0
HI-MSBSHSE-7205.txt,MS-1089,इस,0,0,0,0,0,0,0,0,1
HI-MSBSHSE-7205.txt,MS-1090,पर,1,0,0,1,1,0,3,0,0
HI-MSBSHSE-7205.txt,MS-1091,उन,0,0,0,0,0,0,0,0,1
HI-MSBSHSE-7205.txt,MS-1092,दोनों,0,0,0,0,0,0,0,0,1
HI-MSBSHSE-7205.txt,MS-1093,ने,0,1,1,1,0,1,4,1,0
HI-MSBSHSE-7205.txt,MS-1094,अपना,0,0,0,0,0,0,0,0,1
HI-MSBSHSE-7205.txt,MS-1095,बचाव,0,0,0,0,0,0,0,0,1
HI-MSBSHSE-7205.txt,MS-1096,करते,0,0,0,0,0,0,0,0,1
HI-MSBSHSE-7205.txt,MS-1097,हुए,0,0,0,0,0,0,0,0,1
HI-MSBSHSE-7205.txt,MS-1098,कहा,1,0,0,0,1,1,3,0,0
HI-MSBSHSE-7205.txt,MS-1099,कि,0,1,1,1,0,0,3,0,0
HI-MSBSHSE-7205.txt,MS-1100,बालचंद्रन,0,0,0,0,0,0,0,0,1
HI-MSBSHSE-7205.txt,MS-1101,उनकी,0,0,0,0,0,0,0,0,1
HI-MSBSHSE-7205.txt,MS-1102,थैली,0,0,0,1,0,1,2,0,0
HI-MSBSHSE-7205.txt,MS-1103,वापस,0,0,0,0,0,0,0,0,1
HI-MSBSHSE-7205.txt,MS-1104,नहीं,0,0,0,0,0,0,0,0,1
HI-MSBSHSE-7205.txt,MS-1105,कर,0,0,0,0,0,0,0,0,1
HI-MSBSHSE-7205.txt,MS-1106,रहा,0,0,0,0,0,0,0,0,1
HI-MSBSHSE-7205.txt,MS-1107,है,1,1,1,1,1,1,6,1,0
HI-MSBSHSE-7205.txt,MS-1108,बल्कि,0,0,0,0,0,1,1,0,0
HI-MSBSHSE-7205.txt,MS-1109,उसने,0,0,0,0,0,0,0,0,1
HI-MSBSHSE-7205.txt,MS-1110,ही,0,0,0,1,0,0,1,0,0
HI-MSBSHSE-7205.txt,MS-1111,वे,0,0,0,0,0,0,0,0,1
HI-MSBSHSE-7205.txt,MS-1112,सिक्के,0,0,0,1,0,0,1,0,0
HI-MSBSHSE-7205.txt,MS-1113,लूटे,0,0,0,0,0,0,0,0,1
HI-MSBSHSE-7205.txt,MS-1114,हैं,1,1,1,1,1,1,6,1,0
HI-MSBSHSE-7205.txt,MS-1115,बालचंद्रन,0,0,0,0,0,0,0,0,1
HI-MSBSHSE-7205.txt,MS-1116,से,0,0,0,0,0,0,0,0,1
HI-MSBSHSE-7205.txt,MS-1117,जब,0,0,0,0,0,0,0,0,1
HI-MSBSHSE-7205.txt,MS-1118,पूछा,0,0,0,0,0,0,0,0,1
HI-MSBSHSE-7205.txt,MS-1119,गया,1,1,1,1,1,1,6,1,0
HI-MSBSHSE-7205.txt,MS-1120,तो,0,0,0,0,0,0,0,0,1
HI-MSBSHSE-7205.txt,MS-1121,उसने,0,0,0,0,0,0,0,0,1
HI-MSBSHSE-7205.txt,MS-1122,हाथ,0,0,0,0,0,0,0,0,1
HI-MSBSHSE-7205.txt,MS-1123,जोड़कर,0,0,0,0,0,0,0,0,1
HI-MSBSHSE-7205.txt,MS-1124,बताया,1,0,0,0,1,1,3,0,0
HI-MSBSHSE-7205.txt,MS-1125,कि,0,1,1,1,0,0,3,0,0
HI-MSBSHSE-7205.txt,MS-1126,दुकान,0,0,0,0,0,0,0,0,1
HI-MSBSHSE-7205.txt,MS-1127,बंद,0,0,0,0,0,0,0,0,1
HI-MSBSHSE-7205.txt,MS-1128,करते,0,0,0,0,0,0,0,0,1
HI-MSBSHSE-7205.txt,MS-1129,समय,1,1,1,1,1,1,6,1,0
HI-MSBSHSE-7205.txt,MS-1130,उसने,0,0,0,0,0,0,0,0,1
HI-MSBSHSE-7205.txt,MS-1131,सारे,0,0,0,0,0,0,0,0,1
HI-MSBSHSE-7205.txt,MS-1132,सिक्के,0,0,0,0,0,0,0,0,1
HI-MSBSHSE-7205.txt,MS-1133,गिनकर,1,0,0,1,0,1,3,0,0
HI-MSBSHSE-7205.txt,MS-1134,थैली,0,0,0,0,0,0,0,0,1
HI-MSBSHSE-7205.txt,MS-1135,में,0,0,0,0,0,0,0,0,1
HI-MSBSHSE-7205.txt,MS-1136,रखे,0,0,0,0,0,0,0,0,1
HI-MSBSHSE-7205.txt,MS-1137,थे,1,1,1,1,1,1,6,1,0
HI-MSBSHSE-7205.txt,MS-1138,और,0,0,0,0,0,0,0,0,1
HI-MSBSHSE-7205.txt,MS-1139,जैसे,0,0,0,0,0,0,0,0,1
HI-MSBSHSE-7205.txt,MS-1140,ही,0,0,0,0,0,0,0,0,1
HI-MSBSHSE-7205.txt,MS-1141,चलने,0,0,0,0,0,0,0,0,1
HI-MSBSHSE-7205.txt,MS-1142,वाला,0,0,0,0,0,0,0,0,1
HI-MSBSHSE-7205.txt,MS-1143,था,1,1,1,1,1,1,6,1,0
HI-MSBSHSE-7205.txt,MS-1144,ये,0,0,0,0,0,0,0,0,1
HI-MSBSHSE-7205.txt,MS-1145,दोनों,0,0,0,0,0,0,0,0,1
HI-MSBSHSE-7205.txt,MS-1146,आ,0,0,0,0,0,0,0,0,1
HI-MSBSHSE-7205.txt,MS-1147,गए,1,1,1,1,1,1,6,1,0
HI-MSBSHSE-7205.txt,MS-1148,और,0,0,0,0,0,0,0,0,1
HI-MSBSHSE-7205.txt,MS-1149,उसकी,0,0,0,0,0,0,0,0,1
HI-MSBSHSE-7205.txt,MS-1150,थैली,0,0,0,1,0,0,1,0,0
HI-MSBSHSE-7205.txt,MS-1151,छीनने,0,0,0,0,0,0,0,0,1
HI-MSBSHSE-7205.txt,MS-1152,की,0,0,0,0,0,0,0,0,1
HI-MSBSHSE-7205.txt,MS-1153,कोशिश,0,0,0,0,0,0,0,0,1
HI-MSBSHSE-7205.txt,MS-1154,करने,0,0,0,0,0,0,0,0,1
HI-MSBSHSE-7205.txt,MS-1155,लगे,1,1,1,1,1,1,6,1,0
HI-MSBSHSE-7205.txt,MS-1156,अजनबियों,0,0,0,0,0,0,0,0,1
HI-MSBSHSE-7205.txt,MS-1157,ने,0,0,0,0,0,0,0,0,1
HI-MSBSHSE-7205.txt,MS-1158,विरोध,0,0,0,0,0,0,0,0,1
HI-MSBSHSE-7205.txt,MS-1159,किया,1,1,0,1,1,1,5,1,0
HI-MSBSHSE-7205.txt,MS-1160,और,0,0,0,0,0,0,0,0,1
HI-MSBSHSE-7205.txt,MS-1161,कहा,1,0,0,0,1,1,3,0,0
HI-MSBSHSE-7205.txt,MS-1162,कि,0,1,1,1,0,0,3,0,0
HI-MSBSHSE-7205.txt,MS-1163,बालचंद्रन,0,0,0,0,0,0,0,0,1
HI-MSBSHSE-7205.txt,MS-1164,झूठ,0,0,0,0,0,0,0,0,1
HI-MSBSHSE-7205.txt,MS-1165,बोल,0,0,0,0,0,0,0,0,1
HI-MSBSHSE-7205.txt,MS-1166,रहा,0,0,0,0,0,0,0,0,1
HI-MSBSHSE-7205.txt,MS-1167,है,1,1,1,1,1,1,6,1,0
HI-MSBSHSE-7205.txt,MS-1168,थैली,0,0,0,0,0,0,0,0,1
HI-MSBSHSE-7205.txt,MS-1169,उनकी,0,0,0,0,0,0,0,0,1
HI-MSBSHSE-7205.txt,MS-1170,है,1,1,1,1,1,1,6,1,0
HI-MSBSHSE-7205.txt,MS-1171,और,0,0,0,0,0,0,0,0,1
HI-MSBSHSE-7205.txt,MS-1172,यदि,0,0,0,0,0,0,0,0,1
HI-MSBSHSE-7205.txt,MS-1173,सिक्के,0,0,0,0,0,0,0,0,1
HI-MSBSHSE-7205.txt,MS-1174,गिने,0,0,0,0,0,0,0,0,1
HI-MSBSHSE-7205.txt,MS-1175,जाएँ,1,1,1,1,1,1,6,1,0
HI-MSBSHSE-7205.txt,MS-1176,तो,0,0,0,0,0,0,0,0,1
HI-MSBSHSE-7205.txt,MS-1177,उसमें,0,0,0,0,0,0,0,0,1
HI-MSBSHSE-7205.txt,MS-1178,पूरे,0,0,0,0,0,0,0,0,1
HI-MSBSHSE-7205.txt,MS-1179,पाँच,0,0,0,0,0,0,0,0,1
HI-MSBSHSE-7205.txt,MS-1180,सौ,0,0,0,0,0,0,0,0,1
HI-MSBSHSE-7205.txt,MS-1181,सिक्के,0,0,0,0,0,0,0,0,1
HI-MSBSHSE-7205.txt,MS-1182,होंगे,1,1,1,1,1,1,6,1,0
HI-RBSE-209.txt,RB-1001,एक,0,0,0,0,0,0,0,0,1
HI-RBSE-209.txt,RB-1002,बार,0,1,1,0,1,1,4,1,0
HI-RBSE-209.txt,RB-1003,सूरज,0,0,0,0,0,0,0,0,1
HI-RBSE-209.txt,RB-1004,को,0,0,1,1,0,0,2,0,0
HI-RBSE-209.txt,RB-1005,जुकाम,0,0,0,0,0,0,0,0,1
HI-RBSE-209.txt,RB-1006,हो,0,0,0,0,0,0,0,0,1
HI-RBSE-209.txt,RB-1007,गया,1,1,1,1,1,1,6,1,0
HI-RBSE-209.txt,RB-1008,हुआ,0,0,0,0,0,0,0,0,1
HI-RBSE-209.txt,RB-1009,यूँ,1,1,0,0,1,1,4,1,0
HI-RBSE-209.txt,RB-1010,कि,0,0,1,1,0,0,2,0,0
HI-RBSE-209.txt,RB-1011,एक,0,0,0,0,0,0,0,0,1
HI-RBSE-209.txt,RB-1012,दिन,0,1,0,1,0,1,3,0,0
HI-RBSE-209.txt,RB-1013,बारिश,0,0,0,0,0,0,0,0,1
HI-RBSE-209.txt,RB-1014,हो,0,0,0,0,0,0,0,0,1
HI-RBSE-209.txt,RB-1015,रही,0,0,0,0,0,0,0,0,1
HI-RBSE-209.txt,RB-1016,थी,1,1,1,1,1,1,6,1,0
HI-RBSE-209.txt,RB-1017,और,0,0,0,0,0,0,0,0,1
HI-RBSE-209.txt,RB-1018,सूरज,1,0,1,0,0,0,2,0,0
HI-RBSE-209.txt,RB-1019,बिना,0,0,0,0,0,0,0,0,1
HI-RBSE-209.txt,RB-1020,गमबूट,0,0,0,0,0,0,0,0,1
HI-RBSE-209.txt,RB-1021,पहने,0,0,0,0,0,0,0,0,1
HI-RBSE-209.txt,RB-1022,ही,0,1,1,1,0,1,4,1,0
HI-RBSE-209.txt,RB-1023,बाहर,0,0,0,0,0,0,0,0,1
HI-RBSE-209.txt,RB-1024,निकल,0,0,0,0,0,0,0,0,1
HI-RBSE-209.txt,RB-1025,पड़ा,1,1,1,1,1,1,6,1,0
HI-RBSE-209.txt,RB-1026,पानी,0,0,0,0,0,0,0,0,1
HI-RBSE-209.txt,RB-1027,भरे,0,0,0,0,0,0,0,0,1
HI-RBSE-209.txt,RB-1028,गड्ढों,0,0,0,0,0,0,0,0,1
HI-RBSE-209.txt,RB-1029,में,1,1,1,1,1,1,6,1,0
HI-RBSE-209.txt,RB-1030,वह,0,0,0,0,0,0,0,0,1
HI-RBSE-209.txt,RB-1031,छप-छप,0,0,0,0,0,0,0,0,1
HI-RBSE-209.txt,RB-1032,करता,0,0,1,1,0,0,2,0,0
HI-RBSE-209.txt,RB-1033,चलता,0,0,0,0,0,0,0,0,1
HI-RBSE-209.txt,RB-1034,गया,1,1,1,1,1,1,6,1,0
HI-RBSE-209.txt,RB-1035,जिससे,0,0,0,0,0,0,0,0,1
HI-RBSE-209.txt,RB-1036,उसके,0,0,0,0,0,0,0,0,1
HI-RBSE-209.txt,RB-1037,पैर,0,0,1,1,0,0,2,0,0
HI-RBSE-209.txt,RB-1038,काफी,0,0,0,0,0,0,0,0,1
HI-RBSE-209.txt,RB-1039,भीग,0,0,0,0,0,0,0,0,1
HI-RBSE-209.txt,RB-1040,गए,1,1,1,1,1,1,6,1,0
HI-RBSE-209.txt,RB-1041,वापस,0,0,0,0,0,0,0,0,1
HI-RBSE-209.txt,RB-1042,लौट,0,0,0,0,0,0,0,0,1
HI-RBSE-209.txt,RB-1043,आने,0,0,0,0,0,0,0,0,1
HI-RBSE-209.txt,RB-1044,के,0,0,0,0,0,0,0,0,1
HI-RBSE-209.txt,RB-1045,बजाय,1,1,1,1,1,1,6,1,0
HI-RBSE-209.txt,RB-1046,वह,0,0,0,0,0,0,0,0,1
HI-RBSE-209.txt,RB-1047,आगे,0,0,0,0,0,0,0,0,1
HI-RBSE-209.txt,RB-1048,बढ़ता,0,0,0,0,0,0,0,0,1
HI-RBSE-209.txt,RB-1049,ही,0,0,0,0,0,0,0,0,1
HI-RBSE-209.txt,RB-1050,गया,1,1,1,1,1,1,6,1,0
HI-RBSE-209.txt,RB-1051,थोड़ी,0,0,0,0,0,0,0,0,1
HI-RBSE-209.txt,RB-1052,ही,0,0,0,0,0,0,0,0,1
HI-RBSE-209.txt,RB-1053,देर,0,0,0,0,0,0,0,0,1
HI-RBSE-209.txt,RB-1054,में,0,1,1,1,0,1,4,1,0
HI-RBSE-209.txt,RB-1055,उसके,0,0,0,0,0,0,0,0,1
HI-RBSE-209.txt,RB-1056,कपडे,0,0,0,0,0,0,0,0,1
HI-RBSE-209.txt,RB-1057,भी,0,0,0,0,0,0,0,0,1
HI-RBSE-209.txt,RB-1058,भीग,0,0,0,0,0,0,0,0,1
HI-RBSE-209.txt,RB-1059,गए,1,1,1,1,1,1,6,1,0
HI-RBSE-209.txt,RB-1060,और,0,0,0,0,0,0,0,0,1
HI-RBSE-209.txt,RB-1061,फिर,0,0,0,0,0,0,0,0,1
HI-RBSE-209.txt,RB-1062,भी,0,0,1,0,0,0,1,0,0
HI-RBSE-209.txt,RB-1063,वह,0,0,0,0,0,0,0,0,1
HI-RBSE-209.txt,RB-1064,नहीं,0,0,0,0,0,0,0,0,1
HI-RBSE-209.txt,RB-1065,लौटा,1,1,1,1,1,1,6,1,0
HI-RBSE-209.txt,RB-1066,वह,0,0,0,0,0,0,0,0,1
HI-RBSE-209.txt,RB-1067,तो,0,0,0,0,0,0,0,0,1
HI-RBSE-209.txt,RB-1068,आगे-ही-आगे,1,1,1,1,1,1,6,1,0
HI-RBSE-209.txt,RB-1069,झरनों,0,1,1,0,0,1,3,0,0
HI-RBSE-209.txt,RB-1070,और,0,0,0,0,0,0,0,0,1
HI-RBSE-209.txt,RB-1071,पहाडियों,0,0,0,0,0,0,0,0,1
HI-RBSE-209.txt,RB-1072,पर,0,0,0,0,0,0,0,0,1
HI-RBSE-209.txt,RB-1073,से,0,1,1,1,0,1,4,1,0
HI-RBSE-209.txt,RB-1074,उछलता-कूदता,1,1,1,1,1,1,6,1,0
HI-RBSE-209.txt,RB-1075,हरे-भरे,0,0,0,0,0,0,0,0,1
HI-RBSE-209.txt,RB-1076,मैदानों,0,0,0,0,0,0,0,0,1
HI-RBSE-209.txt,RB-1077,को,0,0,1,1,0,0,2,0,0
HI-RBSE-209.txt,RB-1078,पार,0,0,0,0,0,0,0,0,1
HI-RBSE-209.txt,RB-1079,करता,0,1,0,0,0,1,2,0,0
HI-RBSE-209.txt,RB-1080,चला,0,0,0,0,0,0,0,0,1
HI-RBSE-209.txt,RB-1081,गया,1,1,1,1,1,1,6,1,0
HI-RBSE-209.txt,RB-1082,धरती,0,0,0,0,0,0,0,0,1
HI-RBSE-209.txt,RB-1083,ने,0,0,0,1,0,0,1,0,0
HI-RBSE-209.txt,RB-1084,उसे,0,1,1,0,0,1,3,0,0
HI-RBSE-209.txt,RB-1085,गरम,0,0,0,0,0,0,0,0,1
HI-RBSE-209.txt,RB-1086,पानी,0,0,0,0,0,0,0,0,1
HI-RBSE-209.txt,RB-1087,की,0,0,0,0,0,0,0,0,1
HI-RBSE-209.txt,RB-1088,बोतल,0,0,0,0,0,0,0,0,1
HI-RBSE-209.txt,RB-1089,दी,1,1,1,1,1,1,6,1,0
HI-RBSE-209.txt,RB-1090,और,0,0,0,0,0,0,0,0,1
HI-RBSE-209.txt,RB-1091,रजाई,0,0,0,0,0,0,0,0,1
HI-RBSE-209.txt,RB-1092,ओढाकर,0,1,1,1,1,1,5,1,0
HI-RBSE-209.txt,RB-1093,बिस्तर,0,0,0,0,0,0,0,0,1
HI-RBSE-209.txt,RB-1094,में,0,0,0,1,0,0,1,0,0
HI-RBSE-209.txt,RB-1095,सुला,0,0,0,0,0,0,0,0,1
HI-RBSE-209.txt,RB-1096,दिया,1,1,1,1,1,1,6,1,0
HI-RBSE-209.txt,RB-1097,इसका,0,0,0,0,0,0,0,0,1
HI-RBSE-209.txt,RB-1098,कोई,0,0,0,0,0,0,0,0,1
HI-RBSE-209.txt,RB-1099,फायदा,0,0,0,0,0,0,0,0,1
HI-RBSE-209.txt,RB-1100,नहीं,0,0,0,0,0,0,0,0,1
HI-RBSE-209.txt,RB-1101,हुआ,1,1,1,1,1,1,6,1,0
HI-RBSE-209.txt,RB-1102,वह,0,0,0,0,0,0,0,0,1
HI-RBSE-209.txt,RB-1103,सपने,0,0,0,0,0,0,0,0,1
HI-RBSE-209.txt,RB-1104,में,0,0,0,0,0,0,0,0,1
HI-RBSE-209.txt,RB-1105,भी,0,1,1,1,0,1,4,1,0
HI-RBSE-209.txt,RB-1106,छींकता,0,0,0,0,0,0,0,0,1
HI-RBSE-209.txt,RB-1107,ही,0,0,0,0,0,0,0,0,1
HI-RBSE-209.txt,RB-1108,रहा,1,1,1,1,1,1,6,1,0
HI-RBSE-209.txt,RB-1109,जब,0,0,0,0,0,0,0,0,1
HI-RBSE-209.txt,RB-1110,इन,0,0,0,0,0,0,0,0,1
HI-RBSE-209.txt,RB-1111,सबसे,0,0,0,0,0,0,0,0,1
HI-RBSE-209.txt,RB-1112,भी,0,0,1,0,0,0,1,0,0
HI-RBSE-209.txt,RB-1113,आराम,0,0,0,0,0,0,0,0,1
HI-RBSE-209.txt,RB-1114,नहीं,0,0,0,0,0,0,0,0,1
HI-RBSE-209.txt,RB-1115,आया,1,1,1,1,1,1,6,1,0
HI-RBSE-209.txt,RB-1116,तो,0,0,0,0,0,0,0,0,1
HI-RBSE-209.txt,RB-1117,धरती,0,0,0,0,0,0,0,0,1
HI-RBSE-209.txt,RB-1118,ने,0,0,0,1,0,0,1,0,0
HI-RBSE-209.txt,RB-1119,अपनी,0,0,0,0,0,0,0,0,1
HI-RBSE-209.txt,RB-1120,बहन,0,1,1,1,0,1,4,1,0
HI-RBSE-209.txt,RB-1121,फूलरानी,0,0,0,0,0,0,0,0,1
HI-RBSE-209.txt,RB-1122,को,0,0,0,0,0,0,0,0,1
HI-RBSE-209.txt,RB-1123,बुलाया,1,1,1,1,1,1,6,1,0
HI-RBSE-209.txt,RB-1124,उसने,0,0,0,0,0,0,0,0,1
HI-RBSE-209.txt,RB-1125,तुलसी,0,1,1,1,1,1,5,1,0
HI-RBSE-209.txt,RB-1126,और,0,0,0,0,0,0,0,0,1
HI-RBSE-209.txt,RB-1127,जड़ी-बूटी,0,0,0,0,0,0,0,0,1
HI-RBSE-209.txt,RB-1128,मिलाकर,0,1,1,0,1,1,4,1,0
HI-RBSE-209.txt,RB-1129,दवा,0,0,0,0,0,0,0,0,1
HI-RBSE-209.txt,RB-1130,बनाई,1,1,1,1,1,1,6,1,0
HI-RBSE-209.txt,RB-1131,दवा,0,0,0,0,0,0,0,0,1
HI-RBSE-209.txt,RB-1132,सूरज,0,0,0,0,0,0,0,0,1
HI-RBSE-209.txt,RB-1133,को,0,1,1,0,0,1,3,0,0
HI-RBSE-209.txt,RB-1134,गरम-गरम,0,0,0,0,0,0,0,0,1
HI-RBSE-209.txt,RB-1135,पिला,0,0,0,0,0,0,0,0,1
HI-RBSE-209.txt,RB-1136,दी,1,1,1,1,1,1,6,1,0
HI-RBSE-211.txt,RB-1001,एक,0,0,0,0,0,0,0,0,1
HI-RBSE-211.txt,RB-1002,शेर,0,0,1,1,0,1,3,0,0
HI-RBSE-211.txt,RB-1003,अपनी,0,0,0,0,0,0,0,0,1
HI-RBSE-211.txt,RB-1004,गुफा,0,0,0,0,0,0,0,0,1
HI-RBSE-211.txt,RB-1005,में,0,1,0,1,0,0,2,0,0
HI-RBSE-211.txt,RB-1006,सो,0,0,0,0,0,0,0,0,1
HI-RBSE-211.txt,RB-1007,रहा,0,0,0,0,0,0,0,0,1
HI-RBSE-211.txt,RB-1008,था,1,1,1,1,1,1,6,1,0
HI-RBSE-211.txt,RB-1009,एक,0,0,0,0,0,0,0,0,1
HI-RBSE-211.txt,RB-1010,चूहा,0,0,0,0,0,0,0,0,1
HI-RBSE-211.txt,RB-1011,आया,1,1,1,1,1,1,6,1,0
HI-RBSE-211.txt,RB-1012,और,0,0,0,0,0,0,0,0,1
HI-RBSE-211.txt,RB-1013,शेर,0,0,0,0,0,0,0,0,1
HI-RBSE-211.txt,RB-1014,के,0,0,0,0,0,0,0,0,1
HI-RBSE-211.txt,RB-1015,शरीर,0,0,0,0,0,0,0,0,1
HI-RBSE-211.txt,RB-1016,पर,0,0,0,0,0,0,0,0,1
HI-RBSE-211.txt,RB-1017,चढ़कर,1,1,1,1,1,1,6,1,0
HI-RBSE-211.txt,RB-1018,फुदकने,0,0,0,0,0,0,0,0,1
HI-RBSE-211.txt,RB-1019,लगा,1,1,1,1,1,1,6,1,0
HI-RBSE-211.txt,RB-1020,शेर,0,0,0,0,0,0,0,0,1
HI-RBSE-211.txt,RB-1021,जाग,0,0,0,0,0,0,0,0,1
HI-RBSE-211.txt,RB-1022,उठा,1,1,1,1,1,1,6,1,0
HI-RBSE-211.txt,RB-1023,और,0,0,0,0,0,0,0,0,1
HI-RBSE-211.txt,RB-1024,उसने,0,0,0,0,0,0,0,0,1
HI-RBSE-211.txt,RB-1025,चूहे,0,0,0,0,0,0,0,0,1
HI-RBSE-211.txt,RB-1026,को,0,0,0,1,0,0,1,0,0
HI-RBSE-211.txt,RB-1027,पकड़,0,0,0,0,0,0,0,0,1
HI-RBSE-211.txt,RB-1028,लिया,1,1,1,1,1,1,6,1,0
HI-RBSE-211.txt,RB-1029,चूहा,0,0,0,0,0,0,0,0,1
HI-RBSE-211.txt,RB-1030,रोने,0,0,0,0,0,0,0,0,1
HI-RBSE-211.txt,RB-1031,लगा,1,1,1,1,1,1,6,1,0
HI-RBSE-211.txt,RB-1032,चूहे,0,0,0,0,0,0,0,0,1
HI-RBSE-211.txt,RB-1033,ने,0,0,1,0,0,0,1,0,0
HI-RBSE-211.txt,RB-1034,गिड़गिड़ाते,0,0,0,0,0,0,0,0,1
HI-RBSE-211.txt,RB-1035,हुए,0,1,1,0,0,1,3,0,0
HI-RBSE-211.txt,RB-1036,शेर,0,0,0,0,0,0,0,0,1
HI-RBSE-211.txt,RB-1037,से,0,0,0,0,0,0,0,0,1
HI-RBSE-211.txt,RB-1038,कहा,1,1,0,1,1,1,5,1,0
HI-RBSE-211.txt,RB-1040,अगर,0,0,0,0,0,0,0,0,1
HI-RBSE-211.txt,RB-1041,तुम,0,0,0,0,0,0,0,0,1
HI-RBSE-211.txt,RB-1042,मुझे,0,0,0,0,0,0,0,0,1
HI-RBSE-211.txt,RB-1043,छोड़,0,0,0,0,0,0,0,0,1
HI-RBSE-211.txt,RB-1044,दोगे,1,1,1,1,1,1,6,1,0
HI-RBSE-211.txt,RB-1045,तो,0,0,0,0,0,0,0,0,1
HI-RBSE-211.txt,RB-1046,मैं,0,0,0,0,0,0,0,0,1
HI-RBSE-211.txt,RB-1047,भी,0,0,0,0,0,0,0,0,1
HI-RBSE-211.txt,RB-1048,एक,0,0,0,0,0,0,0,0,1
HI-RBSE-211.txt,RB-1049,दिन,0,1,0,1,0,1,3,0,0
HI-RBSE-211.txt,RB-1050,तुम्हारे,0,0,0,0,0,0,0,0,1
HI-RBSE-211.txt,RB-1051,काम,0,0,0,0,0,0,0,0,1
HI-RBSE-211.txt,RB-1052,आऊँगा,1,1,1,1,1,1,6,1,0
HI-RBSE-211.txt,RB-1053,शेर,0,0,0,0,0,0,0,0,1
HI-RBSE-211.txt,RB-1054,यह,0,0,0,0,0,0,0,0,1
HI-RBSE-211.txt,RB-1055,सुनकर,0,0,0,0,0,0,0,0,1
HI-RBSE-211.txt,RB-1056,हँस,0,0,0,0,0,0,0,0,1
HI-RBSE-211.txt,RB-1057,पड़ा,1,1,1,1,1,1,6,1,0
HI-RBSE-211.txt,RB-1058,सोचने,0,0,0,0,0,0,0,0,1
HI-RBSE-211.txt,RB-1059,लगा,1,0,0,0,1,1,3,0,0
HI-RBSE-211.txt,RB-1060,कि,0,1,1,1,0,0,3,0,0
HI-RBSE-211.txt,RB-1061,भला,0,0,0,0,0,0,0,0,1
HI-RBSE-211.txt,RB-1062,चूहा,0,1,0,1,0,0,2,0,0
HI-RBSE-211.txt,RB-1063,उसके,0,0,0,0,0,0,0,0,1
HI-RBSE-211.txt,RB-1064,किस,0,0,0,0,0,0,0,0,1
HI-RBSE-211.txt,RB-1065,काम,0,0,0,0,0,0,0,0,1
HI-RBSE-211.txt,RB-1066,आ,0,0,0,0,0,0,0,0,1
HI-RBSE-211.txt,RB-1067,सकता,0,0,0,0,0,0,0,0,1
HI-RBSE-211.txt,RB-1068,है,1,1,1,1,1,1,6,1,0
HI-RBSE-211.txt,RB-1069,फिर,0,0,0,0,0,0,0,0,1
HI-RBSE-211.txt,RB-1070,भी,1,1,1,1,1,1,6,1,0
HI-RBSE-211.txt,RB-1071,शेर,0,0,0,0,0,0,0,0,1
HI-RBSE-211.txt,RB-1072,ने,0,0,0,0,0,0,0,0,1
HI-RBSE-211.txt,RB-1073,चूहे,0,0,0,0,0,0,0,0,1
HI-RBSE-211.txt,RB-1074,को,0,0,0,0,0,0,0,0,1
HI-RBSE-211.txt,RB-1075,छोड,0,0,0,0,0,0,0,0,1
HI-RBSE-211.txt,RB-1076,दिया,1,1,1,1,1,1,6,1,0
HI-RBSE-211.txt,RB-1077,कुछ,0,0,0,0,0,0,0,0,1
HI-RBSE-211.txt,RB-1078,दिनों,0,0,0,0,0,0,0,0,1
HI-RBSE-211.txt,RB-1079,बाद,1,1,1,1,1,1,6,1,0
HI-RBSE-211.txt,RB-1080,शिकारियों,0,0,0,0,0,0,0,0,1
HI-RBSE-211.txt,RB-1081,ने,0,1,0,0,0,0,1,0,0
HI-RBSE-211.txt,RB-1082,शेर,0,0,0,0,0,0,0,0,1
HI-RBSE-211.txt,RB-1083,को,0,0,0,0,0,0,0,0,1
HI-RBSE-211.txt,RB-1084,पकड,0,0,0,0,0,0,0,0,1
HI-RBSE-211.txt,RB-1085,लिया,1,1,1,1,1,1,6,1,0
HI-RBSE-211.txt,RB-1086,और,0,0,0,0,0,0,0,0,1
HI-RBSE-211.txt,RB-1087,उसे,0,0,0,0,0,0,0,0,1
HI-RBSE-211.txt,RB-1088,जाल,0,0,0,0,0,0,0,0,1
HI-RBSE-211.txt,RB-1089,से,0,0,0,0,0,0,0,0,1
HI-RBSE-211.txt,RB-1090,बाँध,0,0,0,0,0,0,0,0,1
HI-RBSE-211.txt,RB-1091,दिया,1,1,1,1,1,1,6,1,0
HI-RBSE-211.txt,RB-1092,चूहे,0,0,0,0,0,0,0,0,1
HI-RBSE-211.txt,RB-1093,ने,0,0,0,0,0,0,0,0,1
HI-RBSE-211.txt,RB-1094,शेर,0,0,0,0,0,0,0,0,1
HI-RBSE-211.txt,RB-1095,को,0,0,0,0,0,0,0,0,1
HI-RBSE-211.txt,RB-1096,दहाड़ते,0,0,0,0,0,0,0,0,1
HI-RBSE-211.txt,RB-1097,सुना,1,1,1,1,1,1,6,1,0
HI-RBSE-211.txt,RB-1098,तो,0,0,0,0,0,0,0,0,1
HI-RBSE-211.txt,RB-1099,वह,0,0,0,0,0,0,0,0,1
HI-RBSE-211.txt,RB-1100,भागते,0,0,0,0,0,0,0,0,1
HI-RBSE-211.txt,RB-1101,हुए,0,0,0,0,0,0,0,0,1
HI-RBSE-211.txt,RB-1102,वहाँ,0,0,0,0,0,0,0,0,1
HI-RBSE-211.txt,RB-1103,पहुँचा,1,1,1,1,1,1,6,1,0
HI-RBSE-211.txt,RB-1104,चूहे,0,0,0,0,0,0,0,0,1
HI-RBSE-211.txt,RB-1105,ने,0,0,1,0,0,0,1,0,0
HI-RBSE-211.txt,RB-1106,अपने,0,0,0,0,0,0,0,0,1
HI-RBSE-211.txt,RB-1107,दाँतों,0,0,0,0,0,0,0,0,1
HI-RBSE-211.txt,RB-1108,से,1,1,0,0,0,1,3,0,0
HI-RBSE-211.txt,RB-1109,जाल,0,0,0,0,0,0,0,0,1
HI-RBSE-211.txt,RB-1110,को,0,0,0,0,0,0,0,0,1
HI-RBSE-211.txt,RB-1111,काटकर,1,1,1,1,1,1,6,1,0
HI-RBSE-211.txt,RB-1112,शेर,0,0,0,0,0,0,0,0,1
HI-RBSE-211.txt,RB-1113,को,0,0,0,0,0,0,0,0,1
HI-RBSE-211.txt,RB-1114,आजाद,0,0,0,0,0,0,0,0,1
HI-RBSE-211.txt,RB-1115,कर,0,0,0,0,0,0,0,0,1
HI-RBSE-211.txt,RB-1116,दिया,1,1,1,1,1,1,6,1,0
HI-RBSE-211.txt,RB-1117,इस,0,0,0,0,0,0,0,0,1
HI-RBSE-211.txt,RB-1118,तरह,0,0,1,1,1,0,3,0,0
HI-RBSE-211.txt,RB-1119,चूहे,0,0,0,0,0,0,0,0,1
HI-RBSE-211.txt,RB-1120,ने,1,1,0,0,0,1,3,0,0
HI-RBSE-211.txt,RB-1121,शेर,0,0,0,0,0,0,0,0,1
HI-RBSE-211.txt,RB-1122,की,0,0,0,1,0,0,1,0,0
HI-RBSE-211.txt,RB-1123,जान,0,0,0,0,0,0,0,0,1
HI-RBSE-211.txt,RB-1124,बचा,0,0,0,0,0,0,0,0,1
HI-RBSE-211.txt,RB-1125,ली,1,1,1,1,1,1,6,1,0
HI-RBSE-211.txt,RB-1126,फिर,0,0,0,0,0,0,0,0,1
HI-RBSE-211.txt,RB-1127,चूहा,0,0,0,0,0,1,1,0,0
HI-RBSE-211.txt,RB-1128,और,0,0,0,0,0,0,0,0,1
HI-RBSE-211.txt,RB-1129,शेर,0,0,0,1,0,0,1,0,0
HI-RBSE-211.txt,RB-1130,दोस्त,0,0,0,0,0,0,0,0,1
HI-RBSE-211.txt,RB-1131,बन,0,0,0,0,0,0,0,0,1
HI-RBSE-211.txt,RB-1132,गए,1,1,1,1,1,1,6,1,0
HI-RBSE-215.txt,RB-1001,एक,0,0,0,0,0,0,0,0,1
HI-RBSE-215.txt,RB-1002,थी,0,0,0,0,0,0,0,0,1
HI-RBSE-215.txt,RB-1003,महिला,1,1,1,1,1,1,6,1,0
HI-RBSE-215.txt,RB-1004,उसने,0,0,0,0,0,0,0,0,1
HI-RBSE-215.txt,RB-1005,एक,0,0,0,0,0,0,0,0,1
HI-RBSE-215.txt,RB-1006,नेवला,0,0,0,0,0,0,0,0,1
HI-RBSE-215.txt,RB-1007,पाल,0,0,0,0,0,0,0,0,1
HI-RBSE-215.txt,RB-1008,रखा,0,0,0,0,0,0,0,0,1
HI-RBSE-215.txt,RB-1009,था,1,1,1,1,1,1,6,1,0
HI-RBSE-215.txt,RB-1010,एक,0,0,0,0,0,0,0,0,1
HI-RBSE-215.txt,RB-1011,दिन,1,0,1,1,1,1,5,1,0
HI-RBSE-215.txt,RB-1012,वह,0,0,0,0,0,0,0,0,1
HI-RBSE-215.txt,RB-1013,अपने,0,0,0,0,0,0,0,0,1
HI-RBSE-215.txt,RB-1014,छोटे,0,0,0,0,0,0,0,0,1
HI-RBSE-215.txt,RB-1015,बच्चे,0,0,0,0,0,0,0,0,1
HI-RBSE-215.txt,RB-1016,को,0,0,0,0,0,0,0,0,1
HI-RBSE-215.txt,RB-1017,सुलाकर,0,1,1,1,0,1,4,1,0
HI-RBSE-215.txt,RB-1018,पानी,0,0,0,0,0,0,0,0,1
HI-RBSE-215.txt,RB-1019,लाने,0,0,0,0,0,0,0,0,1
HI-RBSE-215.txt,RB-1020,गई,1,1,1,1,1,1,6,1,0
HI-RBSE-215.txt,RB-1021,और,0,0,0,0,0,0,0,0,1
HI-RBSE-215.txt,RB-1022,नेवले,0,0,0,0,0,0,0,0,1
HI-RBSE-215.txt,RB-1023,को,0,1,0,1,0,1,3,0,0
HI-RBSE-215.txt,RB-1024,बच्चे,0,0,0,0,0,0,0,0,1
HI-RBSE-215.txt,RB-1025,की,0,0,0,0,0,0,0,0,1
HI-RBSE-215.txt,RB-1026,रखवाली,0,0,0,0,0,0,0,0,1
HI-RBSE-215.txt,RB-1027,के,0,0,0,0,0,0,0,0,1
HI-RBSE-215.txt,RB-1028,लिए,0,0,0,1,0,1,2,0,0
HI-RBSE-215.txt,RB-1029,छोड़,0,0,0,0,0,0,0,0,1
HI-RBSE-215.txt,RB-1030,गई,1,1,1,1,1,1,6,1,0
HI-RBSE-215.txt,RB-1031,इतने,0,0,0,0,0,0,0,0,1
HI-RBSE-215.txt,RB-1032,में,0,0,1,1,0,1,3,0,0
HI-RBSE-215.txt,RB-1033,एक,0,0,0,0,0,0,0,0,1
HI-RBSE-215.txt,RB-1034,काला,0,0,0,0,0,0,0,0,1
HI-RBSE-215.txt,RB-1035,नाग,0,0,0,0,0,0,0,0,1
HI-RBSE-215.txt,RB-1036,वहाँ,0,0,0,0,0,0,0,0,1
HI-RBSE-215.txt,RB-1037,आया,1,1,1,1,1,1,6,1,0
HI-RBSE-215.txt,RB-1038,और,0,0,0,0,0,0,0,0,1
HI-RBSE-215.txt,RB-1039,बच्चे,0,0,0,0,0,0,0,0,1
HI-RBSE-215.txt,RB-1040,की,0,0,0,0,0,0,0,0,1
HI-RBSE-215.txt,RB-1041,ओर,0,0,0,1,0,0,1,0,0
HI-RBSE-215.txt,RB-1042,बढ़ने,0,0,0,0,0,0,0,0,1
HI-RBSE-215.txt,RB-1043,लगा,1,1,1,1,1,1,6,1,0
HI-RBSE-215.txt,RB-1044,नेवला,0,0,0,0,0,0,0,0,1
HI-RBSE-215.txt,RB-1045,उस,0,0,0,0,0,0,0,0,1
HI-RBSE-215.txt,RB-1046,पर,0,0,0,0,0,0,0,0,1
HI-RBSE-215.txt,RB-1047,झपटा,1,1,1,1,1,1,6,1,0
HI-RBSE-215.txt,RB-1048,और,0,0,0,0,0,0,0,0,1
HI-RBSE-215.txt,RB-1049,थोडी,0,0,0,0,0,0,0,0,1
HI-RBSE-215.txt,RB-1050,ही,0,0,0,0,0,0,0,0,1
HI-RBSE-215.txt,RB-1051,देर,0,0,0,0,0,0,0,0,1
HI-RBSE-215.txt,RB-1052,में,1,1,1,1,0,1,5,1,0
HI-RBSE-215.txt,RB-1053,उसने,0,0,0,0,0,0,0,0,1
HI-RBSE-215.txt,RB-1054,साँप,0,0,0,0,0,0,0,0,1
HI-RBSE-215.txt,RB-1055,को,0,0,0,0,0,0,0,0,1
HI-RBSE-215.txt,RB-1056,मार,0,0,0,0,0,0,0,0,1
HI-RBSE-215.txt,RB-1057,डाला,1,1,1,1,1,1,6,1,0
HI-RBSE-215.txt,RB-1058,फिर,0,0,0,0,0,0,0,0,1
HI-RBSE-215.txt,RB-1059,मालकिन,0,0,0,0,0,0,0,0,1
HI-RBSE-215.txt,RB-1060,को,0,0,0,1,0,1,2,0,0
HI-RBSE-215.txt,RB-1061,यह,0,0,0,0,0,0,0,0,1
HI-RBSE-215.txt,RB-1062,सूचना,0,0,0,0,0,0,0,0,1
HI-RBSE-215.txt,RB-1063,देने,0,0,0,0,0,0,0,0,1
HI-RBSE-215.txt,RB-1064,के,0,0,0,0,0,0,0,0,1
HI-RBSE-215.txt,RB-1065,लिए,1,1,1,1,1,1,6,1,0
HI-RBSE-215.txt,RB-1066,वह,0,0,0,0,0,0,0,0,1
HI-RBSE-215.txt,RB-1067,बाहर,0,0,0,1,0,0,1,0,0
HI-RBSE-215.txt,RB-1068,दरवाजे,0,0,0,0,0,0,0,0,1
HI-RBSE-215.txt,RB-1069,पर,0,0,0,0,0,0,0,0,1
HI-RBSE-215.txt,RB-1070,आ,0,0,0,0,0,0,0,0,1
HI-RBSE-215.txt,RB-1071,गया,1,1,1,1,1,1,6,1,0
HI-RBSE-215.txt,RB-1072,मालकिन,0,0,0,0,0,0,0,0,1
HI-RBSE-215.txt,RB-1073,आई,1,0,1,1,1,1,5,1,0
HI-RBSE-215.txt,RB-1074,और,0,0,0,0,0,0,0,0,1
HI-RBSE-215.txt,RB-1075,उसने,0,0,0,0,0,0,0,0,1
HI-RBSE-215.txt,RB-1076,नेवले,0,0,0,0,0,0,0,0,1
HI-RBSE-215.txt,RB-1077,के,0,0,0,0,0,0,0,0,1
HI-RBSE-215.txt,RB-1078,मुँह,0,0,0,0,0,0,0,0,1
HI-RBSE-215.txt,RB-1079,में,0,0,1,1,0,1,3,0,0
HI-RBSE-215.txt,RB-1080,खून,0,0,0,0,0,0,0,0,1
HI-RBSE-215.txt,RB-1081,लगा,0,0,0,0,0,0,0,0,1
HI-RBSE-215.txt,RB-1082,देखा,1,1,1,1,1,1,6,1,0
HI-RBSE-215.txt,RB-1083,तो,0,0,0,0,0,0,0,0,1
HI-RBSE-215.txt,RB-1084,उसने,0,0,0,0,0,0,0,0,1
HI-RBSE-215.txt,RB-1085,समझा,0,0,0,0,1,1,2,0,0
HI-RBSE-215.txt,RB-1086,कि,0,0,0,1,0,0,1,0,0
HI-RBSE-215.txt,RB-1087,नेवले,0,0,0,0,0,0,0,0,1
HI-RBSE-215.txt,RB-1088,ने,0,0,1,0,0,0,1,0,0
HI-RBSE-215.txt,RB-1089,बच्चे,0,0,0,0,0,0,0,0,1
HI-RBSE-215.txt,RB-1090,को,0,0,0,1,0,0,1,0,0
HI-RBSE-215.txt,RB-1091,मार,0,0,0,0,0,0,0,0,1
HI-RBSE-215.txt,RB-1092,डाला,0,0,0,0,0,0,0,0,1
HI-RBSE-215.txt,RB-1093,है,1,1,1,1,1,1,6,1,0
HI-RBSE-215.txt,RB-1094,उसने,0,0,0,0,0,0,0,0,1
HI-RBSE-215.txt,RB-1095,क्रोध,0,0,0,0,0,0,0,0,1
HI-RBSE-215.txt,RB-1096,में,0,0,0,0,0,0,0,0,1
HI-RBSE-215.txt,RB-1097,आकर,0,0,1,1,1,1,4,1,0
HI-RBSE-215.txt,RB-1098,पानी,0,0,0,0,0,0,0,0,1
HI-RBSE-215.txt,RB-1099,का,0,0,0,0,0,0,0,0,1
HI-RBSE-215.txt,RB-1100,मटका,1,0,1,1,0,1,4,1,0
HI-RBSE-215.txt,RB-1101,उस,0,0,0,0,0,0,0,0,1
HI-RBSE-215.txt,RB-1102,पर,0,0,0,0,0,0,0,0,1
HI-RBSE-215.txt,RB-1103,पटक,0,0,0,0,0,0,0,0,1
HI-RBSE-215.txt,RB-1104,दिया,1,1,1,1,1,1,6,1,0
HI-RBSE-215.txt,RB-1105,जिससे,0,0,0,1,0,0,1,0,0
HI-RBSE-215.txt,RB-1106,वह,0,0,0,0,0,0,0,0,1
HI-RBSE-215.txt,RB-1107,वहीं,0,0,0,0,0,0,0,0,1
HI-RBSE-215.txt,RB-1108,मर,0,0,0,0,0,0,0,0,1
HI-RBSE-215.txt,RB-1109,गया,1,1,1,1,1,1,6,1,0
HI-RBSE-215.txt,RB-1110,अंदर,0,0,0,0,0,0,0,0,1
HI-RBSE-215.txt,RB-1111,जाकर,0,0,0,0,0,0,0,0,1
HI-RBSE-215.txt,RB-1112,उसने,0,0,0,0,0,0,0,0,1
HI-RBSE-215.txt,RB-1113,देखा,1,0,1,1,1,1,5,1,0
HI-RBSE-215.txt,RB-1114,तो,0,0,0,0,0,0,0,0,1
HI-RBSE-215.txt,RB-1115,बच्चा,0,0,0,1,0,0,1,0,0
HI-RBSE-215.txt,RB-1116,सोया,0,0,0,0,0,0,0,0,1
HI-RBSE-215.txt,RB-1117,हुआ,0,0,0,0,0,0,0,0,1
HI-RBSE-215.txt,RB-1118,था,1,1,1,1,1,1,6,1,0
HI-RBSE-215.txt,RB-1119,और,0,0,0,0,0,0,0,0,1
HI-RBSE-215.txt,RB-1120,पास,0,0,0,0,0,0,0,0,1
HI-RBSE-215.txt,RB-1121,ही,1,0,0,1,0,0,2,0,0
HI-RBSE-215.txt,RB-1122,मरा,0,0,0,0,0,0,0,0,1
HI-RBSE-215.txt,RB-1123,हुआ,1,1,0,1,0,1,4,1,0
HI-RBSE-215.txt,RB-1124,एक,0,0,1,0,0,0,1,0,0
HI-RBSE-215.txt,RB-1125,काला,0,0,0,0,0,0,0,0,1
HI-RBSE-215.txt,RB-1126,नाग,0,0,0,0,0,0,0,0,1
HI-RBSE-215.txt,RB-1127,पड़ा,0,0,0,0,0,0,0,0,1
HI-RBSE-215.txt,RB-1128,था,1,1,1,1,1,1,6,1,0
HI-RBSE-215.txt,RB-1129,वह,0,0,0,0,0,0,0,0,1
HI-RBSE-215.txt,RB-1130,सारी,0,0,0,0,0,0,0,0,1
HI-RBSE-215.txt,RB-1131,बात,0,0,0,0,0,0,0,0,1
HI-RBSE-215.txt,RB-1132,समझ,0,0,0,0,0,0,0,0,1
HI-RBSE-215.txt,RB-1133,गई,0,0,1,1,1,1,4,1,0
HI-RBSE-215.txt,RB-1134,और,0,0,0,0,0,0,0,0,1
HI-RBSE-215.txt,RB-1135,पछताने,0,0,0,0,0,0,0,0,1
HI-RBSE-215.txt,RB-1136,लगी,1,1,1,1,1,1,6,1,0
HI-RBSE-303.txt,RB-1001,मगन,0,0,0,0,0,0,0,0,1
HI-RBSE-303.txt,RB-1002,अच्छा,0,0,0,0,0,0,0,0,1
HI-RBSE-303.txt,RB-1003,लड़का,0,0,0,0,0,0,0,0,1
HI-RBSE-303.txt,RB-1004,है,1,1,1,1,1,1,6,1,0
HI-RBSE-303.txt,RB-1005,मोहल्ले,0,0,0,0,0,0,0,0,1
HI-RBSE-303.txt,RB-1006,के,0,0,0,0,0,0,0,0,1
HI-RBSE-303.txt,RB-1007,सब,0,0,0,0,0,0,0,0,1
HI-RBSE-303.txt,RB-1008,लोग,1,1,0,1,1,1,5,1,0
HI-RBSE-303.txt,RB-1009,मगन,0,0,0,0,0,0,0,0,1
HI-RBSE-303.txt,RB-1010,को,0,0,0,0,0,0,0,0,1
HI-RBSE-303.txt,RB-1011,प्यार,0,0,0,0,0,0,0,0,1
HI-RBSE-303.txt,RB-1012,करते,0,0,0,0,0,0,0,0,1
HI-RBSE-303.txt,RB-1013,हैं,1,1,1,1,1,1,6,1,0
HI-RBSE-303.txt,RB-1014,सभी,0,0,0,0,0,0,0,0,1
HI-RBSE-303.txt,RB-1015,उसकी,0,0,0,1,0,0,1,0,0
HI-RBSE-303.txt,RB-1016,बहुत,0,0,0,0,0,0,0,0,1
HI-RBSE-303.txt,RB-1017,बड़ाई,0,0,0,0,0,0,0,0,1
HI-RBSE-303.txt,RB-1018,करते,0,0,0,0,0,0,0,0,1
HI-RBSE-303.txt,RB-1019,हैं,1,1,1,1,1,1,6,1,0
HI-RBSE-303.txt,RB-1020,मगन,1,0,0,0,0,0,1,0,0
HI-RBSE-303.txt,RB-1021,सबकी,0,0,0,0,0,0,0,0,1
HI-RBSE-303.txt,RB-1022,आँखों,0,0,0,0,0,0,0,0,1
HI-RBSE-303.txt,RB-1023,का,0,0,0,0,0,0,0,0,1
HI-RBSE-303.txt,RB-1024,तारा,0,0,0,0,0,0,0,0,1
HI-RBSE-303.txt,RB-1025,है,1,1,1,1,1,1,6,1,0
HI-RBSE-303.txt,RB-1026,आखिर,0,0,0,1,0,0,1,0,0
HI-RBSE-303.txt,RB-1027,ऐसा,0,0,0,0,0,0,0,0,1
HI-RBSE-303.txt,RB-1028,क्या,0,0,0,0,0,0,0,0,1
HI-RBSE-303.txt,RB-1029,है,0,0,0,0,0,0,0,0,1
HI-RBSE-303.txt,RB-1030,मगन,0,0,0,0,0,0,0,0,1
HI-RBSE-303.txt,RB-1031,मे,1,1,0,0,1,1,4,1,0
HI-RBSE-303.txt,RB-1032,कि,0,0,1,1,0,0,2,0,0
HI-RBSE-303.txt,RB-1033,सब,0,0,0,0,0,0,0,0,1
HI-RBSE-303.txt,RB-1034,लोग,0,0,0,0,0,0,0,0,1
HI-RBSE-303.txt,RB-1035,उसकी,0,0,0,0,0,0,0,0,1
HI-RBSE-303.txt,RB-1036,प्रशंसा,0,0,0,0,0,0,0,0,1
HI-RBSE-303.txt,RB-1037,करते,0,0,0,1,0,0,1,0,0
HI-RBSE-303.txt,RB-1038,नहीं,0,0,0,0,0,0,0,0,1
HI-RBSE-303.txt,RB-1039,थकते,1,1,1,1,1,1,6,1,0
HI-RBSE-303.txt,RB-1040,मगन,0,0,0,0,0,0,0,0,1
HI-RBSE-303.txt,RB-1041,कभी,0,0,0,0,0,0,0,0,1
HI-RBSE-303.txt,RB-1042,झूठ,0,0,0,0,0,0,0,0,1
HI-RBSE-303.txt,RB-1043,नहीं,0,0,0,0,0,0,0,0,1
HI-RBSE-303.txt,RB-1044,बोलता,1,1,1,1,1,1,6,1,0
HI-RBSE-303.txt,RB-1045,वह,0,0,0,0,0,0,0,0,1
HI-RBSE-303.txt,RB-1046,किसी,0,0,0,0,0,0,0,0,1
HI-RBSE-303.txt,RB-1047,की,0,0,0,0,0,0,0,0,1
HI-RBSE-303.txt,RB-1048,वस्तु,0,0,0,0,0,0,0,0,1
HI-RBSE-303.txt,RB-1049,नहीं,0,0,0,0,0,0,0,0,1
HI-RBSE-303.txt,RB-1050,चुराता,1,1,1,1,1,1,6,1,0
HI-RBSE-303.txt,RB-1051,बुरी,0,0,0,0,0,0,0,0,1
HI-RBSE-303.txt,RB-1052,संगत,0,0,0,0,0,0,0,0,1
HI-RBSE-303.txt,RB-1053,से,0,0,0,1,0,0,1,0,0
HI-RBSE-303.txt,RB-1054,सदैव,0,0,0,0,0,0,0,0,1
HI-RBSE-303.txt,RB-1055,बचता,0,0,0,0,0,0,0,0,1
HI-RBSE-303.txt,RB-1056,है,1,1,1,1,1,1,6,1,0
HI-RBSE-303.txt,RB-1057,अनुपयोगी,0,0,0,0,0,0,0,0,1
HI-RBSE-303.txt,RB-1058,वस्तुओं,0,0,0,0,0,0,0,0,1
HI-RBSE-303.txt,RB-1059,को,0,1,0,1,0,1,3,0,0
HI-RBSE-303.txt,RB-1060,इधर-उधर,0,0,0,0,0,0,0,0,1
HI-RBSE-303.txt,RB-1061,नहीं,0,0,0,0,0,0,0,0,1
HI-RBSE-303.txt,RB-1062,फेंकता,1,1,1,1,1,1,6,1,0
HI-RBSE-303.txt,RB-1063,हमेशा,0,0,0,0,0,1,1,0,0
HI-RBSE-303.txt,RB-1064,कचरा,0,0,0,0,0,0,0,0,1
HI-RBSE-303.txt,RB-1065,पात्र,0,0,0,0,0,0,0,0,1
HI-RBSE-303.txt,RB-1066,में,0,0,0,0,0,0,0,0,1
HI-RBSE-303.txt,RB-1067,ही,0,0,0,1,0,0,1,0,0
HI-RBSE-303.txt,RB-1068,कचरा,0,0,0,0,0,0,0,0,1
HI-RBSE-303.txt,RB-1069,डालता,0,0,0,0,0,0,0,0,1
HI-RBSE-303.txt,RB-1070,है,1,1,1,1,1,1,6,1,0
HI-RBSE-303.txt,RB-1071,कभी,0,0,0,0,0,0,0,0,1
HI-RBSE-303.txt,RB-1072,अपने,0,0,0,0,0,0,0,0,1
HI-RBSE-303.txt,RB-1073,माता-पिता,0,0,0,0,0,0,0,0,1
HI-RBSE-303.txt,RB-1074,की,0,0,0,0,0,0,0,0,1
HI-RBSE-303.txt,RB-1075,आज्ञा,0,0,0,1,0,1,2,0,0
HI-RBSE-303.txt,RB-1076,नहीं,0,0,0,0,0,0,0,0,1
HI-RBSE-303.txt,RB-1077,टालता,1,1,1,1,1,1,6,1,0
HI-RBSE-303.txt,RB-1078,यदि,0,0,0,0,0,0,0,0,1
HI-RBSE-303.txt,RB-1079,कोई,0,0,0,0,0,0,0,0,1
HI-RBSE-303.txt,RB-1080,पडोसी,0,0,0,0,0,0,0,0,1
HI-RBSE-303.txt,RB-1081,भी,0,0,0,1,0,0,1,0,0
HI-RBSE-303.txt,RB-1082,काम,0,0,0,0,0,0,0,0,1
HI-RBSE-303.txt,RB-1083,बता,0,0,0,0,0,0,0,0,1
HI-RBSE-303.txt,RB-1084,दे,1,1,1,1,1,1,6,1,0
HI-RBSE-303.txt,RB-1085,तो,0,0,0,0,0,0,0,0,1
HI-RBSE-303.txt,RB-1086,मना,0,0,0,0,0,0,0,0,1
HI-RBSE-303.txt,RB-1087,नहीं,0,0,0,0,0,0,0,0,1
HI-RBSE-303.txt,RB-1088,करता,1,1,1,1,1,1,6,1,0
HI-RBSE-303.txt,RB-1089,वह,0,0,0,0,0,0,0,0,1
HI-RBSE-303.txt,RB-1090,घर,0,0,0,0,0,0,0,0,1
HI-RBSE-303.txt,RB-1091,आए,0,0,0,0,0,0,0,0,1
HI-RBSE-303.txt,RB-1092,अतिथियों,0,0,0,0,0,0,0,0,1
HI-RBSE-303.txt,RB-1093,का,0,0,0,0,0,0,0,0,1
HI-RBSE-303.txt,RB-1094,स्वागत,1,1,1,1,1,1,6,1,0
HI-RBSE-303.txt,RB-1095,बड़े,0,0,0,0,0,0,0,0,1
HI-RBSE-303.txt,RB-1096,उत्साह,0,0,0,0,0,0,0,0,1
HI-RBSE-303.txt,RB-1097,से,0,0,0,0,0,0,0,0,1
HI-RBSE-303.txt,RB-1098,करता,0,0,0,0,0,0,0,0,1
HI-RBSE-303.txt,RB-1099,है,1,1,1,1,1,1,6,1,0
HI-RBSE-303.txt,RB-1100,कभी,0,0,0,0,0,0,0,0,1
HI-RBSE-303.txt,RB-1101,उन्हें,0,0,0,1,0,0,1,0,0
HI-RBSE-303.txt,RB-1102,भार,0,0,0,0,0,0,0,0,1
HI-RBSE-303.txt,RB-1103,नहीं,0,0,0,0,0,0,0,0,1
HI-RBSE-303.txt,RB-1104,समझता,1,1,1,1,1,1,6,1,0
HI-RBSE-303.txt,RB-1105,वह,0,0,0,0,0,0,0,0,1
HI-RBSE-303.txt,RB-1106,विनम्रता,0,0,0,0,0,0,0,0,1
HI-RBSE-303.txt,RB-1107,से,0,0,0,0,0,0,0,0,1
HI-RBSE-303.txt,RB-1108,बात,0,0,0,0,0,0,0,0,1
HI-RBSE-303.txt,RB-1109,करता,0,0,0,0,0,0,0,0,1
HI-RBSE-303.txt,RB-1110,है,1,1,1,1,1,1,6,1,0
HI-RBSE-303.txt,RB-1111,कड़वा,0,0,0,0,0,0,0,0,1
HI-RBSE-303.txt,RB-1112,बोल,0,0,0,0,0,0,0,0,1
HI-RBSE-303.txt,RB-1113,कर,1,1,0,1,0,1,4,1,0
HI-RBSE-303.txt,RB-1114,किसी,0,0,0,0,0,0,0,0,1
HI-RBSE-303.txt,RB-1115,का,0,0,0,0,0,0,0,0,1
HI-RBSE-303.txt,RB-1116,दिल,0,0,0,1,0,0,1,0,0
HI-RBSE-303.txt,RB-1117,नहीं,0,0,0,0,0,0,0,0,1
HI-RBSE-303.txt,RB-1118,दुखाता,1,1,1,1,1,1,6,1,0
HI-RBSE-303.txt,RB-1119,मगन,0,0,0,0,0,0,0,0,1
HI-RBSE-303.txt,RB-1120,अपने,0,0,0,0,0,0,0,0,1
HI-RBSE-303.txt,RB-1121,से,0,0,0,0,0,0,0,0,1
HI-RBSE-303.txt,RB-1122,बड़ों,0,0,0,0,0,0,0,0,1
HI-RBSE-303.txt,RB-1123,के,0,0,0,0,0,0,0,0,1
HI-RBSE-303.txt,RB-1124,साथ,1,1,1,1,0,1,5,1,0
HI-RBSE-303.txt,RB-1125,आदरपूर्वक,0,0,0,0,0,0,0,0,1
HI-RBSE-303.txt,RB-1126,व्यवहार,0,0,0,0,0,0,0,0,1
HI-RBSE-303.txt,RB-1127,करता,0,0,0,0,0,0,0,0,1
HI-RBSE-303.txt,RB-1128,है,1,1,1,1,1,1,6,1,0
HI-RBSE-303.txt,RB-1129,बड़ों,0,0,0,0,0,0,0,0,1
HI-RBSE-303.txt,RB-1130,की,0,0,0,0,0,0,0,0,1
HI-RBSE-303.txt,RB-1131,बात,0,0,0,0,0,0,0,0,1
HI-RBSE-303.txt,RB-1132,को,1,0,0,1,0,1,3,0,0
HI-RBSE-303.txt,RB-1133,कभी,0,0,0,0,0,0,0,0,1
HI-RBSE-303.txt,RB-1134,नहीं,0,0,0,0,0,0,0,0,1
HI-RBSE-303.txt,RB-1135,काटता,1,1,1,1,1,1,6,1,0
HI-RBSE-303.txt,RB-1136,हमेशा,0,0,0,1,0,0,1,0,0
HI-RBSE-303.txt,RB-1137,शिष्ट,0,0,0,0,0,0,0,0,1
HI-RBSE-303.txt,RB-1138,भाषा,0,0,0,0,0,0,0,0,1
HI-RBSE-303.txt,RB-1139,का,0,0,0,0,0,0,0,0,1
HI-RBSE-303.txt,RB-1140,प्रयोग,0,0,0,0,0,0,0,0,1
HI-RBSE-303.txt,RB-1141,करता,0,0,0,0,0,0,0,0,1
HI-RBSE-303.txt,RB-1142,है,1,1,1,1,1,1,6,1,0
HI-RBSE-307.txt,RB-1001,एक,0,0,0,0,0,0,0,0,1
HI-RBSE-307.txt,RB-1002,गाँव,0,0,0,0,0,0,0,0,1
HI-RBSE-307.txt,RB-1003,में,1,1,1,1,0,1,5,1,0
HI-RBSE-307.txt,RB-1004,एक,0,0,0,0,0,0,0,0,1
HI-RBSE-307.txt,RB-1005,आदमी,0,0,0,0,0,0,0,0,1
HI-RBSE-307.txt,RB-1006,रहता,0,0,0,0,0,0,0,0,1
HI-RBSE-307.txt,RB-1007,था,1,1,1,1,1,1,6,1,0
HI-RBSE-307.txt,RB-1008,वह,0,0,0,0,0,0,0,0,1
HI-RBSE-307.txt,RB-1009,मिट्टी,0,0,0,0,0,0,0,0,1
HI-RBSE-307.txt,RB-1010,की,0,0,1,0,0,0,1,0,0
HI-RBSE-307.txt,RB-1011,मूर्तियाँ,0,1,0,0,0,0,1,0,0
HI-RBSE-307.txt,RB-1012,बनाया,0,0,0,0,0,0,0,0,1
HI-RBSE-307.txt,RB-1013,करता,0,0,0,0,0,0,0,0,1
HI-RBSE-307.txt,RB-1014,था,1,1,1,1,1,1,6,1,0
HI-RBSE-307.txt,RB-1015,उसकी,0,0,0,0,0,0,0,0,1
HI-RBSE-307.txt,RB-1016,बनाई,0,0,0,0,0,0,0,0,1
HI-RBSE-307.txt,RB-1017,मूर्तियाँ,1,1,1,1,0,1,5,1,0
HI-RBSE-307.txt,RB-1018,सुंदर,0,0,0,0,0,0,0,0,1
HI-RBSE-307.txt,RB-1019,होती,0,0,0,0,0,0,0,0,1
HI-RBSE-307.txt,RB-1020,थीं,1,1,1,1,1,1,6,1,0
HI-RBSE-307.txt,RB-1021,इसलिए,0,0,0,1,0,0,1,0,0
HI-RBSE-307.txt,RB-1022,वे,0,0,1,0,0,0,1,0,0
HI-RBSE-307.txt,RB-1023,बाजार,0,0,0,0,0,0,0,0,1
HI-RBSE-307.txt,RB-1024,में,0,1,0,1,0,1,3,0,0
HI-RBSE-307.txt,RB-1025,आसानी,0,0,0,0,0,0,0,0,1
HI-RBSE-307.txt,RB-1026,से,0,0,0,0,0,0,0,0,1
HI-RBSE-307.txt,RB-1027,बिक,0,0,0,0,0,0,0,0,1
HI-RBSE-307.txt,RB-1028,जाती,0,0,0,0,0,0,0,0,1
HI-RBSE-307.txt,RB-1029,थीं,1,1,1,1,1,1,6,1,0
HI-RBSE-307.txt,RB-1030,अच्छे,0,0,0,0,0,0,0,0,1
HI-RBSE-307.txt,RB-1031,दिन,0,0,0,0,0,0,0,0,1
HI-RBSE-307.txt,RB-1032,थे,1,1,1,1,1,1,6,1,0
HI-RBSE-307.txt,RB-1033,उसका,0,0,0,0,0,0,0,0,1
HI-RBSE-307.txt,RB-1034,गुजारा,0,1,1,1,0,1,4,1,0
HI-RBSE-307.txt,RB-1035,मज़े,0,0,0,0,0,0,0,0,1
HI-RBSE-307.txt,RB-1036,में,0,0,0,0,0,0,0,0,1
HI-RBSE-307.txt,RB-1037,हो,0,0,0,0,0,0,0,0,1
HI-RBSE-307.txt,RB-1038,जाता,0,0,0,0,0,0,0,0,1
HI-RBSE-307.txt,RB-1039,था,1,1,1,1,1,1,6,1,0
HI-RBSE-307.txt,RB-1040,जब,0,0,0,0,0,0,0,0,1
HI-RBSE-307.txt,RB-1041,उसका,0,0,0,0,0,0,0,0,1
HI-RBSE-307.txt,RB-1042,लड़का,0,0,1,0,0,1,2,0,0
HI-RBSE-307.txt,RB-1043,बड़ा,0,0,0,0,0,0,0,0,1
HI-RBSE-307.txt,RB-1044,होने,0,0,0,0,0,0,0,0,1
HI-RBSE-307.txt,RB-1045,लगा,1,1,1,1,1,1,6,1,0
HI-RBSE-307.txt,RB-1046,तो,0,0,0,0,0,0,0,0,1
HI-RBSE-307.txt,RB-1047,बाप,0,0,0,0,0,0,0,0,1
HI-RBSE-307.txt,RB-1048,ने,0,0,1,0,0,0,1,0,0
HI-RBSE-307.txt,RB-1049,बेटे,0,0,0,0,0,0,0,0,1
HI-RBSE-307.txt,RB-1050,के,0,0,0,0,0,0,0,0,1
HI-RBSE-307.txt,RB-1051,हाथ,0,0,0,0,0,0,0,0,1
HI-RBSE-307.txt,RB-1052,में,0,1,1,0,0,1,3,0,0
HI-RBSE-307.txt,RB-1053,हुनर,0,0,0,0,0,0,0,0,1
HI-RBSE-307.txt,RB-1054,देखकर,1,1,1,1,1,1,6,1,0
HI-RBSE-307.txt,RB-1055,उसे,0,0,0,0,0,0,0,0,1
HI-RBSE-307.txt,RB-1056,भी,0,0,0,0,0,0,0,0,1
HI-RBSE-307.txt,RB-1057,मूर्ति,0,0,0,0,0,0,0,0,1
HI-RBSE-307.txt,RB-1058,बनाने,0,0,0,0,0,0,0,0,1
HI-RBSE-307.txt,RB-1059,का,0,0,0,0,0,0,0,0,1
HI-RBSE-307.txt,RB-1060,काम,0,1,1,1,0,0,3,0,0
HI-RBSE-307.txt,RB-1061,सिखा,0,0,0,0,0,0,0,0,1
HI-RBSE-307.txt,RB-1062,दिया,1,1,1,1,1,1,6,1,0
HI-RBSE-307.txt,RB-1063,अब,0,0,0,0,0,0,0,0,1
HI-RBSE-307.txt,RB-1064,बाप,0,0,1,0,0,1,2,0,0
HI-RBSE-307.txt,RB-1065,और,0,0,0,0,0,0,0,0,1
HI-RBSE-307.txt,RB-1066,बेटा,1,1,1,1,1,1,6,1,0
HI-RBSE-307.txt,RB-1067,दोनों,0,0,0,1,0,0,1,0,0
HI-RBSE-307.txt,RB-1068,मूर्तियाँ,0,0,0,0,0,0,0,0,1
HI-RBSE-307.txt,RB-1069,बनाने,0,0,0,0,0,0,0,0,1
HI-RBSE-307.txt,RB-1070,लगे,1,1,1,1,1,1,6,1,0
HI-RBSE-307.txt,RB-1071,बेटे,0,0,0,0,0,0,0,0,1
HI-RBSE-307.txt,RB-1072,का,0,0,0,0,0,0,0,0,1
HI-RBSE-307.txt,RB-1073,हाथ,1,1,1,1,0,1,5,1,0
HI-RBSE-307.txt,RB-1074,बाप,0,0,0,0,0,0,0,0,1
HI-RBSE-307.txt,RB-1075,से,0,0,1,0,0,0,1,0,0
HI-RBSE-307.txt,RB-1076,ज्यादा,0,0,0,0,0,0,0,0,1
HI-RBSE-307.txt,RB-1077,साफ,0,0,0,0,0,0,0,0,1
HI-RBSE-307.txt,RB-1078,था,1,1,1,1,1,1,6,1,0
HI-RBSE-307.txt,RB-1079,वैसे,0,0,0,0,0,0,0,0,1
HI-RBSE-307.txt,RB-1080,भी,0,0,1,1,0,0,2,0,0
HI-RBSE-307.txt,RB-1081,नवयुवक,0,0,1,0,0,0,1,0,0
HI-RBSE-307.txt,RB-1082,होने,0,0,0,0,0,0,0,0,1
HI-RBSE-307.txt,RB-1083,के,0,0,0,0,0,0,0,0,1
HI-RBSE-307.txt,RB-1084,कारण,1,1,1,1,1,1,6,1,0
HI-RBSE-307.txt,RB-1085,वह,0,0,0,0,0,0,0,0,1
HI-RBSE-307.txt,RB-1086,अधिक,0,0,0,0,0,0,0,0,1
HI-RBSE-307.txt,RB-1087,चुस्त,0,1,1,1,0,1,4,1,0
HI-RBSE-307.txt,RB-1088,और,0,0,0,0,0,0,0,0,1
HI-RBSE-307.txt,RB-1089,फुर्तीला,0,0,0,0,0,0,0,0,1
HI-RBSE-307.txt,RB-1090,था,1,1,1,1,1,1,6,1,0
HI-RBSE-307.txt,RB-1091,उसकी,0,0,0,0,0,0,0,0,1
HI-RBSE-307.txt,RB-1092,मूर्तियाँ,1,1,1,1,0,1,5,1,0
HI-RBSE-307.txt,RB-1093,बाप,0,0,0,0,0,0,0,0,1
HI-RBSE-307.txt,RB-1094,से,0,0,0,1,0,0,1,0,0
HI-RBSE-307.txt,RB-1095,अच्छी,0,0,1,0,0,0,1,0,0
HI-RBSE-307.txt,RB-1096,बनने,0,0,0,0,0,0,0,0,1
HI-RBSE-307.txt,RB-1097,लगी,1,1,1,1,1,1,6,1,0
HI-RBSE-307.txt,RB-1098,शुरू,0,0,0,0,0,0,0,0,1
HI-RBSE-307.txt,RB-1099,में,0,0,0,0,0,0,0,0,1
HI-RBSE-307.txt,RB-1100,तो,0,1,1,1,0,1,4,1,0
HI-RBSE-307.txt,RB-1101,उसकी,0,0,0,0,0,0,0,0,1
HI-RBSE-307.txt,RB-1102,बनाई,0,0,0,0,0,0,0,0,1
HI-RBSE-307.txt,RB-1103,मूर्तियाँ,1,1,1,1,0,1,5,1,0
HI-RBSE-307.txt,RB-1104,उसी,0,0,0,0,0,0,0,0,1
HI-RBSE-307.txt,RB-1105,दाम,0,0,0,0,0,0,0,0,1
HI-RBSE-307.txt,RB-1106,में,0,0,0,0,0,0,0,0,1
HI-RBSE-307.txt,RB-1107,बिकती,0,0,0,0,0,0,0,0,1
HI-RBSE-307.txt,RB-1108,थी,1,1,1,1,1,1,6,1,0
HI-RBSE-307.txt,RB-1109,जिस,0,0,0,0,0,0,0,0,1
HI-RBSE-307.txt,RB-1110,दाम,0,0,0,0,0,0,0,0,1
HI-RBSE-307.txt,RB-1111,में,0,0,0,1,0,0,1,0,0
HI-RBSE-307.txt,RB-1112,बाप,0,0,0,0,0,0,0,0,1
HI-RBSE-307.txt,RB-1113,की,1,1,1,1,1,1,6,1,0
HI-RBSE-307.txt,RB-1114,लेकिन,0,0,1,1,0,0,2,0,0
HI-RBSE-307.txt,RB-1115,बाप,0,0,0,0,0,0,0,0,1
HI-RBSE-307.txt,RB-1116,की,0,0,0,0,0,0,0,0,1
HI-RBSE-307.txt,RB-1117,डाँट,0,0,0,0,0,0,0,0,1
HI-RBSE-307.txt,RB-1118,खाने,0,0,0,0,0,0,0,0,1
HI-RBSE-307.txt,RB-1119,के,0,0,0,0,0,0,0,0,1
HI-RBSE-307.txt,RB-1120,बाद,1,1,1,1,1,1,6,1,0
HI-RBSE-307.txt,RB-1121,और,0,0,0,0,0,0,0,0,1
HI-RBSE-307.txt,RB-1122,अधिक,0,0,0,0,0,0,0,0,1
HI-RBSE-307.txt,RB-1123,ध्यान,0,0,0,0,0,0,0,0,1
HI-RBSE-307.txt,RB-1124,से,0,1,1,0,0,1,3,0,0
HI-RBSE-307.txt,RB-1125,काम,0,0,0,0,0,0,0,0,1
HI-RBSE-307.txt,RB-1126,करने,0,0,0,0,0,0,0,0,1
HI-RBSE-307.txt,RB-1127,के,0,0,0,0,0,0,0,0,1
HI-RBSE-307.txt,RB-1128,कारण,1,1,1,1,1,1,6,1,0
HI-RBSE-307.txt,RB-1129,उसकी,0,0,0,0,0,0,0,0,1
HI-RBSE-307.txt,RB-1130,बनाई,0,0,0,0,0,0,0,0,1
HI-RBSE-307.txt,RB-1131,हुई,0,0,0,0,0,0,0,0,1
HI-RBSE-307.txt,RB-1132,मूर्तियाँ,1,1,1,1,1,1,6,1,0
HI-RBSE-307.txt,RB-1133,बाप,0,0,0,0,0,0,0,0,1
HI-RBSE-307.txt,RB-1134,की,0,0,0,0,0,0,0,0,1
HI-RBSE-307.txt,RB-1135,बनाई,0,0,0,0,0,0,0,0,1
HI-RBSE-307.txt,RB-1136,हुई,0,0,0,0,0,0,0,0,1
HI-RBSE-307.txt,RB-1137,मूर्तियों,0,0,0,0,0,0,0,0,1
HI-RBSE-307.txt,RB-1138,से,1,1,1,1,0,1,5,1,0
HI-RBSE-307.txt,RB-1139,अधिक,0,0,0,0,0,0,0,0,1
HI-RBSE-307.txt,RB-1140,दाम,0,0,0,0,0,0,0,0,1
HI-RBSE-307.txt,RB-1141,पर,0,0,1,0,0,0,1,0,0
HI-RBSE-307.txt,RB-1142,बिकने,0,0,0,0,0,0,0,0,1
HI-RBSE-307.txt,RB-1143,लगी,1,1,1,1,1,1,6,1,0
HI-RBSE-315.txt,RB-1001,राजा,0,0,0,0,0,0,0,0,1
HI-RBSE-315.txt,RB-1002,उत्तानपाद,0,0,0,1,0,0,1,0,0
HI-RBSE-315.txt,RB-1003,महाप्रतापी,0,0,0,0,0,0,0,0,1
HI-RBSE-315.txt,RB-1004,थे,1,1,1,1,1,1,6,1,0
HI-RBSE-315.txt,RB-1005,उनकी,0,0,0,0,0,0,0,0,1
HI-RBSE-315.txt,RB-1006,दो,0,0,0,0,0,0,0,0,1
HI-RBSE-315.txt,RB-1007,रानियाँ,0,0,0,0,0,0,0,0,1
HI-RBSE-315.txt,RB-1008,थीं,1,1,1,1,1,1,6,1,0
HI-RBSE-315.txt,RB-1009,सुनीति,1,1,0,0,1,1,4,1,0
HI-RBSE-315.txt,RB-1010,और,0,0,0,0,0,0,0,0,1
HI-RBSE-315.txt,RB-1011,सुरुचि,1,1,1,1,1,1,6,1,0
HI-RBSE-315.txt,RB-1012,दोनों,0,0,0,0,0,0,0,0,1
HI-RBSE-315.txt,RB-1013,का,0,1,0,0,0,1,2,0,0
HI-RBSE-315.txt,RB-1014,एक-एक,0,0,0,0,0,0,0,0,1
HI-RBSE-315.txt,RB-1015,पुत्र,0,0,0,0,0,0,0,0,1
HI-RBSE-315.txt,RB-1016,था,1,1,1,1,1,1,6,1,0
HI-RBSE-315.txt,RB-1017,सुनीति,0,0,0,0,0,0,0,0,1
HI-RBSE-315.txt,RB-1018,के,0,0,0,0,0,0,0,0,1
HI-RBSE-315.txt,RB-1019,पुत्र,0,0,0,0,0,0,0,0,1
HI-RBSE-315.txt,RB-1020,का,0,0,0,0,0,0,0,0,1
HI-RBSE-315.txt,RB-1021,नाम,0,1,0,1,0,1,3,0,0
HI-RBSE-315.txt,RB-1022,ध्रुव,1,1,1,1,1,1,6,1,0
HI-RBSE-315.txt,RB-1023,और,0,0,0,0,0,0,0,0,1
HI-RBSE-315.txt,RB-1024,सुरुचि,0,0,0,0,0,0,0,0,1
HI-RBSE-315.txt,RB-1025,के,0,0,0,0,0,0,0,0,1
HI-RBSE-315.txt,RB-1026,पुत्र,0,0,0,0,0,0,0,0,1
HI-RBSE-315.txt,RB-1027,का,0,0,0,0,0,0,0,0,1
HI-RBSE-315.txt,RB-1028,नाम,0,1,0,1,0,1,3,0,0
HI-RBSE-315.txt,RB-1029,उत्तम,0,0,0,0,0,0,0,0,1
HI-RBSE-315.txt,RB-1030,था,1,1,1,1,1,1,6,1,0
HI-RBSE-315.txt,RB-1031,सुनीति,0,0,0,0,0,0,0,0,1
HI-RBSE-315.txt,RB-1032,बड़ी,0,0,0,0,0,0,0,0,1
HI-RBSE-315.txt,RB-1033,रानी,0,0,0,0,0,0,0,0,1
HI-RBSE-315.txt,RB-1034,थी,1,1,1,1,1,1,6,1,0
HI-RBSE-315.txt,RB-1035,परन्तु,0,0,1,0,0,0,1,0,0
HI-RBSE-315.txt,RB-1036,राजा,1,0,0,1,0,0,2,0,0
HI-RBSE-315.txt,RB-1037,छोटी,0,0,0,0,0,0,0,0,1
HI-RBSE-315.txt,RB-1038,रानी,0,1,0,0,0,1,2,0,0
HI-RBSE-315.txt,RB-1039,सुरुचि,0,0,0,0,0,0,0,0,1
HI-RBSE-315.txt,RB-1040,को,0,0,0,0,0,0,0,0,1
HI-RBSE-315.txt,RB-1041,ही,0,0,0,1,0,0,1,0,0
HI-RBSE-315.txt,RB-1042,मान,0,0,0,0,0,0,0,0,1
HI-RBSE-315.txt,RB-1043,देते,0,0,0,0,0,0,0,0,1
HI-RBSE-315.txt,RB-1044,थे,1,1,1,1,1,1,6,1,0
HI-RBSE-315.txt,RB-1045,सुरुचि,0,0,0,0,0,0,0,0,1
HI-RBSE-315.txt,RB-1046,जैसा,0,0,0,0,0,0,0,0,1
HI-RBSE-315.txt,RB-1047,कहती,1,1,1,1,1,1,6,1,0
HI-RBSE-315.txt,RB-1048,राजा,0,0,0,0,0,0,0,0,1
HI-RBSE-315.txt,RB-1049,वैसा,0,0,0,0,0,0,0,0,1
HI-RBSE-315.txt,RB-1050,ही,0,0,0,0,0,0,0,0,1
HI-RBSE-315.txt,RB-1051,करते,1,1,1,1,1,1,6,1,0
HI-RBSE-315.txt,RB-1052,राज्य,0,0,0,0,0,0,0,0,1
HI-RBSE-315.txt,RB-1053,के,0,0,0,0,0,0,0,0,1
HI-RBSE-315.txt,RB-1054,सभी,0,0,0,0,0,0,0,0,1
HI-RBSE-315.txt,RB-1055,लोग,1,1,1,1,1,1,6,1,0
HI-RBSE-315.txt,RB-1056,सुरुचि,0,0,0,0,0,0,0,0,1
HI-RBSE-315.txt,RB-1057,का,0,0,0,0,0,0,0,0,1
HI-RBSE-315.txt,RB-1058,ही,0,0,0,0,0,0,0,0,1
HI-RBSE-315.txt,RB-1059,आदर,0,0,0,0,0,0,0,0,1
HI-RBSE-315.txt,RB-1060,करते,0,0,0,0,0,0,0,0,1
HI-RBSE-315.txt,RB-1061,थे,1,1,1,1,1,1,6,1,0
HI-RBSE-315.txt,RB-1062,सुनीति,0,0,0,0,0,0,0,0,1
HI-RBSE-315.txt,RB-1063,को,0,0,0,0,0,0,0,0,1
HI-RBSE-315.txt,RB-1064,कोई,0,0,0,0,0,0,0,0,1
HI-RBSE-315.txt,RB-1065,नहीं,0,0,0,0,0,0,0,0,1
HI-RBSE-315.txt,RB-1066,पूछता,0,0,0,0,0,0,0,0,1
HI-RBSE-315.txt,RB-1067,था,1,1,1,1,1,1,6,1,0
HI-RBSE-315.txt,RB-1068,सुनीति,0,0,0,0,0,0,0,0,1
HI-RBSE-315.txt,RB-1069,अपने,0,0,0,0,0,0,0,0,1
HI-RBSE-315.txt,RB-1070,पुत्र,0,1,0,0,0,1,2,0,0
HI-RBSE-315.txt,RB-1071,ध्रुव,0,0,0,0,0,0,0,0,1
HI-RBSE-315.txt,RB-1072,के,0,0,0,0,0,0,0,0,1
HI-RBSE-315.txt,RB-1073,साथ,1,0,1,1,1,0,4,1,0
HI-RBSE-315.txt,RB-1074,महल,0,0,0,0,0,0,0,0,1
HI-RBSE-315.txt,RB-1075,में,0,1,0,0,0,1,2,0,0
HI-RBSE-315.txt,RB-1076,अकेली,0,0,0,0,0,0,0,0,1
HI-RBSE-315.txt,RB-1077,रहती,0,0,0,0,0,0,0,0,1
HI-RBSE-315.txt,RB-1078,थी,1,1,1,1,1,1,6,1,0
HI-RBSE-315.txt,RB-1079,एक,0,0,0,0,0,0,0,0,1
HI-RBSE-315.txt,RB-1080,दिन,0,1,0,1,0,1,3,0,0
HI-RBSE-315.txt,RB-1081,राजा,0,0,0,0,0,0,0,0,1
HI-RBSE-315.txt,RB-1082,उत्तानपाद,1,1,1,0,0,1,4,1,0
HI-RBSE-315.txt,RB-1083,दरबार,0,0,0,0,0,0,0,0,1
HI-RBSE-315.txt,RB-1084,में,0,0,0,0,0,0,0,0,1
HI-RBSE-315.txt,RB-1085,बैठे,0,0,0,0,0,0,0,0,1
HI-RBSE-315.txt,RB-1086,थे,1,1,1,1,1,1,6,1,0
HI-RBSE-315.txt,RB-1087,नृत्य-गान,0,0,0,0,0,0,0,0,1
HI-RBSE-315.txt,RB-1088,हो,0,0,0,0,0,0,0,0,1
HI-RBSE-315.txt,RB-1089,रहा,0,0,0,0,0,0,0,0,1
HI-RBSE-315.txt,RB-1090,था,1,1,1,1,1,1,6,1,0
HI-RBSE-315.txt,RB-1091,सब,0,0,0,0,0,0,0,0,1
HI-RBSE-315.txt,RB-1092,प्रसन्न,0,0,0,0,0,0,0,0,1
HI-RBSE-315.txt,RB-1093,थे,1,1,1,1,1,1,6,1,0
HI-RBSE-315.txt,RB-1094,राजकुमार,0,0,0,0,0,0,0,0,1
HI-RBSE-315.txt,RB-1095,उत्तम,1,1,1,1,1,1,6,1,0
HI-RBSE-315.txt,RB-1096,राजा,0,0,0,0,0,0,0,0,1
HI-RBSE-315.txt,RB-1097,की,0,0,0,0,0,0,0,0,1
HI-RBSE-315.txt,RB-1098,गोद,0,0,0,0,0,0,0,0,1
HI-RBSE-315.txt,RB-1099,में,0,0,0,0,0,0,0,0,1
HI-RBSE-315.txt,RB-1100,बैठा,1,1,0,1,0,1,4,1,0
HI-RBSE-315.txt,RB-1101,खेल,0,0,0,0,0,0,0,0,1
HI-RBSE-315.txt,RB-1102,रहा,0,0,0,0,0,0,0,0,1
HI-RBSE-315.txt,RB-1103,था,1,1,1,1,1,1,6,1,0
HI-RBSE-315.txt,RB-1104,इतने,0,0,0,0,0,0,0,0,1
HI-RBSE-315.txt,RB-1105,में,1,1,0,1,0,1,4,1,0
HI-RBSE-315.txt,RB-1106,खेलते-खेलते,1,1,1,1,0,1,5,1,0
HI-RBSE-315.txt,RB-1107,ध्रुव,0,0,0,0,0,0,0,0,1
HI-RBSE-315.txt,RB-1108,भी,0,0,0,0,0,0,0,0,1
HI-RBSE-315.txt,RB-1109,वहाँ,0,0,0,0,0,0,0,0,1
HI-RBSE-315.txt,RB-1110,आ,0,0,0,0,0,0,0,0,1
HI-RBSE-315.txt,RB-1111,पहुँचा,1,1,1,1,1,1,6,1,0
HI-RBSE-315.txt,RB-1112,पिता,0,0,0,0,0,0,0,0,1
HI-RBSE-315.txt,RB-1113,की,0,0,0,0,0,0,0,0,1
HI-RBSE-315.txt,RB-1114,गोद,0,0,0,0,0,0,0,0,1
HI-RBSE-315.txt,RB-1115,में,0,1,0,1,0,1,3,0,0
HI-RBSE-315.txt,RB-1116,उत्तम,0,0,0,0,0,0,0,0,1
HI-RBSE-315.txt,RB-1117,को,0,0,0,0,0,0,0,0,1
HI-RBSE-315.txt,RB-1118,खेलता,0,0,0,0,0,0,0,0,1
HI-RBSE-315.txt,RB-1119,देख,1,1,1,1,1,1,6,1,0
HI-RBSE-315.txt,RB-1120,उसकी,0,0,0,0,0,0,0,0,1
HI-RBSE-315.txt,RB-1121,भी,0,0,0,0,0,0,0,0,1
HI-RBSE-315.txt,RB-1122,गोद,0,0,0,0,0,0,0,0,1
HI-RBSE-315.txt,RB-1123,में,0,1,0,0,0,1,2,0,0
HI-RBSE-315.txt,RB-1124,बैठने,0,0,0,0,0,0,0,0,1
HI-RBSE-315.txt,RB-1125,की,0,0,0,1,0,0,1,0,0
HI-RBSE-315.txt,RB-1126,इच्छा,0,0,0,0,0,0,0,0,1
HI-RBSE-315.txt,RB-1127,हुई,1,1,1,1,1,1,6,1,0
HI-RBSE-315.txt,RB-1128,वह,0,0,0,0,0,0,0,0,1
HI-RBSE-315.txt,RB-1129,दौड़ता,0,0,0,0,0,0,0,0,1
HI-RBSE-315.txt,RB-1130,हुआ,0,0,0,0,0,0,0,0,1
HI-RBSE-315.txt,RB-1131,गया,1,1,1,1,1,1,6,1,0
HI-RBSE-315.txt,RB-1132,और,0,0,0,0,0,0,0,0,1
HI-RBSE-315.txt,RB-1133,राजा,0,0,0,0,0,0,0,0,1
HI-RBSE-315.txt,RB-1134,की,0,0,0,0,0,0,0,0,1
HI-RBSE-315.txt,RB-1135,गोद,0,0,0,0,0,0,0,0,1
HI-RBSE-315.txt,RB-1136,में,0,0,0,0,0,0,0,0,1
HI-RBSE-315.txt,RB-1137,चढ़,0,0,0,0,0,0,0,0,1
HI-RBSE-315.txt,RB-1138,बैठा,1,1,1,1,1,1,6,1,0
HI-RBSE-402.txt,RB-1001,किसी,0,0,0,0,0,0,0,0,1
HI-RBSE-402.txt,RB-1002,वन,0,0,0,0,0,0,0,0,1
HI-RBSE-402.txt,RB-1003,में,1,1,1,1,1,1,6,1,0
HI-RBSE-402.txt,RB-1004,भासुरक,0,0,0,0,0,0,0,0,1
HI-RBSE-402.txt,RB-1005,नाम,0,0,0,0,0,0,0,0,1
HI-RBSE-402.txt,RB-1006,का,1,0,1,1,0,0,3,0,0
HI-RBSE-402.txt,RB-1007,एक,0,0,0,0,0,0,0,0,1
HI-RBSE-402.txt,RB-1008,सिंह,0,0,0,0,0,0,0,0,1
HI-RBSE-402.txt,RB-1009,रहता,0,0,0,0,0,0,0,0,1
HI-RBSE-402.txt,RB-1010,था,1,1,1,1,1,1,6,1,0
HI-RBSE-402.txt,RB-1011,वह,0,0,0,0,0,0,0,0,1
HI-RBSE-402.txt,RB-1012,प्रतिदिन,1,1,1,1,1,1,6,1,0
HI-RBSE-402.txt,RB-1013,अनेक,0,0,0,0,0,0,0,0,1
HI-RBSE-402.txt,RB-1014,वन्य,0,0,0,0,0,0,0,0,1
HI-RBSE-402.txt,RB-1015,जीवों,0,0,0,0,0,0,0,0,1
HI-RBSE-402.txt,RB-1016,को,0,1,1,1,0,1,4,1,0
HI-RBSE-402.txt,RB-1017,मारा,0,0,0,0,0,0,0,0,1
HI-RBSE-402.txt,RB-1018,करता,0,0,0,0,0,0,0,0,1
HI-RBSE-402.txt,RB-1019,था,1,1,1,1,1,1,6,1,0
HI-RBSE-402.txt,RB-1020,वन,0,0,0,0,0,0,0,0,1
HI-RBSE-402.txt,RB-1021,के,0,0,0,0,0,0,0,0,1
HI-RBSE-402.txt,RB-1022,सभी,0,0,0,0,0,0,0,0,1
HI-RBSE-402.txt,RB-1023,जीव-जंतु,1,1,1,1,0,1,5,1,0
HI-RBSE-402.txt,RB-1024,उससे,0,0,0,0,0,0,0,0,1
HI-RBSE-402.txt,RB-1025,परेशान,0,0,0,0,0,0,0,0,1
HI-RBSE-402.txt,RB-1026,थे,1,1,1,1,1,1,6,1,0
HI-RBSE-402.txt,RB-1027,एक,0,0,0,0,0,0,0,0,1
HI-RBSE-402.txt,RB-1028,दिन,1,1,1,1,1,1,6,1,0
HI-RBSE-402.txt,RB-1029,जंगल,0,0,0,0,0,0,0,0,1
HI-RBSE-402.txt,RB-1030,के,0,0,0,0,0,0,0,0,1
HI-RBSE-402.txt,RB-1031,सभी,0,0,0,0,0,0,0,0,1
HI-RBSE-402.txt,RB-1032,जीव,1,0,1,0,0,0,2,0,0
HI-RBSE-402.txt,RB-1033,मिलकर,0,1,0,0,0,1,2,0,0
HI-RBSE-402.txt,RB-1034,उसके,0,0,0,0,0,0,0,0,1
HI-RBSE-402.txt,RB-1035,पास,0,0,0,0,0,0,0,0,1
HI-RBSE-402.txt,RB-1036,पहुँचे,1,1,1,1,1,1,6,1,0
HI-RBSE-402.txt,RB-1037,उससे,0,0,0,0,0,0,0,0,1
HI-RBSE-402.txt,RB-1038,निवेदन,0,0,0,0,0,0,0,0,1
HI-RBSE-402.txt,RB-1039,किया,1,1,1,1,1,1,6,1,0
HI-RBSE-402.txt,RB-1040,और,0,0,0,0,0,0,0,0,1
HI-RBSE-402.txt,RB-1041,कहा,1,1,0,0,1,1,4,1,0
HI-RBSE-402.txt,RB-1042,कि,0,0,0,1,0,0,1,0,0
HI-RBSE-402.txt,RB-1043,प्रतिदिन,0,0,1,0,0,0,1,0,0
HI-RBSE-402.txt,RB-1044,अनेक,0,0,0,0,0,0,0,0,1
HI-RBSE-402.txt,RB-1045,प्राणियों,0,0,0,0,0,0,0,0,1
HI-RBSE-402.txt,RB-1046,को,0,0,0,0,0,0,0,0,1
HI-RBSE-402.txt,RB-1047,मारने,0,0,0,0,0,0,0,0,1
HI-RBSE-402.txt,RB-1048,से,1,1,1,1,0,1,5,1,0
HI-RBSE-402.txt,RB-1049,भला,0,0,0,0,0,0,0,0,1
HI-RBSE-402.txt,RB-1050,क्या,0,0,0,0,0,0,0,0,1
HI-RBSE-402.txt,RB-1051,लाभ,1,1,1,1,1,1,6,1,0
HI-RBSE-402.txt,RB-1052,उसका,0,0,0,0,0,0,0,0,1
HI-RBSE-402.txt,RB-1053,आहार,0,0,0,0,0,0,0,0,1
HI-RBSE-402.txt,RB-1054,तो,1,1,1,1,0,1,5,1,0
HI-RBSE-402.txt,RB-1055,एक,0,0,0,0,0,0,0,0,1
HI-RBSE-402.txt,RB-1056,जीव,0,0,0,0,0,0,0,0,1
HI-RBSE-402.txt,RB-1057,से,0,0,0,0,0,0,0,0,1
HI-RBSE-402.txt,RB-1058,पूर्ण,0,0,0,0,0,0,0,0,1
HI-RBSE-402.txt,RB-1059,हो,0,0,0,0,0,0,0,0,1
HI-RBSE-402.txt,RB-1060,जाता,0,0,0,0,0,0,0,0,1
HI-RBSE-402.txt,RB-1061,है,1,1,1,1,1,1,6,1,0
HI-RBSE-402.txt,RB-1062,अतः,0,1,1,1,1,1,5,1,0
HI-RBSE-402.txt,RB-1063,प्रतिदिन,1,0,0,0,1,0,2,0,0
HI-RBSE-402.txt,RB-1064,एक,0,0,0,0,0,0,0,0,1
HI-RBSE-402.txt,RB-1065,पशु,1,1,1,1,0,1,5,1,0
HI-RBSE-402.txt,RB-1066,उसके,0,0,0,0,0,0,0,0,1
HI-RBSE-402.txt,RB-1067,पास,0,0,0,1,0,0,1,0,0
HI-RBSE-402.txt,RB-1068,आ,0,0,0,0,0,0,0,0,1
HI-RBSE-402.txt,RB-1069,जाया,0,0,0,0,0,0,0,0,1
HI-RBSE-402.txt,RB-1070,करेगा,1,1,1,1,1,1,6,1,0
HI-RBSE-402.txt,RB-1071,सिंह,0,0,0,0,0,0,0,0,1
HI-RBSE-402.txt,RB-1072,उनकी,0,0,0,0,0,0,0,0,1
HI-RBSE-402.txt,RB-1073,बात,0,0,0,0,0,0,0,0,1
HI-RBSE-402.txt,RB-1074,मान,0,0,0,0,0,0,0,0,1
HI-RBSE-402.txt,RB-1075,गया,1,1,1,1,1,1,6,1,0
HI-RBSE-402.txt,RB-1076,तब,0,0,0,0,0,0,0,0,1
HI-RBSE-402.txt,RB-1077,से,1,0,1,0,0,0,2,0,0
HI-RBSE-402.txt,RB-1078,वन्य,0,0,0,0,0,0,0,0,1
HI-RBSE-402.txt,RB-1079,प्राणी,1,1,0,1,1,1,5,1,0
HI-RBSE-402.txt,RB-1080,निर्भय,0,0,0,0,0,0,0,0,1
HI-RBSE-402.txt,RB-1081,होकर,0,0,1,0,0,0,1,0,0
HI-RBSE-402.txt,RB-1082,रहने,0,0,0,0,0,0,0,0,1
HI-RBSE-402.txt,RB-1083,लगे,1,1,1,1,1,1,6,1,0
HI-RBSE-402.txt,RB-1084,इसी,0,0,0,0,0,0,0,0,1
HI-RBSE-402.txt,RB-1085,क्रम,0,0,0,0,0,0,0,0,1
HI-RBSE-402.txt,RB-1086,में,1,1,1,0,0,1,4,1,0
HI-RBSE-402.txt,RB-1087,कुछ,0,0,0,0,0,0,0,0,1
HI-RBSE-402.txt,RB-1088,दिनों,0,0,0,0,0,0,0,0,1
HI-RBSE-402.txt,RB-1089,बाद,1,1,1,1,1,1,6,1,0
HI-RBSE-402.txt,RB-1090,एक,0,0,0,0,0,0,0,0,1
HI-RBSE-402.txt,RB-1091,खरगोश,0,0,0,0,0,0,0,0,1
HI-RBSE-402.txt,RB-1092,की,0,0,0,0,0,0,0,0,1
HI-RBSE-402.txt,RB-1093,बारी,0,0,0,0,0,0,0,0,1
HI-RBSE-402.txt,RB-1094,आ,0,0,0,0,0,0,0,0,1
HI-RBSE-402.txt,RB-1095,गई,1,1,1,1,1,1,6,1,0
HI-RBSE-402.txt,RB-1096,खरगोश,0,0,1,0,0,0,1,0,0
HI-RBSE-402.txt,RB-1097,सिंह,0,0,0,0,0,0,0,0,1
HI-RBSE-402.txt,RB-1098,की,0,0,0,0,0,0,0,0,1
HI-RBSE-402.txt,RB-1099,गुफा,0,0,0,0,0,0,0,0,1
HI-RBSE-402.txt,RB-1100,की,0,0,0,0,0,0,0,0,1
HI-RBSE-402.txt,RB-1101,ओर,0,1,0,1,0,1,3,0,0
HI-RBSE-402.txt,RB-1102,चल,0,0,0,0,0,0,0,0,1
HI-RBSE-402.txt,RB-1103,पड़ा,1,1,1,1,1,1,6,1,0
HI-RBSE-402.txt,RB-1104,किंतु,0,0,1,1,0,0,2,0,0
HI-RBSE-402.txt,RB-1105,मृत्यु,0,0,0,0,0,0,0,0,1
HI-RBSE-402.txt,RB-1106,के,0,0,0,0,0,0,0,0,1
HI-RBSE-402.txt,RB-1107,भय,0,0,0,0,0,0,0,0,1
HI-RBSE-402.txt,RB-1108,से,1,1,1,1,1,1,6,1,0
HI-RBSE-402.txt,RB-1109,उसके,0,0,0,0,0,0,0,0,1
HI-RBSE-402.txt,RB-1110,पैर,0,0,0,1,0,0,1,0,0
HI-RBSE-402.txt,RB-1111,नहीं,0,0,0,0,0,0,0,0,1
HI-RBSE-402.txt,RB-1112,उठ,0,0,0,0,0,0,0,0,1
HI-RBSE-402.txt,RB-1113,रहे,0,0,0,0,0,0,0,0,1
HI-RBSE-402.txt,RB-1114,थे,1,1,1,1,1,1,6,1,0
HI-RBSE-402.txt,RB-1115,मौत,0,0,0,0,0,0,0,0,1
HI-RBSE-402.txt,RB-1116,की,0,0,0,0,0,0,0,0,1
HI-RBSE-402.txt,RB-1117,घडियों,0,0,0,0,0,0,0,0,1
HI-RBSE-402.txt,RB-1118,को,0,1,1,1,0,1,4,1,0
HI-RBSE-402.txt,RB-1119,कुछ,0,0,0,0,0,0,0,0,1
HI-RBSE-402.txt,RB-1120,देर,0,0,0,0,0,0,0,0,1
HI-RBSE-402.txt,RB-1121,तक,0,0,0,0,0,0,0,0,1
HI-RBSE-402.txt,RB-1122,टालने,0,0,0,0,0,0,0,0,1
HI-RBSE-402.txt,RB-1123,के,0,0,0,0,0,0,0,0,1
HI-RBSE-402.txt,RB-1124,लिए,1,1,1,1,1,1,6,1,0
HI-RBSE-402.txt,RB-1125,वह,0,0,0,0,0,0,0,0,1
HI-RBSE-402.txt,RB-1126,जंगल,0,0,0,0,0,0,0,0,1
HI-RBSE-402.txt,RB-1127,में,0,0,0,1,0,0,1,0,0
HI-RBSE-402.txt,RB-1128,इधर-उधर,0,0,0,0,0,0,0,0,1
HI-RBSE-402.txt,RB-1129,भटकता,0,0,0,0,0,0,0,0,1
HI-RBSE-402.txt,RB-1130,रहा,1,1,1,1,1,1,6,1,0
HI-RBSE-402.txt,RB-1131,एक,0,0,0,0,0,0,0,0,1
HI-RBSE-402.txt,RB-1132,स्थान,0,0,0,0,0,0,0,0,1
HI-RBSE-402.txt,RB-1133,पर,1,1,1,1,0,1,5,1,0
HI-RBSE-402.txt,RB-1134,उसे,0,0,0,0,0,0,0,0,1
HI-RBSE-402.txt,RB-1135,एक,0,0,0,0,0,0,0,0,1
HI-RBSE-402.txt,RB-1136,कुंआ,0,0,0,0,0,0,0,0,1
HI-RBSE-402.txt,RB-1137,दिखाई,0,0,0,0,0,0,0,0,1
HI-RBSE-402.txt,RB-1138,दिया,1,1,1,1,1,1,6,1,0
HI-RBSE-402.txt,RB-1139,उसे,0,0,0,0,0,0,0,0,1
HI-RBSE-402.txt,RB-1140,देखकर,0,1,1,1,1,1,5,1,0
HI-RBSE-402.txt,RB-1141,उसके,0,0,0,0,0,0,0,0,1
HI-RBSE-402.txt,RB-1142,मन,0,0,0,0,0,0,0,0,1
HI-RBSE-402.txt,RB-1143,में,0,0,0,0,0,0,0,0,1
HI-RBSE-402.txt,RB-1144,एक,0,0,0,0,0,0,0,0,1
HI-RBSE-402.txt,RB-1145,विचार,0,0,0,0,0,0,0,0,1
HI-RBSE-402.txt,RB-1146,आया,1,1,0,0,1,1,4,1,0
HI-RBSE-402.txt,RB-1147,कि,0,0,1,1,0,0,2,0,0
HI-RBSE-402.txt,RB-1148,क्यों,0,0,0,0,0,0,0,0,1
HI-RBSE-402.txt,RB-1149,न,0,0,0,0,0,0,0,0,1
HI-RBSE-402.txt,RB-1150,भासुरक,0,0,0,0,0,0,0,0,1
HI-RBSE-402.txt,RB-1151,को,1,1,1,0,0,1,4,1,0
HI-RBSE-402.txt,RB-1152,उसकी,0,0,0,0,0,0,0,0,1
HI-RBSE-402.txt,RB-1153,परछाई,0,0,0,0,0,0,0,0,1
HI-RBSE-402.txt,RB-1154,दिखाकर,1,1,1,1,1,1,6,1,0
HI-RBSE-402.txt,RB-1155,इस,0,0,0,0,0,0,0,0,1
HI-RBSE-402.txt,RB-1156,कुएं,0,0,0,0,0,0,0,0,1
HI-RBSE-402.txt,RB-1157,में,0,0,0,1,0,0,1,0,0
HI-RBSE-402.txt,RB-1158,गिरा,0,0,0,0,0,0,0,0,1
HI-RBSE-402.txt,RB-1159,दिया,0,0,0,0,0,0,0,0,1
HI-RBSE-402.txt,RB-1160,जाए,1,1,1,1,1,1,6,1,0
HI-RBSE-405.txt,RB-1001,हमारा,0,0,0,0,0,0,0,0,1
HI-RBSE-405.txt,RB-1002,देश,1,1,0,1,0,1,4,1,0
HI-RBSE-405.txt,RB-1003,त्योहारों,0,0,0,0,0,0,0,0,1
HI-RBSE-405.txt,RB-1004,का,0,0,0,0,0,0,0,0,1
HI-RBSE-405.txt,RB-1005,देश,0,0,0,0,0,0,0,0,1
HI-RBSE-405.txt,RB-1006,है,1,1,1,1,1,1,6,1,0
HI-RBSE-405.txt,RB-1007,होली,1,1,1,1,1,1,6,1,0
HI-RBSE-405.txt,RB-1008,दीपावली,1,1,1,1,1,1,6,1,0
HI-RBSE-405.txt,RB-1009,रक्षाबंधन,1,1,1,1,1,1,6,1,0
HI-RBSE-405.txt,RB-1010,ईद,1,1,1,1,1,1,6,1,0
HI-RBSE-405.txt,RB-1011,क्रिसमस,1,1,1,1,1,1,6,1,0
HI-RBSE-405.txt,RB-1012,दशहरा,1,1,1,0,0,1,4,1,0
HI-RBSE-405.txt,RB-1013,आदि,0,0,0,1,1,1,3,0,0
HI-RBSE-405.txt,RB-1014,त्योहार,1,1,0,0,0,0,2,0,0
HI-RBSE-405.txt,RB-1015,संपूर्ण,0,0,0,0,0,0,0,0,1
HI-RBSE-405.txt,RB-1016,भारत,0,0,0,0,0,0,0,0,1
HI-RBSE-405.txt,RB-1017,में,1,1,0,1,0,1,4,1,0
HI-RBSE-405.txt,RB-1018,आनंद,0,0,1,0,1,1,3,0,0
HI-RBSE-405.txt,RB-1019,और,0,0,0,0,0,0,0,0,1
HI-RBSE-405.txt,RB-1020,उल्लास,0,0,0,0,0,0,0,0,1
HI-RBSE-405.txt,RB-1021,के,0,0,0,0,0,0,0,0,1
HI-RBSE-405.txt,RB-1022,साथ,0,1,0,1,0,0,2,0,0
HI-RBSE-405.txt,RB-1023,मनाए,0,0,0,0,0,0,0,0,1
HI-RBSE-405.txt,RB-1024,जाते,0,0,0,0,0,0,0,0,1
HI-RBSE-405.txt,RB-1025,हैं,1,1,1,1,1,1,6,1,0
HI-RBSE-405.txt,RB-1026,दशहरा,1,0,0,0,1,1,3,0,0
HI-RBSE-405.txt,RB-1027,हमारे,0,0,0,0,0,0,0,0,1
HI-RBSE-405.txt,RB-1028,देश,0,0,0,0,0,0,0,0,1
HI-RBSE-405.txt,RB-1029,का,0,1,0,1,0,0,2,0,0
HI-RBSE-405.txt,RB-1030,प्रसिद्ध,0,0,0,0,0,0,0,0,1
HI-RBSE-405.txt,RB-1031,त्योहार,0,0,0,0,0,0,0,0,1
HI-RBSE-405.txt,RB-1032,है,1,1,1,1,1,1,6,1,0
HI-RBSE-405.txt,RB-1033,यह,0,0,0,0,0,0,0,0,1
HI-RBSE-405.txt,RB-1034,त्योहार,1,1,0,1,1,1,5,1,0
HI-RBSE-405.txt,RB-1035,आश्विन,0,0,0,0,0,0,0,0,1
HI-RBSE-405.txt,RB-1036,माह,0,0,0,0,0,1,1,0,0
HI-RBSE-405.txt,RB-1037,में,1,1,1,1,0,0,4,1,0
HI-RBSE-405.txt,RB-1038,शुक्ल,0,0,0,0,0,0,0,0,1
HI-RBSE-405.txt,RB-1039,पक्ष,0,0,0,0,0,0,0,0,1
HI-RBSE-405.txt,RB-1040,की,0,0,1,0,0,0,1,0,0
HI-RBSE-405.txt,RB-1041,दशमी,0,0,0,0,0,0,0,0,1
HI-RBSE-405.txt,RB-1042,तिथि,0,1,0,0,0,0,1,0,0
HI-RBSE-405.txt,RB-1043,को,0,0,0,1,0,1,2,0,0
HI-RBSE-405.txt,RB-1044,मनाया,0,0,0,0,0,0,0,0,1
HI-RBSE-405.txt,RB-1045,जाता,0,0,0,0,0,0,0,0,1
HI-RBSE-405.txt,RB-1046,है,1,1,1,1,1,1,6,1,0
HI-RBSE-405.txt,RB-1047,यह,0,0,0,0,0,0,0,0,1
HI-RBSE-405.txt,RB-1048,वर्षा,0,0,0,0,0,0,0,0,1
HI-RBSE-405.txt,RB-1049,की,0,0,0,0,0,0,0,0,1
HI-RBSE-405.txt,RB-1050,समाप्ति,1,1,1,1,1,1,6,1,0
HI-RBSE-405.txt,RB-1051,तथा,0,0,0,0,0,0,0,0,1
HI-RBSE-405.txt,RB-1052,शरद,0,0,0,0,0,0,0,0,1
HI-RBSE-405.txt,RB-1053,के,0,0,0,0,0,0,0,0,1
HI-RBSE-405.txt,RB-1054,आगमन,0,0,0,0,0,0,0,0,1
HI-RBSE-405.txt,RB-1055,का,0,0,0,0,0,0,0,0,1
HI-RBSE-405.txt,RB-1056,सूचक,0,0,0,0,0,0,0,0,1
HI-RBSE-405.txt,RB-1057,है,1,1,1,1,1,1,6,1,0
HI-RBSE-405.txt,RB-1058,दशहरे,0,0,0,0,0,0,0,0,1
HI-RBSE-405.txt,RB-1059,से,0,0,0,0,0,0,0,0,1
HI-RBSE-405.txt,RB-1060,पहले,1,1,0,1,1,1,5,1,0
HI-RBSE-405.txt,RB-1061,नौ,0,0,0,0,0,0,0,0,1
HI-RBSE-405.txt,RB-1062,दिन,0,0,0,0,0,0,0,0,1
HI-RBSE-405.txt,RB-1063,की,0,0,0,0,0,0,0,0,1
HI-RBSE-405.txt,RB-1064,अवधि,0,0,0,0,0,0,0,0,1
HI-RBSE-405.txt,RB-1065,को,0,1,1,1,0,1,4,1,0
HI-RBSE-405.txt,RB-1066,नवरात्र,0,0,0,0,0,0,0,0,1
HI-RBSE-405.txt,RB-1067,कहते,0,0,0,0,0,0,0,0,1
HI-RBSE-405.txt,RB-1068,हैं,1,1,1,1,1,1,6,1,0
HI-RBSE-405.txt,RB-1069,यह,0,0,0,0,0,0,0,0,1
HI-RBSE-405.txt,RB-1070,शारदीय,0,0,0,0,0,1,1,0,0
HI-RBSE-405.txt,RB-1071,नवरात्र,0,1,0,0,0,0,1,0,0
HI-RBSE-405.txt,RB-1072,कहलाते,0,0,0,0,0,0,0,0,1
HI-RBSE-405.txt,RB-1073,हैं,1,1,1,1,1,1,6,1,0
HI-RBSE-405.txt,RB-1074,इन,0,0,0,0,0,0,0,0,1
HI-RBSE-405.txt,RB-1075,नौ,0,0,0,0,0,0,0,0,1
HI-RBSE-405.txt,RB-1076,दिनों,0,0,0,0,0,0,0,0,1
HI-RBSE-405.txt,RB-1077,में,1,1,0,1,1,1,5,1,0
HI-RBSE-405.txt,RB-1078,बड़ी,0,0,0,0,0,0,0,0,1
HI-RBSE-405.txt,RB-1079,धूमधाम,0,0,0,0,0,0,0,0,1
HI-RBSE-405.txt,RB-1080,से,1,1,1,1,0,1,5,1,0
HI-RBSE-405.txt,RB-1081,माँ,0,0,0,0,0,0,0,0,1
HI-RBSE-405.txt,RB-1082,दुर्गा,0,0,0,0,0,0,0,0,1
HI-RBSE-405.txt,RB-1083,के,0,0,0,0,0,0,0,0,1
HI-RBSE-405.txt,RB-1084,नौ,0,0,0,0,0,0,0,0,1
HI-RBSE-405.txt,RB-1085,रूपों,0,0,0,0,0,0,0,0,1
HI-RBSE-405.txt,RB-1086,की,0,0,0,0,0,0,0,0,1
HI-RBSE-405.txt,RB-1087,पूजा,0,1,0,0,0,0,1,0,0
HI-RBSE-405.txt,RB-1088,की,0,0,0,0,0,0,0,0,1
HI-RBSE-405.txt,RB-1089,जाती,0,0,0,0,0,0,0,0,1
HI-RBSE-405.txt,RB-1090,है,1,1,1,1,1,1,6,1,0
HI-RBSE-405.txt,RB-1091,प्रथम,0,0,0,0,0,0,0,0,1
HI-RBSE-405.txt,RB-1092,दिन,0,1,1,1,0,1,4,1,0
HI-RBSE-405.txt,RB-1093,कलश,0,0,0,0,0,0,0,0,1
HI-RBSE-405.txt,RB-1094,स्थापना,0,0,0,0,0,0,0,0,1
HI-RBSE-405.txt,RB-1095,का,0,0,0,0,0,0,0,0,1
HI-RBSE-405.txt,RB-1096,होता,0,0,0,0,0,0,0,0,1
HI-RBSE-405.txt,RB-1097,है,1,1,1,1,1,1,6,1,0
HI-RBSE-405.txt,RB-1098,एवं,0,0,0,0,0,0,0,0,1
HI-RBSE-405.txt,RB-1099,अंतिम,1,0,0,1,0,0,2,0,0
HI-RBSE-405.txt,RB-1100,अर्थात्,0,0,0,0,0,0,0,0,1
HI-RBSE-405.txt,RB-1101,दसवा,0,0,0,0,0,0,0,0,1
HI-RBSE-405.txt,RB-1102,दिन,1,1,1,1,1,1,6,1,0
HI-RBSE-405.txt,RB-1103,विजयादशमी,0,0,0,0,0,0,0,0,1
HI-RBSE-405.txt,RB-1104,के,0,0,0,0,0,0,0,0,1
HI-RBSE-405.txt,RB-1105,रूप,0,0,0,0,0,0,0,0,1
HI-RBSE-405.txt,RB-1106,में,0,1,0,1,0,0,2,0,0
HI-RBSE-405.txt,RB-1107,मनाया,0,0,0,0,0,0,0,0,1
HI-RBSE-405.txt,RB-1108,जाता,0,0,0,0,0,0,0,0,1
HI-RBSE-405.txt,RB-1109,है,1,1,1,1,1,1,6,1,0
HI-RBSE-405.txt,RB-1110,हमारे,0,0,0,0,0,0,0,0,1
HI-RBSE-405.txt,RB-1111,देश,0,0,0,0,0,0,0,0,1
HI-RBSE-405.txt,RB-1112,में,1,1,1,1,0,1,5,1,0
HI-RBSE-405.txt,RB-1113,विजयादशमी,0,0,0,0,0,0,0,0,1
HI-RBSE-405.txt,RB-1114,के,0,0,0,0,0,0,0,0,1
HI-RBSE-405.txt,RB-1115,पर्व,0,0,0,0,0,0,0,0,1
HI-RBSE-405.txt,RB-1116,का,0,0,0,0,0,0,0,0,1
HI-RBSE-405.txt,RB-1117,इतिहास,0,1,1,1,1,1,5,1,0
HI-RBSE-405.txt,RB-1118,बहुत,0,0,0,0,0,0,0,0,1
HI-RBSE-405.txt,RB-1119,पुराना,0,0,0,0,0,0,0,0,1
HI-RBSE-405.txt,RB-1120,है,1,1,1,1,1,1,6,1,0
HI-RBSE-405.txt,RB-1121,निश्चयपूर्वक,0,1,0,0,0,0,1,0,0
HI-RBSE-405.txt,RB-1122,नहीं,0,0,0,0,0,0,0,0,1
HI-RBSE-405.txt,RB-1123,कहा,0,0,0,0,0,0,0,0,1
HI-RBSE-405.txt,RB-1124,जा,0,0,0,0,0,0,0,0,1
HI-RBSE-405.txt,RB-1125,सकता,1,0,0,0,0,1,2,0,0
HI-RBSE-405.txt,RB-1126,कि,0,1,1,0,0,0,2,0,0
HI-RBSE-405.txt,RB-1127,यह,0,0,0,0,0,0,0,0,1
HI-RBSE-405.txt,RB-1128,पर्व,0,1,0,1,0,1,3,0,0
HI-RBSE-405.txt,RB-1129,कब,0,0,0,0,0,0,0,0,1
HI-RBSE-405.txt,RB-1130,से,0,0,0,0,0,0,0,0,1
HI-RBSE-405.txt,RB-1131,मनाया,0,0,0,0,0,0,0,0,1
HI-RBSE-405.txt,RB-1132,जाता,0,0,0,0,0,0,0,0,1
HI-RBSE-405.txt,RB-1133,रहा,0,0,0,0,0,0,0,0,1
HI-RBSE-405.txt,RB-1134,है,1,1,1,1,1,1,6,1,0
HI-RBSE-405.txt,RB-1135,इस,0,0,0,0,0,0,0,0,1
HI-RBSE-405.txt,RB-1136,पर्व,0,0,0,0,0,0,0,0,1
HI-RBSE-405.txt,RB-1137,के,0,0,0,0,0,0,0,0,1
HI-RBSE-405.txt,RB-1138,साथ,1,1,0,1,0,1,4,1,0
HI-RBSE-405.txt,RB-1139,कई,0,0,0,0,0,0,0,0,1
HI-RBSE-405.txt,RB-1140,पौराणिक,0,0,0,0,0,0,0,0,1
HI-RBSE-405.txt,RB-1141,कथाएँ,0,1,0,0,0,0,1,0,0
HI-RBSE-405.txt,RB-1142,जुड़ी,0,0,0,0,0,0,0,0,1
HI-RBSE-405.txt,RB-1143,हुई,0,0,0,0,0,0,0,0,1
HI-RBSE-405.txt,RB-1144,है,1,1,1,1,1,1,6,1,0
HI-RBSE-405.txt,RB-1145,ऐसा,0,0,0,0,0,0,0,0,1
HI-RBSE-405.txt,RB-1146,माना,0,0,0,0,0,0,0,0,1
HI-RBSE-405.txt,RB-1147,जाता,0,0,0,0,0,0,0,0,1
HI-RBSE-405.txt,RB-1148,है,1,0,0,0,1,1,3,0,0
HI-RBSE-405.txt,RB-1149,कि,0,1,1,1,0,0,3,0,0
HI-RBSE-405.txt,RB-1150,सर्वप्रथम,0,1,0,1,0,0,2,0,0
HI-RBSE-405.txt,RB-1151,अयोध्या,0,0,0,0,0,0,0,0,1
HI-RBSE-405.txt,RB-1152,के,0,0,0,0,0,0,0,0,1
HI-RBSE-405.txt,RB-1153,राजा,0,0,0,0,0,1,1,0,0
HI-RBSE-405.txt,RB-1154,राम,0,0,0,0,0,0,0,0,1
HI-RBSE-405.txt,RB-1155,ने,1,1,1,1,1,1,6,1,0
HI-RBSE-405.txt,RB-1156,शारदीय,0,0,0,0,0,0,0,0,1
HI-RBSE-405.txt,RB-1157,नवरात्र,0,0,0,1,0,0,1,0,0
HI-RBSE-405.txt,RB-1158,प्रारम्भ,0,0,0,0,0,0,0,0,1
HI-RBSE-405.txt,RB-1159,की,0,0,0,0,0,0,0,0,1
HI-RBSE-405.txt,RB-1160,थी,1,1,1,1,1,1,6,1,0
HI-RBSE-407.txt,RB-1001,लगभग,0,0,0,1,0,0,1,0,0
HI-RBSE-407.txt,RB-1002,पाँच,0,0,0,0,0,0,0,0,1
HI-RBSE-407.txt,RB-1003,हजार,0,0,0,0,0,0,0,0,1
HI-RBSE-407.txt,RB-1004,साल,0,0,0,0,0,1,1,0,0
HI-RBSE-407.txt,RB-1005,पुरानी,0,0,0,0,0,0,0,0,1
HI-RBSE-407.txt,RB-1006,बात,0,0,0,0,0,0,0,0,1
HI-RBSE-407.txt,RB-1007,है,1,1,1,1,1,1,6,1,0
HI-RBSE-407.txt,RB-1008,कौरव,0,0,0,0,0,0,0,0,1
HI-RBSE-407.txt,RB-1009,सौ,0,0,0,0,0,0,0,0,1
HI-RBSE-407.txt,RB-1010,भाई,0,0,0,0,0,0,0,0,1
HI-RBSE-407.txt,RB-1011,थे,1,1,1,1,1,1,6,1,0
HI-RBSE-407.txt,RB-1012,और,0,0,0,0,0,0,0,0,1
HI-RBSE-407.txt,RB-1013,सैंकड़ों,0,0,0,0,0,0,0,0,1
HI-RBSE-407.txt,RB-1014,उनके,0,0,0,0,0,0,0,0,1
HI-RBSE-407.txt,RB-1015,मित्र,0,0,0,0,0,0,0,0,1
HI-RBSE-407.txt,RB-1016,थे,1,1,1,1,1,1,6,1,0
HI-RBSE-407.txt,RB-1017,पांडव,0,0,0,0,0,0,0,0,1
HI-RBSE-407.txt,RB-1018,पाँच,0,0,0,0,0,0,0,0,1
HI-RBSE-407.txt,RB-1019,भाई,0,0,0,0,0,0,0,0,1
HI-RBSE-407.txt,RB-1020,थे,1,1,1,1,1,1,6,1,0
HI-RBSE-407.txt,RB-1021,और,0,0,0,0,0,0,0,0,1
HI-RBSE-407.txt,RB-1022,उनके,0,0,0,0,0,0,0,0,1
HI-RBSE-407.txt,RB-1023,भी,0,0,0,0,0,0,0,0,1
HI-RBSE-407.txt,RB-1024,कई,0,0,0,0,0,0,0,0,1
HI-RBSE-407.txt,RB-1025,मित्र,0,0,0,0,0,0,0,0,1
HI-RBSE-407.txt,RB-1026,थे,1,1,1,1,1,1,6,1,0
HI-RBSE-407.txt,RB-1027,कौरवों,0,0,0,0,0,0,0,0,1
HI-RBSE-407.txt,RB-1028,ने,0,0,0,0,0,1,1,0,0
HI-RBSE-407.txt,RB-1029,धोखा-धडी,0,0,0,0,0,0,0,0,1
HI-RBSE-407.txt,RB-1030,करके,1,1,1,1,0,1,5,1,0
HI-RBSE-407.txt,RB-1031,पांडवों,0,0,0,0,0,0,0,0,1
HI-RBSE-407.txt,RB-1032,को,0,0,0,1,0,0,1,0,0
HI-RBSE-407.txt,RB-1033,राज्य,0,0,0,0,0,0,0,0,1
HI-RBSE-407.txt,RB-1034,के,0,0,0,0,0,0,0,0,1
HI-RBSE-407.txt,RB-1035,अधिकार,0,0,0,0,0,0,0,0,1
HI-RBSE-407.txt,RB-1036,से,0,1,1,1,0,1,4,1,0
HI-RBSE-407.txt,RB-1037,वंचित,0,0,0,0,0,0,0,0,1
HI-RBSE-407.txt,RB-1038,कर,0,0,0,0,0,0,0,0,1
HI-RBSE-407.txt,RB-1039,दिया,0,0,0,0,0,0,0,0,1
HI-RBSE-407.txt,RB-1040,था,1,1,1,1,1,1,6,1,0
HI-RBSE-407.txt,RB-1041,वे,0,0,0,0,0,0,0,0,1
HI-RBSE-407.txt,RB-1042,कई,0,0,0,0,0,0,0,0,1
HI-RBSE-407.txt,RB-1043,बार,1,0,0,1,0,1,3,0,0
HI-RBSE-407.txt,RB-1044,उनकी,0,0,0,0,0,0,0,0,1
HI-RBSE-407.txt,RB-1045,हत्या,0,0,0,0,0,0,0,0,1
HI-RBSE-407.txt,RB-1046,के,0,0,0,0,0,0,0,0,1
HI-RBSE-407.txt,RB-1047,प्रयत्न,0,0,0,0,0,0,0,0,1
HI-RBSE-407.txt,RB-1048,भी,0,0,0,1,0,0,1,0,0
HI-RBSE-407.txt,RB-1049,कर,0,0,0,0,0,0,0,0,1
HI-RBSE-407.txt,RB-1050,चुके,0,0,0,0,0,0,0,0,1
HI-RBSE-407.txt,RB-1051,थे,1,1,1,1,1,1,6,1,0
HI-RBSE-407.txt,RB-1052,अंत,0,0,0,0,0,0,0,0,1
HI-RBSE-407.txt,RB-1053,में,1,0,0,1,0,0,2,0,0
HI-RBSE-407.txt,RB-1054,उनके,0,0,0,0,0,0,0,0,1
HI-RBSE-407.txt,RB-1055,बीच,0,1,0,1,0,1,3,0,0
HI-RBSE-407.txt,RB-1056,युद्ध,0,0,0,0,0,0,0,0,1
HI-RBSE-407.txt,RB-1057,की,0,0,0,0,0,0,0,0,1
HI-RBSE-407.txt,RB-1058,घोषणा,0,0,0,0,0,0,0,0,1
HI-RBSE-407.txt,RB-1059,हो,0,0,0,0,0,0,0,0,1
HI-RBSE-407.txt,RB-1060,गई,1,1,1,1,1,1,6,1,0
HI-RBSE-407.txt,RB-1061,कैसा,0,0,0,0,0,0,0,0,1
HI-RBSE-407.txt,RB-1062,युद्ध,0,0,0,0,0,0,0,0,1
HI-RBSE-407.txt,RB-1063,था,0,0,0,0,0,0,0,0,1
HI-RBSE-407.txt,RB-1064,वह,1,1,1,1,1,1,6,1,0
HI-RBSE-407.txt,RB-1065,भाई-भाई,0,0,0,0,0,0,0,0,1
HI-RBSE-407.txt,RB-1066,के,0,0,0,0,0,0,0,0,1
HI-RBSE-407.txt,RB-1067,विरुद्ध,1,1,1,1,1,1,6,1,0
HI-RBSE-407.txt,RB-1068,भतीजे,0,0,0,1,0,0,1,0,0
HI-RBSE-407.txt,RB-1069,काका,0,0,0,0,0,0,0,0,1
HI-RBSE-407.txt,RB-1070,के,0,0,0,0,0,0,0,0,1
HI-RBSE-407.txt,RB-1071,विरुद्ध,1,1,1,1,1,1,6,1,0
HI-RBSE-407.txt,RB-1072,भांजे-मामा,0,0,0,0,0,0,0,0,1
HI-RBSE-407.txt,RB-1073,के,0,0,0,0,0,0,0,0,1
HI-RBSE-407.txt,RB-1074,विरुद्ध,1,1,1,1,1,1,6,1,0
HI-RBSE-407.txt,RB-1075,पोते,0,1,1,1,1,1,5,1,0
HI-RBSE-407.txt,RB-1076,दादा-नाना,0,0,0,0,0,0,0,0,1
HI-RBSE-407.txt,RB-1077,के,0,0,0,0,0,0,0,0,1
HI-RBSE-407.txt,RB-1078,विरुद्ध,0,1,1,1,1,1,5,1,0
HI-RBSE-407.txt,RB-1079,लड़ने-मरने,0,0,0,0,0,0,0,0,1
HI-RBSE-407.txt,RB-1080,के,0,0,0,0,0,0,0,0,1
HI-RBSE-407.txt,RB-1081,लिए,1,1,0,1,0,1,4,1,0
HI-RBSE-407.txt,RB-1082,मैदान,0,0,0,0,0,0,0,0,1
HI-RBSE-407.txt,RB-1083,में,0,0,0,0,0,0,0,0,1
HI-RBSE-407.txt,RB-1084,डटे,0,0,0,0,0,0,0,0,1
HI-RBSE-407.txt,RB-1085,थे,1,1,1,1,1,1,6,1,0
HI-RBSE-407.txt,RB-1086,पांडवों,0,0,0,0,0,0,0,0,1
HI-RBSE-407.txt,RB-1087,में,0,0,0,1,0,1,2,0,0
HI-RBSE-407.txt,RB-1088,अर्जुन,1,1,0,0,0,0,2,0,0
HI-RBSE-407.txt,RB-1089,बेजोड,0,0,0,0,0,0,0,0,1
HI-RBSE-407.txt,RB-1090,तीरंदाज,0,0,0,0,0,0,0,0,1
HI-RBSE-407.txt,RB-1091,था,1,1,1,1,1,1,6,1,0
HI-RBSE-407.txt,RB-1092,उसके,0,0,0,0,0,0,0,0,1
HI-RBSE-407.txt,RB-1093,कारण,1,0,0,1,0,1,3,0,0
HI-RBSE-407.txt,RB-1094,कौरवों,0,0,0,0,0,0,0,0,1
HI-RBSE-407.txt,RB-1095,का,0,0,0,0,0,0,0,0,1
HI-RBSE-407.txt,RB-1096,बहुत,0,0,0,0,0,0,0,0,1
HI-RBSE-407.txt,RB-1097,नुकसान,0,0,0,0,0,0,0,0,1
HI-RBSE-407.txt,RB-1098,हो,0,0,0,0,0,0,0,0,1
HI-RBSE-407.txt,RB-1099,रहा,0,0,0,0,0,0,0,0,1
HI-RBSE-407.txt,RB-1100,था,1,1,1,1,1,1,6,1,0
HI-RBSE-407.txt,RB-1101,एक,0,0,0,0,0,0,0,0,1
HI-RBSE-407.txt,RB-1102,दिन,1,0,1,1,0,1,4,1,0
HI-RBSE-407.txt,RB-1103,कौरवों,0,0,0,0,0,0,0,0,1
HI-RBSE-407.txt,RB-1104,ने,0,0,0,0,0,0,0,0,1
HI-RBSE-407.txt,RB-1105,ऐसी,0,0,0,0,0,0,0,0,1
HI-RBSE-407.txt,RB-1106,योजना,0,0,0,0,0,0,0,0,1
HI-RBSE-407.txt,RB-1107,बनाई,1,1,0,0,1,1,4,1,0
HI-RBSE-407.txt,RB-1108,कि,0,0,1,1,0,0,2,0,0
HI-RBSE-407.txt,RB-1109,अर्जुन,0,0,0,0,0,0,0,0,1
HI-RBSE-407.txt,RB-1110,को,0,0,0,0,0,0,0,0,1
HI-RBSE-407.txt,RB-1111,युद्ध,0,0,0,0,0,0,0,0,1
HI-RBSE-407.txt,RB-1112,के,0,0,0,0,0,0,0,0,1
HI-RBSE-407.txt,RB-1113,मैदान,0,0,0,0,0,0,0,0,1
HI-RBSE-407.txt,RB-1114,से,0,1,0,0,0,1,2,0,0
HI-RBSE-407.txt,RB-1115,दूर,1,0,1,1,0,0,3,0,0
HI-RBSE-407.txt,RB-1116,दक्षिण,0,0,0,0,0,0,0,0,1
HI-RBSE-407.txt,RB-1117,दिशा,0,0,0,0,0,0,0,0,1
HI-RBSE-407.txt,RB-1118,की,0,0,0,0,0,0,0,0,1
HI-RBSE-407.txt,RB-1119,ओर,1,1,0,1,0,1,4,1,0
HI-RBSE-407.txt,RB-1120,अकेले,0,0,0,0,0,0,0,0,1
HI-RBSE-407.txt,RB-1121,लड़ने,0,0,0,0,0,0,0,0,1
HI-RBSE-407.txt,RB-1122,को,0,0,0,0,0,0,0,0,1
HI-RBSE-407.txt,RB-1123,जाना,0,0,0,0,0,0,0,0,1
HI-RBSE-407.txt,RB-1124,पडा,1,1,1,1,1,1,6,1,0
HI-RBSE-407.txt,RB-1125,दूसरे,0,0,0,0,0,0,0,0,1
HI-RBSE-407.txt,RB-1126,दिन,1,1,1,1,0,1,5,1,0
HI-RBSE-407.txt,RB-1127,कौरवों,0,0,0,0,0,0,0,0,1
HI-RBSE-407.txt,RB-1128,के,0,0,0,0,0,0,0,0,1
HI-RBSE-407.txt,RB-1129,सेनापति,0,0,0,1,0,1,2,0,0
HI-RBSE-407.txt,RB-1130,द्रोणाचार्य,0,0,0,0,0,0,0,0,1
HI-RBSE-407.txt,RB-1131,ने,1,1,1,1,0,1,5,1,0
HI-RBSE-407.txt,RB-1132,अपनी,0,0,0,0,0,0,0,0,1
HI-RBSE-407.txt,RB-1133,सेना,0,0,0,0,0,0,0,0,1
HI-RBSE-407.txt,RB-1134,इस,0,0,0,0,0,0,0,0,1
HI-RBSE-407.txt,RB-1135,ढंग,0,0,0,0,0,0,0,0,1
HI-RBSE-407.txt,RB-1136,से,1,0,0,1,0,1,3,0,0
HI-RBSE-407.txt,RB-1137,चक्करदार,0,0,0,0,0,0,0,0,1
HI-RBSE-407.txt,RB-1138,तरीके,0,0,0,0,0,0,0,0,1
HI-RBSE-407.txt,RB-1139,से,0,0,0,0,0,0,0,0,1
HI-RBSE-407.txt,RB-1140,जमाई,1,1,0,0,1,1,4,1,0
HI-RBSE-407.txt,RB-1141,कि,0,0,1,1,0,0,2,0,0
HI-RBSE-407.txt,RB-1142,जो,0,0,0,0,0,0,0,0,1
HI-RBSE-407.txt,RB-1143,भी,0,0,0,0,0,0,0,0,1
HI-RBSE-407.txt,RB-1144,उसमें,0,0,0,0,0,0,0,0,1
HI-RBSE-407.txt,RB-1145,घुसे,1,0,0,1,0,1,3,0,0
HI-RBSE-407.txt,RB-1146,वह,0,0,0,0,0,0,0,0,1
HI-RBSE-407.txt,RB-1147,जरूर,0,0,0,0,0,0,0,0,1
HI-RBSE-407.txt,RB-1148,ही,0,0,0,1,0,0,1,0,0
HI-RBSE-407.txt,RB-1149,मारा,0,0,0,0,0,0,0,0,1
HI-RBSE-407.txt,RB-1150,जाए,1,1,1,1,1,1,6,1,0
HI-RBSE-407.txt,RB-1151,ऐसे,0,0,0,0,0,0,0,0,1
HI-RBSE-407.txt,RB-1152,तरीके,0,0,0,0,0,0,0,0,1
HI-RBSE-407.txt,RB-1153,को,1,0,0,1,0,1,3,0,0
HI-RBSE-407.txt,RB-1154,चक्रव्यूह,0,0,0,0,0,0,0,0,1
HI-RBSE-407.txt,RB-1155,कहते,0,0,0,0,0,0,0,0,1
HI-RBSE-407.txt,RB-1156,थे,1,1,1,1,1,1,6,1,0
HI-RBSE-503.txt,RB-1001,एक,0,0,0,0,0,0,0,0,1
HI-RBSE-503.txt,RB-1002,महात्मा,0,0,0,0,0,0,0,0,1
HI-RBSE-503.txt,RB-1003,जी,0,1,1,0,0,1,3,0,0
HI-RBSE-503.txt,RB-1004,कहीं,0,0,0,0,0,0,0,0,1
HI-RBSE-503.txt,RB-1005,जा,0,0,0,0,0,0,0,0,1
HI-RBSE-503.txt,RB-1006,रहे,0,0,0,0,0,0,0,0,1
HI-RBSE-503.txt,RB-1007,थे,1,1,1,1,1,1,6,1,0
HI-RBSE-503.txt,RB-1008,मार्ग,0,0,0,0,0,0,0,0,1
HI-RBSE-503.txt,RB-1009,में,1,0,0,1,0,0,2,0,0
HI-RBSE-503.txt,RB-1010,उन्होंने,0,1,1,1,0,0,3,0,0
HI-RBSE-503.txt,RB-1011,एक,0,0,0,0,0,0,0,0,1
HI-RBSE-503.txt,RB-1012,स्थान,0,0,0,0,0,0,0,0,1
HI-RBSE-503.txt,RB-1013,पर,0,1,1,1,0,1,4,1,0
HI-RBSE-503.txt,RB-1014,दो,0,0,0,0,0,0,0,0,1
HI-RBSE-503.txt,RB-1015,व्यक्तियों,0,0,0,0,0,0,0,0,1
HI-RBSE-503.txt,RB-1016,को,1,1,1,1,0,1,5,1,0
HI-RBSE-503.txt,RB-1017,ऊँची,0,0,0,0,0,0,0,0,1
HI-RBSE-503.txt,RB-1018,आवाज,0,0,0,0,0,0,0,0,1
HI-RBSE-503.txt,RB-1019,में,0,0,1,0,0,0,1,0,0
HI-RBSE-503.txt,RB-1020,बोलते,0,0,0,0,0,0,0,0,1
HI-RBSE-503.txt,RB-1021,सुना,1,1,1,1,1,1,6,1,0
HI-RBSE-503.txt,RB-1022,दोनों,0,0,0,0,0,0,0,0,1
HI-RBSE-503.txt,RB-1023,ही,1,0,0,0,0,0,1,0,0
HI-RBSE-503.txt,RB-1024,हाथों,0,0,0,0,0,0,0,0,1
HI-RBSE-503.txt,RB-1025,में,0,1,1,0,0,1,3,0,0
HI-RBSE-503.txt,RB-1026,लट्ठ्ठ,0,0,0,0,0,0,0,0,1
HI-RBSE-503.txt,RB-1027,लिए,1,1,1,1,0,1,5,1,0
HI-RBSE-503.txt,RB-1028,एक-दूसरे,0,0,0,0,0,0,0,0,1
HI-RBSE-503.txt,RB-1029,के,0,0,1,0,0,0,1,0,0
HI-RBSE-503.txt,RB-1030,प्राण,0,1,0,0,0,0,1,0,0
HI-RBSE-503.txt,RB-1031,लेने,0,0,0,0,0,0,0,0,1
HI-RBSE-503.txt,RB-1032,को,0,0,1,1,0,1,3,0,0
HI-RBSE-503.txt,RB-1033,उद्यत,0,0,0,0,0,0,0,0,1
HI-RBSE-503.txt,RB-1034,दिखाई,0,0,0,0,0,0,0,0,1
HI-RBSE-503.txt,RB-1035,देते,0,0,0,0,0,0,0,0,1
HI-RBSE-503.txt,RB-1036,थे,1,1,1,1,1,1,6,1,0
HI-RBSE-503.txt,RB-1037,एक,0,0,0,0,0,0,0,0,1
HI-RBSE-503.txt,RB-1038,कहता,0,0,0,0,0,0,0,0,1
HI-RBSE-503.txt,RB-1039,था,1,0,1,0,0,1,3,0,0
HI-RBSE-503.txt,RB-1040,कि,0,0,0,1,1,0,2,0,0
HI-RBSE-503.txt,RB-1041,यह,0,0,0,0,0,0,0,0,1
HI-RBSE-503.txt,RB-1042,भूमि,0,0,1,0,0,0,1,0,0
HI-RBSE-503.txt,RB-1043,मेरी,0,0,0,0,0,0,0,0,1
HI-RBSE-503.txt,RB-1044,है,0,1,1,1,1,1,5,1,0
HI-RBSE-503.txt,RB-1045,और,0,0,0,0,0,0,0,0,1
HI-RBSE-503.txt,RB-1046,मैं,0,0,0,0,0,0,0,0,1
HI-RBSE-503.txt,RB-1047,इसका,0,0,0,0,0,0,0,0,1
HI-RBSE-503.txt,RB-1048,स्वामी,0,0,0,0,0,0,0,0,1
HI-RBSE-503.txt,RB-1049,हूँ,1,1,1,1,1,1,6,1,0
HI-RBSE-503.txt,RB-1050,जबकि,0,0,1,0,0,0,1,0,0
HI-RBSE-503.txt,RB-1051,दूसरा,1,1,0,0,0,0,2,0,0
HI-RBSE-503.txt,RB-1052,उस,0,0,0,0,0,0,0,0,1
HI-RBSE-503.txt,RB-1053,भूमि,0,0,0,0,0,0,0,0,1
HI-RBSE-503.txt,RB-1054,को,0,0,1,1,0,1,3,0,0
HI-RBSE-503.txt,RB-1055,अपनी,0,0,0,0,0,0,0,0,1
HI-RBSE-503.txt,RB-1056,बतला,0,0,0,0,0,0,0,0,1
HI-RBSE-503.txt,RB-1057,रहा,0,0,0,0,0,0,0,0,1
HI-RBSE-503.txt,RB-1058,था,1,1,1,1,1,1,6,1,0
HI-RBSE-503.txt,RB-1059,उस,0,0,0,0,0,0,0,0,1
HI-RBSE-503.txt,RB-1060,भूमि,0,0,0,0,0,0,0,0,1
HI-RBSE-503.txt,RB-1061,पर,1,0,1,1,0,1,4,1,0
HI-RBSE-503.txt,RB-1062,अपना-अपना,0,1,0,0,0,0,1,0,0
HI-RBSE-503.txt,RB-1063,स्वामित्व,0,0,1,0,0,1,2,0,0
HI-RBSE-503.txt,RB-1064,जतलाने,0,0,0,0,0,0,0,0,1
HI-RBSE-503.txt,RB-1065,के,0,0,0,0,0,0,0,0,1
HI-RBSE-503.txt,RB-1066,लिए,1,1,1,1,1,1,6,1,0
HI-RBSE-503.txt,RB-1067,दोनों,0,0,0,0,0,0,0,0,1
HI-RBSE-503.txt,RB-1068,ही,1,0,1,0,0,0,2,0,0
HI-RBSE-503.txt,RB-1069,क्रोध,0,0,0,0,0,0,0,0,1
HI-RBSE-503.txt,RB-1070,से,0,1,1,1,0,1,4,1,0
HI-RBSE-503.txt,RB-1071,लाल-पीले,0,0,0,0,0,0,0,0,1
HI-RBSE-503.txt,RB-1072,हो,0,0,0,0,0,0,0,0,1
HI-RBSE-503.txt,RB-1073,रहे,0,0,0,0,0,0,0,0,1
HI-RBSE-503.txt,RB-1074,थे,1,1,1,1,1,1,6,1,0
HI-RBSE-503.txt,RB-1075,अपने-अपने,0,0,0,0,0,0,0,0,1
HI-RBSE-503.txt,RB-1076,पक्ष,0,0,0,0,0,0,0,0,1
HI-RBSE-503.txt,RB-1077,में,0,0,1,1,0,1,3,0,0
HI-RBSE-503.txt,RB-1078,दलीलें,0,1,0,0,0,0,1,0,0
HI-RBSE-503.txt,RB-1079,दे,0,0,0,0,0,0,0,0,1
HI-RBSE-503.txt,RB-1080,रहे,0,0,0,0,0,0,0,0,1
HI-RBSE-503.txt,RB-1081,थे,1,1,1,1,1,1,6,1,0
HI-RBSE-503.txt,RB-1082,संत,0,0,0,0,0,0,0,0,1
HI-RBSE-503.txt,RB-1083,महात्मा,0,0,1,0,0,0,1,0,0
HI-RBSE-503.txt,RB-1084,तो,1,1,0,1,0,1,4,1,0
HI-RBSE-503.txt,RB-1085,स्वभाव,0,0,0,0,0,0,0,0,1
HI-RBSE-503.txt,RB-1086,से,0,0,0,0,0,0,0,0,1
HI-RBSE-503.txt,RB-1087,ही,1,0,1,0,0,0,2,0,0
HI-RBSE-503.txt,RB-1088,दयालु,0,1,1,1,0,1,4,1,0
HI-RBSE-503.txt,RB-1089,एवं,0,0,0,0,0,0,0,0,1
HI-RBSE-503.txt,RB-1090,परोपकारी,0,0,1,0,0,0,1,0,0
HI-RBSE-503.txt,RB-1091,होते,0,0,0,0,0,0,0,0,1
HI-RBSE-503.txt,RB-1092,हैं,1,1,1,1,1,1,6,1,0
HI-RBSE-503.txt,RB-1093,सदैव,0,0,0,0,0,0,0,0,1
HI-RBSE-503.txt,RB-1094,सबका,0,0,1,0,0,0,1,0,0
HI-RBSE-503.txt,RB-1095,भला,0,0,0,0,0,0,0,0,1
HI-RBSE-503.txt,RB-1096,ही,0,0,0,0,0,0,0,0,1
HI-RBSE-503.txt,RB-1097,चाहते,0,0,0,0,0,0,0,0,1
HI-RBSE-503.txt,RB-1098,है,1,1,1,1,1,1,6,1,0
HI-RBSE-503.txt,RB-1099,उन्होंने,0,0,0,0,0,0,0,0,1
HI-RBSE-503.txt,RB-1100,मन,0,0,0,0,0,0,0,0,1
HI-RBSE-503.txt,RB-1101,ही,0,0,0,0,0,0,0,0,1
HI-RBSE-503.txt,RB-1102,मन,0,1,1,1,0,0,3,0,0
HI-RBSE-503.txt,RB-1103,विचार,0,0,0,0,0,0,0,0,1
HI-RBSE-503.txt,RB-1104,किया,1,0,0,0,0,1,2,0,0
HI-RBSE-503.txt,RB-1105,कि,0,1,1,1,1,0,4,1,0
HI-RBSE-503.txt,RB-1106,ये,0,0,0,0,0,0,0,0,1
HI-RBSE-503.txt,RB-1107,दोनों,0,0,1,1,0,0,2,0,0
HI-RBSE-503.txt,RB-1108,लडाई-झगड़ा,0,0,0,0,0,0,0,0,1
HI-RBSE-503.txt,RB-1109,करके,1,0,1,1,0,1,4,1,0
HI-RBSE-503.txt,RB-1110,व्यर्थ,0,0,0,0,0,0,0,0,1
HI-RBSE-503.txt,RB-1111,ही,0,1,0,0,0,0,1,0,0
HI-RBSE-503.txt,RB-1112,अपने,0,0,0,0,0,0,0,0,1
HI-RBSE-503.txt,RB-1113,प्राण,0,0,1,0,0,1,2,0,0
HI-RBSE-503.txt,RB-1114,गंवाने,0,0,0,0,0,0,0,0,1
HI-RBSE-503.txt,RB-1115,पर,0,0,0,1,0,0,1,0,0
HI-RBSE-503.txt,RB-1116,तुले,0,0,0,0,0,0,0,0,1
HI-RBSE-503.txt,RB-1117,हुए,0,0,0,0,0,0,0,0,1
HI-RBSE-503.txt,RB-1118,हैं,1,1,1,1,1,1,6,1,0
HI-RBSE-503.txt,RB-1119,अतएव,1,0,0,1,0,0,2,0,0
HI-RBSE-503.txt,RB-1120,इन्हें,0,0,0,0,0,0,0,0,1
HI-RBSE-503.txt,RB-1121,समझा-बुझाकर,0,0,1,0,0,1,2,0,0
HI-RBSE-503.txt,RB-1122,शांत,0,0,0,0,0,0,0,0,1
HI-RBSE-503.txt,RB-1123,करने,1,1,1,1,1,1,6,1,0
HI-RBSE-503.txt,RB-1124,और,0,0,0,0,0,0,0,0,1
HI-RBSE-503.txt,RB-1125,इनका,0,0,0,0,0,0,0,0,1
HI-RBSE-503.txt,RB-1126,आपस,0,0,0,0,0,0,0,0,1
HI-RBSE-503.txt,RB-1127,में,0,1,1,1,0,0,3,0,0
HI-RBSE-503.txt,RB-1128,समझौता,0,0,0,0,0,0,0,0,1
HI-RBSE-503.txt,RB-1129,कराने,1,0,1,0,0,1,3,0,0
HI-RBSE-503.txt,RB-1130,का,0,0,0,0,0,0,0,0,1
HI-RBSE-503.txt,RB-1131,प्रयास,0,0,0,0,0,0,0,0,1
HI-RBSE-503.txt,RB-1132,करना,0,0,0,0,0,0,0,0,1
HI-RBSE-503.txt,RB-1133,चाहिए,1,1,1,1,1,1,6,1,0
HI-RBSE-503.txt,RB-1134,यह,0,0,0,0,0,0,0,0,1
HI-RBSE-503.txt,RB-1135,सोचकर,1,1,0,1,0,1,4,1,0
HI-RBSE-503.txt,RB-1136,वे,0,0,1,0,0,0,1,0,0
HI-RBSE-503.txt,RB-1137,उनके,0,0,0,0,0,0,0,0,1
HI-RBSE-503.txt,RB-1138,निकट,0,0,0,0,0,0,0,0,1
HI-RBSE-503.txt,RB-1139,गए,1,1,1,1,1,1,6,1,0
HI-RBSE-503.txt,RB-1140,और,0,0,0,0,0,0,0,0,1
HI-RBSE-503.txt,RB-1141,उन्हें,0,0,1,0,0,0,1,0,0
HI-RBSE-503.txt,RB-1142,संबोधित,0,0,0,0,0,0,0,0,1
HI-RBSE-503.txt,RB-1143,करते,0,0,0,0,0,0,0,0,1
HI-RBSE-503.txt,RB-1144,हुए,0,0,0,0,0,0,0,0,1
HI-RBSE-503.txt,RB-1145,बोले,1,1,1,1,1,1,6,1,0
HI-RBSE-503.txt,RB-1147,हे,0,0,0,0,0,0,0,0,1
HI-RBSE-503.txt,RB-1148,भद्र,0,0,0,0,0,0,0,0,1
HI-RBSE-503.txt,RB-1149,पुरुषों,1,1,1,1,1,1,6,1,0
HI-RBSE-503.txt,RB-1150,तुम,0,0,0,0,0,0,0,0,1
HI-RBSE-503.txt,RB-1151,लोग,0,0,0,0,0,0,0,0,1
HI-RBSE-503.txt,RB-1152,कौन,0,0,0,0,0,0,0,0,1
HI-RBSE-503.txt,RB-1153,हो,1,1,1,1,1,1,6,1,0
HI-RBSE-503.txt,RB-1154,और,0,0,0,0,0,0,0,0,1
HI-RBSE-503.txt,RB-1155,आपस,0,0,0,0,0,0,0,0,1
HI-RBSE-503.txt,RB-1156,में,0,0,0,0,0,0,0,0,1
HI-RBSE-503.txt,RB-1157,झगड़ा,0,0,0,0,0,0,0,0,1
HI-RBSE-503.txt,RB-1158,क्यों,0,0,0,0,0,0,0,0,1
HI-RBSE-503.txt,RB-1159,कर,0,0,0,0,0,0,0,0,1
HI-RBSE-503.txt,RB-1160,रहे,0,0,0,0,0,0,0,0,1
HI-RBSE-503.txt,RB-1161,हो,1,1,1,1,1,1,6,1,0
HI-RBSE-509.txt,RB-1001,मनुष्य,0,0,0,0,0,0,0,0,1
HI-RBSE-509.txt,RB-1002,एक,0,0,0,0,0,0,0,0,1
HI-RBSE-509.txt,RB-1003,सामाजिक,0,0,0,0,0,0,0,0,1
HI-RBSE-509.txt,RB-1004,प्राणी,0,0,0,0,0,0,0,0,1
HI-RBSE-509.txt,RB-1005,है,1,1,1,1,1,1,6,1,0
HI-RBSE-509.txt,RB-1006,समाज,0,0,0,0,0,0,0,0,1
HI-RBSE-509.txt,RB-1007,में,0,0,0,0,0,0,0,0,1
HI-RBSE-509.txt,RB-1008,रहकर,1,1,1,1,1,1,6,1,0
HI-RBSE-509.txt,RB-1009,वह,0,0,0,0,0,0,0,0,1
HI-RBSE-509.txt,RB-1010,कई,0,0,0,0,0,0,0,0,1
HI-RBSE-509.txt,RB-1011,तरह,0,0,0,0,0,0,0,0,1
HI-RBSE-509.txt,RB-1012,के,0,0,0,0,0,0,0,0,1
HI-RBSE-509.txt,RB-1013,काम,0,0,0,0,0,0,0,0,1
HI-RBSE-509.txt,RB-1014,करता,0,0,0,0,0,0,0,0,1
HI-RBSE-509.txt,RB-1015,है,1,1,1,1,1,1,6,1,0
HI-RBSE-509.txt,RB-1016,परन्तु,0,0,0,1,1,0,2,0,0
HI-RBSE-509.txt,RB-1017,समाज,0,0,0,0,0,0,0,0,1
HI-RBSE-509.txt,RB-1018,के,0,0,0,0,0,0,0,0,1
HI-RBSE-509.txt,RB-1019,कुछ,0,0,0,0,0,0,0,0,1
HI-RBSE-509.txt,RB-1020,नियम,0,0,0,0,0,0,0,0,1
HI-RBSE-509.txt,RB-1021,हैं,1,1,1,1,1,1,6,1,0
HI-RBSE-509.txt,RB-1022,नियमों,0,0,0,0,0,0,0,0,1
HI-RBSE-509.txt,RB-1023,के,0,0,0,0,0,0,0,0,1
HI-RBSE-509.txt,RB-1024,अनुकूल,0,1,0,0,0,1,2,0,0
HI-RBSE-509.txt,RB-1025,किया,0,0,0,0,0,0,0,0,1
HI-RBSE-509.txt,RB-1026,गया,0,0,0,0,0,0,0,0,1
HI-RBSE-509.txt,RB-1027,काम,0,0,0,0,0,0,0,0,1
HI-RBSE-509.txt,RB-1028,ही,0,1,0,1,0,1,3,0,0
HI-RBSE-509.txt,RB-1029,सदाचार,0,0,0,0,0,0,0,0,1
HI-RBSE-509.txt,RB-1030,कहलाता,0,0,0,0,0,0,0,0,1
HI-RBSE-509.txt,RB-1031,है,1,1,1,1,1,1,6,1,0
HI-RBSE-509.txt,RB-1032,जैसे,0,1,0,0,1,1,3,0,0
HI-RBSE-509.txt,RB-1034,गुरुजनों,0,0,0,0,0,0,0,0,1
HI-RBSE-509.txt,RB-1035,का,0,0,0,0,0,0,0,0,1
HI-RBSE-509.txt,RB-1036,आदर,0,0,0,0,0,0,0,0,1
HI-RBSE-509.txt,RB-1037,करना,1,1,1,1,1,1,6,1,0
HI-RBSE-509.txt,RB-1038,सत्य,0,0,0,0,0,0,0,0,1
HI-RBSE-509.txt,RB-1039,बोलना,1,0,1,1,1,1,5,1,0
HI-RBSE-509.txt,RB-1040,सेवा,0,0,0,0,0,0,0,0,1
HI-RBSE-509.txt,RB-1041,करना,1,1,1,1,1,1,6,1,0
HI-RBSE-509.txt,RB-1042,किसी,0,0,0,0,0,0,0,0,1
HI-RBSE-509.txt,RB-1043,को,0,0,0,0,0,0,0,0,1
HI-RBSE-509.txt,RB-1044,कष्ट,0,0,0,0,0,0,0,0,1
HI-RBSE-509.txt,RB-1045,न,0,0,0,0,0,0,0,0,1
HI-RBSE-509.txt,RB-1046,पहुँचाना,1,1,1,1,1,1,6,1,0
HI-RBSE-509.txt,RB-1047,मधुर,0,0,0,0,0,0,0,0,1
HI-RBSE-509.txt,RB-1048,वचन,0,0,0,0,0,0,0,0,1
HI-RBSE-509.txt,RB-1049,बोलना,1,1,1,1,1,1,6,1,0
HI-RBSE-509.txt,RB-1050,विनम्र,0,0,0,0,0,0,0,0,1
HI-RBSE-509.txt,RB-1051,रहना,1,1,1,1,1,1,6,1,0
HI-RBSE-509.txt,RB-1052,बड़ों,0,0,0,0,0,0,0,0,1
HI-RBSE-509.txt,RB-1053,का,0,0,0,0,0,0,0,0,1
HI-RBSE-509.txt,RB-1054,आदर,0,0,0,0,0,0,0,0,1
HI-RBSE-509.txt,RB-1055,करना,1,0,0,0,0,1,2,0,0
HI-RBSE-509.txt,RB-1056,आदि,1,1,1,1,1,1,6,1,0
HI-RBSE-509.txt,RB-1057,ये,0,0,0,0,0,0,0,0,1
HI-RBSE-509.txt,RB-1058,उत्तम,0,0,0,0,0,0,0,0,1
HI-RBSE-509.txt,RB-1059,चरित्र,0,0,0,0,0,0,0,0,1
HI-RBSE-509.txt,RB-1060,के,0,0,0,0,0,0,0,0,1
HI-RBSE-509.txt,RB-1061,गुण,0,0,0,0,0,0,0,0,1
HI-RBSE-509.txt,RB-1062,हैं,1,1,1,1,1,1,6,1,0
HI-RBSE-509.txt,RB-1063,जिस,0,0,0,0,0,0,0,0,1
HI-RBSE-509.txt,RB-1064,व्यक्ति,0,0,0,0,0,0,0,0,1
HI-RBSE-509.txt,RB-1065,के,0,0,0,0,0,0,0,0,1
HI-RBSE-509.txt,RB-1066,व्यवहार,0,0,0,0,0,0,0,0,1
HI-RBSE-509.txt,RB-1067,में,0,1,0,1,0,1,3,0,0
HI-RBSE-509.txt,RB-1068,ये,0,0,0,0,0,0,0,0,1
HI-RBSE-509.txt,RB-1069,गुण,0,0,0,0,0,0,0,0,1
HI-RBSE-509.txt,RB-1070,होते,0,0,0,0,0,0,0,0,1
HI-RBSE-509.txt,RB-1071,हैं,1,1,1,1,1,1,6,1,0
HI-RBSE-509.txt,RB-1072,वह,0,0,0,0,0,0,0,0,1
HI-RBSE-509.txt,RB-1073,सदाचारी,0,0,0,0,0,0,0,0,1
HI-RBSE-509.txt,RB-1074,कहलाता,0,0,0,0,0,0,0,0,1
HI-RBSE-509.txt,RB-1075,है,1,1,1,1,1,1,6,1,0
HI-RBSE-509.txt,RB-1076,सदाचारी,0,0,0,0,0,0,0,0,1
HI-RBSE-509.txt,RB-1077,बनने,0,0,0,0,0,0,0,0,1
HI-RBSE-509.txt,RB-1078,के,0,0,0,0,0,0,0,0,1
HI-RBSE-509.txt,RB-1079,लिए,1,1,1,1,1,1,6,1,0
HI-RBSE-509.txt,RB-1080,ईमानदार,0,0,0,0,0,0,0,0,1
HI-RBSE-509.txt,RB-1081,होना,0,0,0,0,0,0,0,0,1
HI-RBSE-509.txt,RB-1082,आवश्यक,0,0,0,0,0,0,0,0,1
HI-RBSE-509.txt,RB-1083,है,1,1,1,1,1,1,6,1,0
HI-RBSE-509.txt,RB-1084,जो,0,0,0,0,0,0,0,0,1
HI-RBSE-509.txt,RB-1085,व्यक्ति,1,1,0,1,0,1,4,1,0
HI-RBSE-509.txt,RB-1086,अपने,0,0,0,0,0,0,0,0,1
HI-RBSE-509.txt,RB-1087,प्रति,0,0,0,0,0,0,0,0,1
HI-RBSE-509.txt,RB-1088,ईमानदार,0,0,0,0,0,0,0,0,1
HI-RBSE-509.txt,RB-1089,होता,0,0,0,0,0,0,0,0,1
HI-RBSE-509.txt,RB-1090,है,1,1,1,1,1,1,6,1,0
HI-RBSE-509.txt,RB-1091,वह,0,0,0,1,0,0,1,0,0
HI-RBSE-509.txt,RB-1092,सबके,0,0,0,0,0,0,0,0,1
HI-RBSE-509.txt,RB-1093,प्रति,0,1,0,0,0,1,2,0,0
HI-RBSE-509.txt,RB-1094,ईमानदारी,0,0,0,0,0,0,0,0,1
HI-RBSE-509.txt,RB-1095,बरतता,0,0,0,0,0,0,0,0,1
HI-RBSE-509.txt,RB-1096,है,1,1,1,1,1,1,6,1,0
HI-RBSE-509.txt,RB-1097,चाहे,0,0,0,0,0,0,0,0,1
HI-RBSE-509.txt,RB-1098,सेवा,0,0,0,0,0,0,0,0,1
HI-RBSE-509.txt,RB-1099,की,0,0,0,0,0,0,0,0,1
HI-RBSE-509.txt,RB-1100,बात,0,0,0,0,0,0,0,0,1
HI-RBSE-509.txt,RB-1101,हो,1,1,0,1,1,1,5,1,0
HI-RBSE-509.txt,RB-1102,या,0,0,0,0,0,0,0,0,1
HI-RBSE-509.txt,RB-1103,कर्तव्य,0,0,0,0,0,0,0,0,1
HI-RBSE-509.txt,RB-1104,की,1,1,1,1,1,1,6,1,0
HI-RBSE-509.txt,RB-1105,धन,0,0,0,0,0,0,0,0,1
HI-RBSE-509.txt,RB-1106,की,0,0,0,0,0,0,0,0,1
HI-RBSE-509.txt,RB-1107,बात,0,0,0,0,0,0,0,0,1
HI-RBSE-509.txt,RB-1108,हो,1,1,0,1,1,1,5,1,0
HI-RBSE-509.txt,RB-1109,या,0,0,0,0,0,0,0,0,1
HI-RBSE-509.txt,RB-1110,कमाई,0,0,0,0,0,0,0,0,1
HI-RBSE-509.txt,RB-1111,की,1,1,1,1,1,1,6,1,0
HI-RBSE-509.txt,RB-1112,लेने,0,0,0,0,0,0,0,0,1
HI-RBSE-509.txt,RB-1113,की,0,0,0,0,0,0,0,0,1
HI-RBSE-509.txt,RB-1114,बात,0,0,0,0,0,0,0,0,1
HI-RBSE-509.txt,RB-1115,हो,1,1,0,1,1,0,4,1,0
HI-RBSE-509.txt,RB-1116,या,0,0,0,0,0,1,1,0,0
HI-RBSE-509.txt,RB-1117,देने,0,0,0,0,0,0,0,0,1
HI-RBSE-509.txt,RB-1118,की,1,1,1,1,1,1,6,1,0
HI-RBSE-509.txt,RB-1119,सब,0,0,0,0,0,0,0,0,1
HI-RBSE-509.txt,RB-1120,में,1,0,0,0,0,0,1,0,0
HI-RBSE-509.txt,RB-1121,उसका,0,0,0,0,0,0,0,0,1
HI-RBSE-509.txt,RB-1122,व्यवहार,0,1,0,1,1,1,4,1,0
HI-RBSE-509.txt,RB-1123,ईमानदारीपूर्ण,0,0,0,0,0,0,0,0,1
HI-RBSE-509.txt,RB-1124,रहता,0,0,0,0,0,0,0,0,1
HI-RBSE-509.txt,RB-1125,है,1,1,1,1,1,1,6,1,0
HI-RBSE-509.txt,RB-1126,ईमानदार,0,0,0,0,0,0,0,0,1
HI-RBSE-509.txt,RB-1127,व्यक्ति,1,1,0,1,0,1,4,1,0
HI-RBSE-509.txt,RB-1128,गरीब,0,0,0,0,0,0,0,0,1
HI-RBSE-509.txt,RB-1129,होते,0,0,0,0,0,0,0,0,1
HI-RBSE-509.txt,RB-1130,हुए,0,0,0,0,0,0,0,0,1
HI-RBSE-509.txt,RB-1131,भी,0,0,0,1,0,1,2,0,0
HI-RBSE-509.txt,RB-1132,धनी,0,0,0,0,0,0,0,0,1
HI-RBSE-509.txt,RB-1133,होता,0,0,0,0,0,0,0,0,1
HI-RBSE-509.txt,RB-1134,है,1,1,1,1,1,1,6,1,0
HI-RBSE-509.txt,RB-1135,क्योंकि,0,0,0,1,0,0,1,0,0
HI-RBSE-509.txt,RB-1136,ईमानदारी,0,0,0,0,0,0,0,0,1
HI-RBSE-509.txt,RB-1137,के,0,0,0,0,0,0,0,0,1
HI-RBSE-509.txt,RB-1138,कार्यों,0,0,0,0,0,0,0,0,1
HI-RBSE-509.txt,RB-1139,से,1,1,0,1,1,1,5,1,0
HI-RBSE-509.txt,RB-1140,उसे,0,0,0,0,0,0,0,0,1
HI-RBSE-509.txt,RB-1141,सम्मान,0,0,1,0,1,1,3,0,0
HI-RBSE-509.txt,RB-1142,और,0,0,0,0,0,0,0,0,1
HI-RBSE-509.txt,RB-1143,आनंद,0,0,0,0,0,0,0,0,1
HI-RBSE-509.txt,RB-1144,मिलता,0,0,0,0,0,0,0,0,1
HI-RBSE-509.txt,RB-1145,है,1,1,1,1,1,1,6,1,0
HI-RBSE-509.txt,RB-1146,बेईमान,0,0,0,0,0,0,0,0,1
HI-RBSE-509.txt,RB-1147,व्यक्ति,1,1,0,1,0,1,4,1,0
HI-RBSE-509.txt,RB-1148,धनी,0,0,0,0,0,0,0,0,1
HI-RBSE-509.txt,RB-1149,तो,0,0,0,0,0,0,0,0,1
HI-RBSE-509.txt,RB-1150,हो,0,0,0,0,0,0,0,0,1
HI-RBSE-509.txt,RB-1151,सकता,0,0,0,0,0,0,0,0,1
HI-RBSE-509.txt,RB-1152,है,1,1,1,1,1,1,6,1,0
HI-RBSE-509.txt,RB-1153,परन्तु,0,0,0,1,0,0,1,0,0
HI-RBSE-509.txt,RB-1154,वह,0,0,0,0,0,0,0,0,1
HI-RBSE-509.txt,RB-1155,सम्मान,0,0,1,1,1,1,4,1,0
HI-RBSE-509.txt,RB-1156,और,0,0,0,0,0,0,0,0,1
HI-RBSE-509.txt,RB-1157,आनंद,0,1,0,1,0,1,3,0,0
HI-RBSE-509.txt,RB-1158,प्राप्त,0,0,0,0,0,0,0,0,1
HI-RBSE-509.txt,RB-1159,नहीं,0,0,0,0,0,0,0,0,1
HI-RBSE-509.txt,RB-1160,कर,0,0,0,0,0,0,0,0,1
HI-RBSE-509.txt,RB-1161,सकता,1,1,1,1,1,1,6,1,0
HI-RBSE-514.txt,RB-1001,भारत,0,0,0,0,0,0,0,0,1
HI-RBSE-514.txt,RB-1002,की,0,0,1,1,0,0,2,0,0
HI-RBSE-514.txt,RB-1003,पश्चिमी,0,1,0,0,0,0,1,0,0
HI-RBSE-514.txt,RB-1004,सीमा,0,0,0,0,0,1,1,0,0
HI-RBSE-514.txt,RB-1005,का,1,0,1,1,0,0,3,0,0
HI-RBSE-514.txt,RB-1006,सजग,0,0,0,0,0,0,0,0,1
HI-RBSE-514.txt,RB-1007,प्रहरी,0,0,0,0,0,0,0,0,1
HI-RBSE-514.txt,RB-1008,है,0,0,1,1,1,1,4,1,0
HI-RBSE-514.txt,RB-1009,जैसलमेर,1,1,1,1,1,1,6,1,0
HI-RBSE-514.txt,RB-1010,यहाँ,0,0,0,0,0,0,0,0,1
HI-RBSE-514.txt,RB-1011,की,0,0,0,0,0,0,0,0,1
HI-RBSE-514.txt,RB-1012,सुंदरता,0,0,0,0,0,0,0,0,1
HI-RBSE-514.txt,RB-1013,देख,1,1,0,1,1,1,5,1,0
HI-RBSE-514.txt,RB-1014,लोग,0,0,1,0,0,0,1,0,0
HI-RBSE-514.txt,RB-1015,दाँतों,0,0,0,0,0,0,0,0,1
HI-RBSE-514.txt,RB-1016,तले,0,0,0,1,0,0,1,0,0
HI-RBSE-514.txt,RB-1017,अंगुली,0,0,0,0,0,0,0,0,1
HI-RBSE-514.txt,RB-1018,दबा,0,0,0,0,0,0,0,0,1
HI-RBSE-514.txt,RB-1019,लेते,0,0,0,0,0,0,0,0,1
HI-RBSE-514.txt,RB-1020,हैं,1,1,1,1,1,1,6,1,0
HI-RBSE-514.txt,RB-1021,हमने,0,0,0,0,0,0,0,0,1
HI-RBSE-514.txt,RB-1022,सुना,0,0,0,0,0,0,0,0,1
HI-RBSE-514.txt,RB-1023,था,1,1,1,1,1,1,6,1,0
HI-RBSE-514.txt,RB-1024,जिस,0,0,0,0,0,0,0,0,1
HI-RBSE-514.txt,RB-1025,प्रकार,1,1,1,1,0,1,5,1,0
HI-RBSE-514.txt,RB-1026,लाखों,0,0,0,0,0,0,0,0,1
HI-RBSE-514.txt,RB-1027,लोगों,0,0,0,0,0,0,0,0,1
HI-RBSE-514.txt,RB-1028,के,0,0,1,0,0,0,1,0,0
HI-RBSE-514.txt,RB-1029,अंगूठे,0,0,0,0,0,0,0,0,1
HI-RBSE-514.txt,RB-1030,पर,0,1,0,0,0,0,1,0,0
HI-RBSE-514.txt,RB-1031,बनी,0,0,0,0,0,0,0,0,1
HI-RBSE-514.txt,RB-1032,रेखाएँ,0,0,1,1,1,1,4,1,0
HI-RBSE-514.txt,RB-1033,मेल,0,0,0,0,0,0,0,0,1
HI-RBSE-514.txt,RB-1034,नहीं,0,0,0,0,0,0,0,0,1
HI-RBSE-514.txt,RB-1035,खाती,1,1,1,1,1,1,6,1,0
HI-RBSE-514.txt,RB-1036,वैसे,0,0,0,0,0,0,0,0,1
HI-RBSE-514.txt,RB-1037,ही,0,0,0,1,0,1,2,0,0
HI-RBSE-514.txt,RB-1038,यह,0,0,1,0,0,0,1,0,0
HI-RBSE-514.txt,RB-1039,स्वर्णनगरी,1,1,0,1,1,0,4,1,0
HI-RBSE-514.txt,RB-1040,विश्व,0,0,0,0,0,1,1,0,0
HI-RBSE-514.txt,RB-1041,के,0,0,1,0,0,0,1,0,0
HI-RBSE-514.txt,RB-1042,किसी,0,0,0,0,0,0,0,0,1
HI-RBSE-514.txt,RB-1043,शहर,0,0,0,0,0,0,0,0,1
HI-RBSE-514.txt,RB-1044,से,0,0,1,1,0,1,3,0,0
HI-RBSE-514.txt,RB-1045,मेल,0,0,0,0,0,0,0,0,1
HI-RBSE-514.txt,RB-1046,नहीं,0,0,0,0,0,0,0,0,1
HI-RBSE-514.txt,RB-1047,खाती,0,0,0,0,0,0,0,0,1
HI-RBSE-514.txt,RB-1048,है,1,1,1,1,1,1,6,1,0
HI-RBSE-514.txt,RB-1049,इतनी,0,0,0,0,0,0,0,0,1
HI-RBSE-514.txt,RB-1050,सारी,0,0,0,0,0,0,0,0,1
HI-RBSE-514.txt,RB-1051,बातें,0,0,0,0,0,1,1,0,0
HI-RBSE-514.txt,RB-1052,सुनने,0,0,0,0,0,0,0,0,1
HI-RBSE-514.txt,RB-1053,के,0,0,0,0,0,0,0,0,1
HI-RBSE-514.txt,RB-1054,बाद,1,1,1,1,1,1,6,1,0
HI-RBSE-514.txt,RB-1055,हमारी,0,0,0,0,0,0,0,0,1
HI-RBSE-514.txt,RB-1056,पूरी,0,0,1,0,0,0,1,0,0
HI-RBSE-514.txt,RB-1057,पांचवी,0,0,0,0,0,0,0,0,1
HI-RBSE-514.txt,RB-1058,कक्षा,0,0,0,0,0,0,0,0,1
HI-RBSE-514.txt,RB-1059,के,0,0,0,0,0,0,0,0,1
HI-RBSE-514.txt,RB-1060,विद्यार्थियों,0,0,0,0,0,0,0,0,1
HI-RBSE-514.txt,RB-1061,ने,0,1,1,1,1,1,5,1,0
HI-RBSE-514.txt,RB-1062,घूमने,0,0,0,0,0,0,0,0,1
HI-RBSE-514.txt,RB-1063,का,0,0,0,0,0,0,0,0,1
HI-RBSE-514.txt,RB-1064,निर्णय,0,0,0,0,0,0,0,0,1
HI-RBSE-514.txt,RB-1065,किया,1,1,1,1,1,1,6,1,0
HI-RBSE-514.txt,RB-1066,सर्दी,0,0,0,0,0,0,0,0,1
HI-RBSE-514.txt,RB-1067,की,0,0,0,0,0,0,0,0,1
HI-RBSE-514.txt,RB-1068,छुट्टियों,0,0,0,0,0,0,0,0,1
HI-RBSE-514.txt,RB-1069,में,1,1,1,1,1,1,6,1,0
HI-RBSE-514.txt,RB-1070,हिंदी,0,0,0,0,0,0,0,0,1
HI-RBSE-514.txt,RB-1071,के,0,0,0,0,0,0,0,0,1
HI-RBSE-514.txt,RB-1072,अध्यापक,0,1,1,1,0,1,4,1,0
HI-RBSE-514.txt,RB-1073,संदीप,0,0,0,0,0,0,0,0,1
HI-RBSE-514.txt,RB-1074,जी,0,0,0,0,0,0,0,0,1
HI-RBSE-514.txt,RB-1075,के,0,0,0,0,0,0,0,0,1
HI-RBSE-514.txt,RB-1076,साथ,1,1,1,1,1,1,6,1,0
HI-RBSE-514.txt,RB-1077,हम,0,0,0,0,0,0,0,0,1
HI-RBSE-514.txt,RB-1078,जैसलमेर,0,0,0,0,0,0,0,0,1
HI-RBSE-514.txt,RB-1079,के,0,0,0,0,0,0,0,0,1
HI-RBSE-514.txt,RB-1080,लिए,0,0,1,0,0,0,1,0,0
HI-RBSE-514.txt,RB-1081,रवाना,0,0,0,0,0,0,0,0,1
HI-RBSE-514.txt,RB-1082,हुए,1,1,1,1,1,1,6,1,0
HI-RBSE-514.txt,RB-1083,बीकानेर,0,0,0,0,0,0,0,0,1
HI-RBSE-514.txt,RB-1084,से,0,0,0,0,0,0,0,0,1
HI-RBSE-514.txt,RB-1085,रेल,0,0,1,1,1,1,4,1,0
HI-RBSE-514.txt,RB-1086,रात,0,0,0,0,0,0,0,0,1
HI-RBSE-514.txt,RB-1087,में,0,0,0,0,0,0,0,0,1
HI-RBSE-514.txt,RB-1088,चली,1,1,1,1,1,1,6,1,0
HI-RBSE-514.txt,RB-1089,बरकत,1,1,1,1,1,1,6,1,0
HI-RBSE-514.txt,RB-1090,मुरली,1,1,1,1,1,1,6,1,0
HI-RBSE-514.txt,RB-1091,रोनित,1,1,1,1,1,1,6,1,0
HI-RBSE-514.txt,RB-1092,किशोरी,1,1,1,1,1,1,6,1,0
HI-RBSE-514.txt,RB-1093,और,0,0,0,0,0,0,0,0,1
HI-RBSE-514.txt,RB-1094,हम,0,0,0,0,0,0,0,0,1
HI-RBSE-514.txt,RB-1095,सभी,1,1,1,1,0,1,5,1,0
HI-RBSE-514.txt,RB-1096,हंसी-खुशी,0,0,0,0,1,0,1,0,0
HI-RBSE-514.txt,RB-1097,मजाक,0,0,0,0,0,0,0,0,1
HI-RBSE-514.txt,RB-1098,करते,0,0,0,1,0,1,2,0,0
HI-RBSE-514.txt,RB-1099,सो,0,0,0,0,0,0,0,0,1
HI-RBSE-514.txt,RB-1100,गए,1,1,1,1,1,1,6,1,0
HI-RBSE-514.txt,RB-1101,सुबह,0,0,0,0,0,0,0,0,1
HI-RBSE-514.txt,RB-1102,जैसलमेर,0,0,0,0,0,0,0,0,1
HI-RBSE-514.txt,RB-1103,के,0,0,0,0,0,0,0,0,1
HI-RBSE-514.txt,RB-1104,करीब,0,0,0,0,0,0,0,0,1
HI-RBSE-514.txt,RB-1105,पहुंचे,1,1,1,1,1,1,6,1,0
HI-RBSE-514.txt,RB-1106,तो,0,0,0,0,0,0,0,0,1
HI-RBSE-514.txt,RB-1107,देखा,1,0,1,0,0,0,2,0,0
HI-RBSE-514.txt,RB-1108,सूरज,0,0,0,0,0,0,0,0,1
HI-RBSE-514.txt,RB-1109,की,0,0,0,0,0,0,0,0,1
HI-RBSE-514.txt,RB-1110,किरणें,1,1,1,1,1,1,6,1,0
HI-RBSE-514.txt,RB-1111,जैसलमेर,0,0,0,0,0,0,0,0,1
HI-RBSE-514.txt,RB-1112,दुर्ग,0,0,0,0,0,0,0,0,1
HI-RBSE-514.txt,RB-1113,के,1,1,1,1,0,0,4,1,0
HI-RBSE-514.txt,RB-1114,पाषाण,0,0,0,0,0,0,0,0,1
HI-RBSE-514.txt,RB-1115,कणों,0,0,0,0,0,0,0,0,1
HI-RBSE-514.txt,RB-1116,को,0,0,1,1,1,1,4,1,0
HI-RBSE-514.txt,RB-1117,चमका,0,0,0,0,0,0,0,0,1
HI-RBSE-514.txt,RB-1118,रही,0,0,0,0,0,0,0,0,1
HI-RBSE-514.txt,RB-1119,है,1,1,1,1,1,1,6,1,0
HI-RBSE-514.txt,RB-1120,जैसलमेर,0,0,0,0,0,0,0,0,1
HI-RBSE-514.txt,RB-1121,पहुंचे,1,0,1,1,1,1,5,1,0
HI-RBSE-514.txt,RB-1122,होटल,0,0,0,0,0,0,0,0,1
HI-RBSE-514.txt,RB-1123,में,0,0,0,0,0,0,0,0,1
HI-RBSE-514.txt,RB-1124,ठहरे,1,1,1,1,1,1,6,1,0
HI-RBSE-514.txt,RB-1125,तैयार,0,0,0,0,0,0,0,0,1
HI-RBSE-514.txt,RB-1126,होकर,0,0,0,0,0,0,0,0,1
HI-RBSE-514.txt,RB-1127,घूमने,0,0,0,0,0,0,0,0,1
HI-RBSE-514.txt,RB-1128,निकले,1,1,1,1,1,1,6,1,0
HI-RBSE-514.txt,RB-1129,सबसे,0,0,0,0,0,0,0,0,1
HI-RBSE-514.txt,RB-1130,पहले,0,0,1,1,1,1,4,1,0
HI-RBSE-514.txt,RB-1131,किले,0,0,0,0,0,0,0,0,1
HI-RBSE-514.txt,RB-1132,को,0,0,0,0,0,0,0,0,1
HI-RBSE-514.txt,RB-1133,देखना,0,0,0,0,0,0,0,0,1
HI-RBSE-514.txt,RB-1134,तय,0,0,0,0,0,0,0,0,1
HI-RBSE-514.txt,RB-1135,हुआ,1,1,1,1,1,1,6,1,0
HI-RBSE-514.txt,RB-1136,किला,0,0,1,0,0,1,2,0,0
HI-RBSE-514.txt,RB-1137,त्रिकुट,0,0,0,0,0,0,0,0,1
HI-RBSE-514.txt,RB-1138,पहाडी,0,0,0,0,0,0,0,0,1
HI-RBSE-514.txt,RB-1139,पर,0,0,1,1,0,0,2,0,0
HI-RBSE-514.txt,RB-1140,बना,0,0,0,0,0,0,0,0,1
HI-RBSE-514.txt,RB-1141,हुआ,0,0,0,0,0,0,0,0,1
HI-RBSE-514.txt,RB-1142,है,1,1,1,1,1,1,6,1,0
HI-RBSE-514.txt,RB-1143,इसे,0,0,1,0,0,0,1,0,0
HI-RBSE-514.txt,RB-1144,त्रिकूटगढ़,0,0,0,0,0,0,0,0,1
HI-RBSE-514.txt,RB-1145,नाम,0,0,0,0,0,0,0,0,1
HI-RBSE-514.txt,RB-1146,से,0,0,0,0,0,0,0,0,1
HI-RBSE-514.txt,RB-1147,भी,0,0,1,1,0,0,2,0,0
HI-RBSE-514.txt,RB-1148,जाना,0,0,0,0,0,0,0,0,1
HI-RBSE-514.txt,RB-1149,जाता,0,0,0,0,0,0,0,0,1
HI-RBSE-514.txt,RB-1150,है,1,1,1,1,1,1,6,1,0
HI-RBSE-514.txt,RB-1151,महारावल,0,0,1,0,0,0,1,0,0
HI-RBSE-514.txt,RB-1152,राय,0,0,0,0,0,0,0,0,1
HI-RBSE-514.txt,RB-1153,जैसल,0,0,0,0,0,0,0,0,1
HI-RBSE-514.txt,RB-1154,ने,1,1,1,1,0,1,5,1,0
HI-RBSE-514.txt,RB-1155,इसका,0,0,0,0,0,0,0,0,1
HI-RBSE-514.txt,RB-1156,निर्माण,0,0,0,0,0,0,0,0,1
HI-RBSE-514.txt,RB-1157,करवाया,0,0,0,0,0,0,0,0,1
HI-RBSE-514.txt,RB-1158,था,1,1,1,1,1,1,6,1,0
HI-RBSE-608.txt,RB-1001,गुलाब,0,0,0,0,0,0,0,0,1
HI-RBSE-608.txt,RB-1002,सिंह,0,0,0,0,0,0,0,0,1
HI-RBSE-608.txt,RB-1003,के,0,0,0,0,0,0,0,0,1
HI-RBSE-608.txt,RB-1004,घर,0,0,0,0,0,0,0,0,1
HI-RBSE-608.txt,RB-1005,में,1,1,1,1,1,1,6,1,0
HI-RBSE-608.txt,RB-1006,माता-पिता,1,1,1,1,1,1,6,1,0
HI-RBSE-608.txt,RB-1007,और,0,0,0,0,0,0,0,0,1
HI-RBSE-608.txt,RB-1008,एक,0,0,0,0,0,0,0,0,1
HI-RBSE-608.txt,RB-1009,गुड़िया-सी,0,0,0,1,0,0,1,0,0
HI-RBSE-608.txt,RB-1010,बहन,0,0,0,0,0,0,0,0,1
HI-RBSE-608.txt,RB-1011,थी,1,1,1,1,1,1,6,1,0
HI-RBSE-608.txt,RB-1012,वह,0,0,0,0,0,0,0,0,1
HI-RBSE-608.txt,RB-1013,सारे,0,0,0,0,0,0,0,0,1
HI-RBSE-608.txt,RB-1014,घर,0,0,0,0,0,0,0,0,1
HI-RBSE-608.txt,RB-1015,का,0,0,0,0,0,0,0,0,1
HI-RBSE-608.txt,RB-1016,दुलारा,0,0,0,0,0,0,0,0,1
HI-RBSE-608.txt,RB-1017,था,1,1,1,1,1,1,6,1,0
HI-RBSE-608.txt,RB-1018,एक,0,0,0,0,0,0,0,0,1
HI-RBSE-608.txt,RB-1019,दिन,0,0,0,0,0,0,0,0,1
HI-RBSE-608.txt,RB-1020,की,0,0,0,0,0,0,0,0,1
HI-RBSE-608.txt,RB-1021,बात,0,0,0,0,0,0,0,0,1
HI-RBSE-608.txt,RB-1022,है,1,1,0,0,1,1,4,1,0
HI-RBSE-608.txt,RB-1023,कि,0,0,1,1,0,0,2,0,0
HI-RBSE-608.txt,RB-1024,वह,0,0,0,0,0,0,0,0,1
HI-RBSE-608.txt,RB-1025,बीमार,0,0,0,0,0,0,0,0,1
HI-RBSE-608.txt,RB-1026,पड़ा,1,1,1,1,1,1,6,1,0
HI-RBSE-608.txt,RB-1027,माँ,0,0,0,0,0,0,0,0,1
HI-RBSE-608.txt,RB-1028,ने,1,0,0,0,0,0,1,0,0
HI-RBSE-608.txt,RB-1029,उसका,0,0,0,0,0,0,0,0,1
HI-RBSE-608.txt,RB-1030,खाना,0,1,1,1,1,1,5,1,0
HI-RBSE-608.txt,RB-1031,बिल्कुल,0,0,0,0,0,0,0,0,1
HI-RBSE-608.txt,RB-1032,बंद,0,0,0,0,0,0,0,0,1
HI-RBSE-608.txt,RB-1033,कर,0,0,0,0,0,0,0,0,1
HI-RBSE-608.txt,RB-1034,दिया,0,0,0,0,0,0,0,0,1
HI-RBSE-608.txt,RB-1035,था,1,1,1,1,1,1,6,1,0
HI-RBSE-608.txt,RB-1036,पर,0,0,0,0,0,0,0,0,1
HI-RBSE-608.txt,RB-1037,उसका,0,0,0,0,0,0,0,0,1
HI-RBSE-608.txt,RB-1038,बार-बार,0,1,1,1,1,1,5,1,0
HI-RBSE-608.txt,RB-1039,कुछ,0,0,0,0,0,0,0,0,1
HI-RBSE-608.txt,RB-1040,खाने,0,0,0,0,0,0,0,0,1
HI-RBSE-608.txt,RB-1041,को,0,0,0,0,0,0,0,0,1
HI-RBSE-608.txt,RB-1042,माँगना,1,1,1,1,1,1,6,1,0
HI-RBSE-608.txt,RB-1043,छोटी,0,0,0,0,0,0,0,0,1
HI-RBSE-608.txt,RB-1044,बहन,0,0,0,0,0,0,0,0,1
HI-RBSE-608.txt,RB-1045,से,0,0,0,1,0,0,1,0,0
HI-RBSE-608.txt,RB-1046,न,0,0,0,0,0,0,0,0,1
HI-RBSE-608.txt,RB-1047,सहा,0,0,0,0,0,0,0,0,1
HI-RBSE-608.txt,RB-1048,गया,1,1,1,1,1,1,6,1,0
HI-RBSE-608.txt,RB-1049,वह,0,0,0,0,0,0,0,0,1
HI-RBSE-608.txt,RB-1050,चुपके,0,0,0,0,0,0,0,0,1
HI-RBSE-608.txt,RB-1051,से,0,1,0,0,0,1,2,0,0
HI-RBSE-608.txt,RB-1052,गुड,0,0,1,0,1,1,3,0,0
HI-RBSE-608.txt,RB-1053,और,0,0,0,0,0,0,0,0,1
HI-RBSE-608.txt,RB-1054,चने,0,0,0,1,0,0,1,0,0
HI-RBSE-608.txt,RB-1055,चुरा,0,0,0,0,0,0,0,0,1
HI-RBSE-608.txt,RB-1056,लाई,1,1,1,1,1,1,6,1,0
HI-RBSE-608.txt,RB-1057,और,0,0,0,0,0,0,0,0,1
HI-RBSE-608.txt,RB-1058,खिला,0,0,0,0,0,0,0,0,1
HI-RBSE-608.txt,RB-1059,दिया,1,1,1,1,1,1,6,1,0
HI-RBSE-608.txt,RB-1060,अपने,0,0,0,0,0,0,0,0,1
HI-RBSE-608.txt,RB-1061,भाई,0,0,0,0,0,0,0,0,1
HI-RBSE-608.txt,RB-1062,को,1,1,1,1,1,1,6,1,0
HI-RBSE-608.txt,RB-1063,उसके,0,0,0,0,0,0,0,0,1
HI-RBSE-608.txt,RB-1064,बाद,0,1,1,1,1,1,5,1,0
HI-RBSE-608.txt,RB-1065,भैया,0,0,0,0,0,0,0,0,1
HI-RBSE-608.txt,RB-1066,को,0,0,0,0,0,0,0,0,1
HI-RBSE-608.txt,RB-1067,बुखार,0,0,0,1,0,0,1,0,0
HI-RBSE-608.txt,RB-1068,चढ़,0,0,0,0,0,0,0,0,1
HI-RBSE-608.txt,RB-1069,गया,1,1,1,1,1,1,6,1,0
HI-RBSE-608.txt,RB-1070,पर,0,0,0,0,0,0,0,0,1
HI-RBSE-608.txt,RB-1071,वह,0,0,0,0,0,0,0,0,1
HI-RBSE-608.txt,RB-1072,तो,0,0,0,0,0,0,0,0,1
HI-RBSE-608.txt,RB-1073,खिला,0,0,0,0,0,0,0,0,1
HI-RBSE-608.txt,RB-1074,चुकी,0,0,0,0,0,0,0,0,1
HI-RBSE-608.txt,RB-1075,थी,1,1,1,1,1,1,6,1,0
HI-RBSE-608.txt,RB-1076,अपने,0,0,0,0,0,0,0,0,1
HI-RBSE-608.txt,RB-1077,भाई,0,0,0,0,0,0,0,0,1
HI-RBSE-608.txt,RB-1078,के,0,0,0,0,0,0,0,0,1
HI-RBSE-608.txt,RB-1079,संतोष,0,0,0,0,0,0,0,0,1
HI-RBSE-608.txt,RB-1080,के,0,0,0,0,0,0,0,0,1
HI-RBSE-608.txt,RB-1081,लिए,1,1,1,1,1,1,6,1,0
HI-RBSE-608.txt,RB-1082,वह,0,0,0,0,0,0,0,0,1
HI-RBSE-608.txt,RB-1083,माँ-बाप,0,0,0,0,0,0,0,0,1
HI-RBSE-608.txt,RB-1084,का,0,0,0,0,0,0,0,0,1
HI-RBSE-608.txt,RB-1085,गुस्सा,0,1,0,0,0,0,1,0,0
HI-RBSE-608.txt,RB-1086,भी,0,0,1,0,0,1,2,0,0
HI-RBSE-608.txt,RB-1087,सहने,0,0,0,0,0,0,0,0,1
HI-RBSE-608.txt,RB-1088,को,0,0,0,1,0,0,1,0,0
HI-RBSE-608.txt,RB-1089,तैयार,0,0,0,0,0,0,0,0,1
HI-RBSE-608.txt,RB-1090,थी,1,1,1,1,1,1,6,1,0
HI-RBSE-608.txt,RB-1091,पर,0,0,0,0,0,0,0,0,1
HI-RBSE-608.txt,RB-1092,भाई,0,0,0,0,0,0,0,0,1
HI-RBSE-608.txt,RB-1093,ने,1,1,0,1,0,1,4,1,0
HI-RBSE-608.txt,RB-1094,गुड-चने,0,0,0,0,0,0,0,0,1
HI-RBSE-608.txt,RB-1095,की,0,0,0,0,0,0,0,0,1
HI-RBSE-608.txt,RB-1096,बात,1,1,1,1,1,1,6,1,0
HI-RBSE-608.txt,RB-1097,किसी,0,0,0,0,0,0,0,0,1
HI-RBSE-608.txt,RB-1098,को,0,0,0,0,0,0,0,0,1
HI-RBSE-608.txt,RB-1099,न,0,0,0,0,0,0,0,0,1
HI-RBSE-608.txt,RB-1100,बताई,1,1,1,1,1,1,6,1,0
HI-RBSE-608.txt,RB-1101,धीरे-धीरे,0,0,0,1,0,1,2,0,0
HI-RBSE-608.txt,RB-1102,रोग,0,0,0,0,0,0,0,0,1
HI-RBSE-608.txt,RB-1103,चला,0,0,0,0,0,0,0,0,1
HI-RBSE-608.txt,RB-1104,गया,1,1,1,1,1,1,6,1,0
HI-RBSE-608.txt,RB-1105,पर,0,0,0,0,0,0,0,0,1
HI-RBSE-608.txt,RB-1106,भाई,0,0,0,0,0,0,0,0,1
HI-RBSE-608.txt,RB-1107,के,0,0,0,0,0,0,0,0,1
HI-RBSE-608.txt,RB-1108,मन,0,0,0,0,0,0,0,0,1
HI-RBSE-608.txt,RB-1109,पर,1,1,1,1,0,1,5,1,0
HI-RBSE-608.txt,RB-1110,बहन,0,0,0,0,0,0,0,0,1
HI-RBSE-608.txt,RB-1111,के,0,0,0,0,0,0,0,0,1
HI-RBSE-608.txt,RB-1112,प्रेम,0,0,0,0,0,0,0,0,1
HI-RBSE-608.txt,RB-1113,की,0,0,0,0,0,0,0,0,1
HI-RBSE-608.txt,RB-1114,छाप,1,0,1,1,0,0,3,0,0
HI-RBSE-608.txt,RB-1115,छप,0,0,0,0,0,0,0,0,1
HI-RBSE-608.txt,RB-1116,गई,1,1,1,1,1,1,6,1,0
HI-RBSE-608.txt,RB-1117,ऐसी,0,0,0,0,0,0,0,0,1
HI-RBSE-608.txt,RB-1118,एक,0,0,0,0,0,0,0,0,1
HI-RBSE-608.txt,RB-1119,नहीं,1,1,1,1,1,0,5,1,0
HI-RBSE-608.txt,RB-1120,अनेक,0,0,0,0,0,0,0,0,1
HI-RBSE-608.txt,RB-1121,बातें,1,0,0,1,1,1,4,1,0
HI-RBSE-608.txt,RB-1123,बहन,0,0,0,0,0,0,0,0,1
HI-RBSE-608.txt,RB-1124,की,1,1,1,1,1,1,6,1,0
HI-RBSE-608.txt,RB-1125,माँ,0,0,0,0,0,0,0,0,1
HI-RBSE-608.txt,RB-1126,की,1,1,1,1,1,1,6,1,0
HI-RBSE-608.txt,RB-1127,उसके,0,0,0,0,0,0,0,0,1
HI-RBSE-608.txt,RB-1128,मन,0,0,0,0,0,0,0,0,1
HI-RBSE-608.txt,RB-1129,पर,0,0,0,0,0,0,0,0,1
HI-RBSE-608.txt,RB-1130,छपी,0,0,0,0,0,0,0,0,1
HI-RBSE-608.txt,RB-1131,थीं,1,1,1,1,1,1,6,1,0
HI-RBSE-608.txt,RB-1132,वह,0,0,0,0,0,0,0,0,1
HI-RBSE-608.txt,RB-1133,कभी,0,0,0,0,0,0,0,0,1
HI-RBSE-608.txt,RB-1134,उनसे,0,0,0,0,0,1,1,0,0
HI-RBSE-608.txt,RB-1135,लड़ता-झगड़ता,0,0,0,0,0,0,0,0,1
HI-RBSE-608.txt,RB-1136,भी,1,1,1,1,1,1,6,1,0
HI-RBSE-608.txt,RB-1137,पर,0,0,0,0,0,0,0,0,1
HI-RBSE-608.txt,RB-1138,आँखों,0,0,0,0,0,0,0,0,1
HI-RBSE-608.txt,RB-1139,के,0,0,0,0,0,0,0,0,1
HI-RBSE-608.txt,RB-1140,आँसू,1,1,1,1,1,1,6,1,0
HI-RBSE-608.txt,RB-1141,और,0,0,0,0,0,0,0,0,1
HI-RBSE-608.txt,RB-1142,मन,0,0,0,0,0,0,0,0,1
HI-RBSE-608.txt,RB-1143,के,0,0,0,0,0,0,0,0,1
HI-RBSE-608.txt,RB-1144,रंग,1,1,1,1,1,1,6,1,0
HI-RBSE-608.txt,RB-1145,उसके,0,0,0,0,0,0,0,0,1
HI-RBSE-608.txt,RB-1146,मन,0,0,0,0,0,0,0,0,1
HI-RBSE-608.txt,RB-1147,पर,0,1,0,0,0,0,1,0,0
HI-RBSE-608.txt,RB-1148,छपी,0,0,0,0,0,1,1,0,0
HI-RBSE-608.txt,RB-1149,इन,0,0,0,0,0,0,0,0,1
HI-RBSE-608.txt,RB-1150,तस्वीरों,0,0,0,0,1,0,1,0,0
HI-RBSE-608.txt,RB-1151,को,0,1,1,1,0,0,3,0,0
HI-RBSE-608.txt,RB-1152,धो,0,0,0,0,0,0,0,0,1
HI-RBSE-608.txt,RB-1153,न,0,0,0,0,0,0,0,0,1
HI-RBSE-608.txt,RB-1154,सके,1,1,1,1,1,1,6,1,0
HI-RBSE-608.txt,RB-1155,एक,0,0,0,0,0,0,0,0,1
HI-RBSE-608.txt,RB-1156,दिन,0,1,0,1,0,1,3,0,0
HI-RBSE-608.txt,RB-1157,ऐसी,0,0,0,0,0,0,0,0,1
HI-RBSE-608.txt,RB-1158,हवा,0,0,0,0,0,0,0,0,1
HI-RBSE-608.txt,RB-1159,बही,1,1,0,0,1,1,4,1,0
HI-RBSE-608.txt,RB-1160,कि,0,0,1,1,0,0,2,0,0
HI-RBSE-608.txt,RB-1161,मुरझाए,0,0,0,0,0,0,0,0,1
HI-RBSE-608.txt,RB-1162,हुए,0,0,0,0,0,0,0,0,1
HI-RBSE-608.txt,RB-1163,दिलों,0,0,0,0,0,0,0,0,1
HI-RBSE-608.txt,RB-1164,में,0,1,1,1,0,1,4,1,0
HI-RBSE-608.txt,RB-1165,नई,0,0,0,0,0,0,0,0,1
HI-RBSE-608.txt,RB-1166,जान,0,0,0,0,0,0,0,0,1
HI-RBSE-608.txt,RB-1167,आ,0,0,0,0,0,0,0,0,1
HI-RBSE-608.txt,RB-1168,गई,1,1,1,1,1,1,6,1,0
HI-RBSE-614.txt,RB-1001,हरे-भरे,0,0,0,0,0,0,0,0,1
HI-RBSE-614.txt,RB-1002,पहाड़,0,0,0,0,0,0,0,0,1
HI-RBSE-614.txt,RB-1003,पर,1,1,1,1,0,1,5,1,0
HI-RBSE-614.txt,RB-1004,बकरियाँ,0,0,0,0,0,0,0,0,1
HI-RBSE-614.txt,RB-1005,चरने,0,0,0,0,0,0,0,0,1
HI-RBSE-614.txt,RB-1006,जातीं,1,0,1,1,1,1,5,1,0
HI-RBSE-614.txt,RB-1007,तो,0,1,0,0,0,0,1,0,0
HI-RBSE-614.txt,RB-1008,दूसरे-तीसरे,0,1,0,0,0,0,1,0,0
HI-RBSE-614.txt,RB-1009,रोज,1,0,1,1,1,1,5,1,0
HI-RBSE-614.txt,RB-1010,एक,0,0,0,0,0,0,0,0,1
HI-RBSE-614.txt,RB-1011,न,0,0,0,0,0,0,0,0,1
HI-RBSE-614.txt,RB-1012,एक,0,0,0,0,0,0,0,0,1
HI-RBSE-614.txt,RB-1013,बकरी,0,0,0,1,0,0,1,0,0
HI-RBSE-614.txt,RB-1014,कम,0,0,0,0,0,0,0,0,1
HI-RBSE-614.txt,RB-1015,हो,0,0,0,0,0,0,0,0,1
HI-RBSE-614.txt,RB-1016,जाती,1,1,1,1,1,1,6,1,0
HI-RBSE-614.txt,RB-1017,भेडिये,0,0,0,0,0,0,0,0,1
HI-RBSE-614.txt,RB-1018,की,0,0,0,0,0,0,0,0,1
HI-RBSE-614.txt,RB-1019,इस,0,0,0,0,0,0,0,0,1
HI-RBSE-614.txt,RB-1020,धूर्तता,0,0,0,0,0,0,0,0,1
HI-RBSE-614.txt,RB-1021,से,0,0,0,0,0,0,0,0,1
HI-RBSE-614.txt,RB-1022,तंग,0,0,0,0,0,0,0,0,1
HI-RBSE-614.txt,RB-1023,आकर,1,1,1,1,1,1,6,1,0
HI-RBSE-614.txt,RB-1024,चरवाहे,0,0,0,0,0,0,0,0,1
HI-RBSE-614.txt,RB-1025,ने,0,0,0,0,0,0,0,0,1
HI-RBSE-614.txt,RB-1026,वहाँ,0,0,0,0,0,1,1,0,0
HI-RBSE-614.txt,RB-1027,बकरियाँ,0,0,0,0,0,0,0,0,1
HI-RBSE-614.txt,RB-1028,चराना,0,0,1,1,0,1,3,0,0
HI-RBSE-614.txt,RB-1029,बंद,0,0,0,0,0,0,0,0,1
HI-RBSE-614.txt,RB-1030,कर,0,0,0,0,0,0,0,0,1
HI-RBSE-614.txt,RB-1031,दिया,1,1,1,1,1,1,6,1,0
HI-RBSE-614.txt,RB-1032,और,0,0,0,0,0,0,0,0,1
HI-RBSE-614.txt,RB-1033,बकरियों,0,0,0,0,0,0,0,0,1
HI-RBSE-614.txt,RB-1034,ने,0,0,0,0,0,0,0,0,1
HI-RBSE-614.txt,RB-1035,भी,0,0,1,1,0,1,3,0,0
HI-RBSE-614.txt,RB-1036,मौत,0,0,0,0,0,0,0,0,1
HI-RBSE-614.txt,RB-1037,से,0,0,0,0,0,0,0,0,1
HI-RBSE-614.txt,RB-1038,बचने,0,0,0,0,0,0,0,0,1
HI-RBSE-614.txt,RB-1039,के,0,0,0,0,0,0,0,0,1
HI-RBSE-614.txt,RB-1040,लिए,1,1,1,1,1,1,6,1,0
HI-RBSE-614.txt,RB-1041,बाड़े,0,0,0,0,0,0,0,0,1
HI-RBSE-614.txt,RB-1042,में,0,0,0,0,0,0,0,0,1
HI-RBSE-614.txt,RB-1043,कैद,0,0,0,0,0,0,0,0,1
HI-RBSE-614.txt,RB-1044,रहकर,0,1,1,1,1,1,5,1,0
HI-RBSE-614.txt,RB-1045,जुगाली,0,0,0,0,0,0,0,0,1
HI-RBSE-614.txt,RB-1046,करते,0,0,0,0,0,0,0,0,1
HI-RBSE-614.txt,RB-1047,रहना,0,0,0,0,0,0,0,0,1
HI-RBSE-614.txt,RB-1048,ही,0,0,1,1,0,0,2,0,0
HI-RBSE-614.txt,RB-1049,श्रेष्ठ,0,0,0,0,0,0,0,0,1
HI-RBSE-614.txt,RB-1050,समझा,1,1,1,1,1,1,6,1,0
HI-RBSE-614.txt,RB-1051,लेकिन,0,0,0,0,0,0,0,0,1
HI-RBSE-614.txt,RB-1052,न,0,0,0,0,0,0,0,0,1
HI-RBSE-614.txt,RB-1053,जाने,0,0,0,0,0,0,0,0,1
HI-RBSE-614.txt,RB-1054,क्यों,1,1,1,1,1,1,6,1,0
HI-RBSE-614.txt,RB-1055,एक,0,0,0,0,0,0,0,0,1
HI-RBSE-614.txt,RB-1056,युवा,0,0,0,0,0,0,0,0,1
HI-RBSE-614.txt,RB-1057,नई,0,0,0,0,0,0,0,0,1
HI-RBSE-614.txt,RB-1058,बकरी,0,0,0,0,0,0,0,0,1
HI-RBSE-614.txt,RB-1059,को,1,1,1,1,0,1,5,1,0
HI-RBSE-614.txt,RB-1060,यह,0,0,0,0,0,0,0,0,1
HI-RBSE-614.txt,RB-1061,बंधन,0,0,0,0,0,0,0,0,1
HI-RBSE-614.txt,RB-1062,पसंद,0,0,0,0,0,0,0,0,1
HI-RBSE-614.txt,RB-1063,नहीं,0,0,0,0,0,0,0,0,1
HI-RBSE-614.txt,RB-1064,आया,1,1,1,1,1,1,6,1,0
HI-RBSE-614.txt,RB-1065,अत्याचारी,0,0,0,0,0,0,0,0,1
HI-RBSE-614.txt,RB-1066,से,0,0,0,0,0,0,0,0,1
HI-RBSE-614.txt,RB-1067,यों,0,1,0,0,0,0,1,0,0
HI-RBSE-614.txt,RB-1068,कब,0,0,0,0,0,0,0,0,1
HI-RBSE-614.txt,RB-1069,तक,1,0,1,1,0,1,4,1,0
HI-RBSE-614.txt,RB-1070,प्राणों,0,0,0,0,0,0,0,0,1
HI-RBSE-614.txt,RB-1071,की,0,0,0,0,0,0,0,0,1
HI-RBSE-614.txt,RB-1072,रक्षा,0,0,0,1,0,0,1,0,0
HI-RBSE-614.txt,RB-1073,की,0,0,0,0,0,0,0,0,1
HI-RBSE-614.txt,RB-1074,जा,0,0,0,0,0,0,0,0,1
HI-RBSE-614.txt,RB-1075,सकेगी,1,1,1,1,1,1,6,1,0
HI-RBSE-614.txt,RB-1076,वह,0,0,0,0,0,0,0,0,1
HI-RBSE-614.txt,RB-1077,पहाड,0,0,0,0,0,0,0,0,1
HI-RBSE-614.txt,RB-1078,से,0,0,0,0,0,0,0,0,1
HI-RBSE-614.txt,RB-1079,उतर,0,0,0,0,0,0,0,0,1
HI-RBSE-614.txt,RB-1080,कर,1,1,1,1,1,1,6,1,0
HI-RBSE-614.txt,RB-1081,किसी,0,0,0,0,0,0,0,0,1
HI-RBSE-614.txt,RB-1082,रोज,1,0,0,1,0,0,2,0,0
HI-RBSE-614.txt,RB-1083,बाड़े,0,0,0,0,0,0,0,0,1
HI-RBSE-614.txt,RB-1084,में,0,0,0,0,0,0,0,0,1
HI-RBSE-614.txt,RB-1085,भी,0,0,1,1,0,1,3,0,0
HI-RBSE-614.txt,RB-1086,कूद,0,0,0,0,0,0,0,0,1
HI-RBSE-614.txt,RB-1087,सकता,0,0,0,0,0,0,0,0,1
HI-RBSE-614.txt,RB-1088,है,1,1,1,1,1,1,6,1,0
HI-RBSE-614.txt,RB-1089,शिकारी,0,0,0,0,0,0,0,0,1
HI-RBSE-614.txt,RB-1090,के,0,0,0,0,0,0,0,0,1
HI-RBSE-614.txt,RB-1091,भय,0,0,0,0,0,0,0,0,1
HI-RBSE-614.txt,RB-1092,से,1,1,0,1,1,1,5,1,0
HI-RBSE-614.txt,RB-1093,मूर्ख,0,0,1,0,0,0,1,0,0
HI-RBSE-614.txt,RB-1094,शुतुरमुर्ग,0,0,0,0,0,0,0,0,1
HI-RBSE-614.txt,RB-1095,रेत,0,0,0,0,0,0,0,0,1
HI-RBSE-614.txt,RB-1096,में,0,1,1,1,0,1,4,1,0
HI-RBSE-614.txt,RB-1097,गरदन,0,0,0,0,0,0,0,0,1
HI-RBSE-614.txt,RB-1098,छुपा,0,0,0,0,0,0,0,0,1
HI-RBSE-614.txt,RB-1099,लेता,0,0,0,0,0,0,0,0,1
HI-RBSE-614.txt,RB-1100,है,1,1,1,1,1,1,6,1,0
HI-RBSE-614.txt,RB-1101,तब,0,0,0,0,0,0,0,0,1
HI-RBSE-614.txt,RB-1102,क्या,0,0,0,0,0,0,0,0,1
HI-RBSE-614.txt,RB-1103,शिकारी,0,0,0,1,0,0,1,0,0
HI-RBSE-614.txt,RB-1104,उसे,0,0,0,0,0,0,0,0,1
HI-RBSE-614.txt,RB-1105,बख्श,0,0,0,0,0,0,0,0,1
HI-RBSE-614.txt,RB-1106,देता,0,0,0,0,0,0,0,0,1
HI-RBSE-614.txt,RB-1107,है,1,1,1,1,1,1,6,1,0
HI-RBSE-614.txt,RB-1108,इन्हीं,0,0,0,0,0,0,0,0,1
HI-RBSE-614.txt,RB-1109,विचारों,0,0,0,0,0,0,0,0,1
HI-RBSE-614.txt,RB-1110,से,0,0,0,0,0,1,1,0,0
HI-RBSE-614.txt,RB-1111,ओत-प्रोत,1,1,1,1,1,0,5,1,0
HI-RBSE-614.txt,RB-1112,वह,0,0,0,0,0,0,0,0,1
HI-RBSE-614.txt,RB-1113,हसरत,0,0,0,0,0,0,0,0,1
HI-RBSE-614.txt,RB-1114,भरी,0,0,0,0,0,0,0,0,1
HI-RBSE-614.txt,RB-1115,नजरो,0,0,0,0,0,0,0,0,1
HI-RBSE-614.txt,RB-1116,से,1,1,1,1,0,1,5,1,0
HI-RBSE-614.txt,RB-1117,पर्वत,0,0,0,0,0,0,0,0,1
HI-RBSE-614.txt,RB-1118,की,0,0,0,0,0,0,0,0,1
HI-RBSE-614.txt,RB-1119,ओर,0,0,0,1,0,0,1,0,0
HI-RBSE-614.txt,RB-1120,देखती,0,0,0,0,0,0,0,0,1
HI-RBSE-614.txt,RB-1121,रहती,1,1,1,1,1,1,6,1,0
HI-RBSE-614.txt,RB-1122,साथियों,0,0,0,0,0,0,0,0,1
HI-RBSE-614.txt,RB-1123,ने,0,0,0,1,0,0,1,0,0
HI-RBSE-614.txt,RB-1124,उसे,1,1,0,0,0,1,3,0,0
HI-RBSE-614.txt,RB-1125,आँखों-आँखो,0,0,0,0,0,0,0,0,1
HI-RBSE-614.txt,RB-1126,में,0,0,1,0,0,1,2,0,0
HI-RBSE-614.txt,RB-1127,समझाने,0,0,0,0,0,0,0,0,1
HI-RBSE-614.txt,RB-1128,का,0,0,0,0,0,0,0,0,1
HI-RBSE-614.txt,RB-1129,प्रयत्न,0,0,0,0,0,0,0,0,1
HI-RBSE-614.txt,RB-1130,किया,1,1,0,0,1,1,4,1,0
HI-RBSE-614.txt,RB-1131,कि,0,0,1,1,0,0,2,0,0
HI-RBSE-614.txt,RB-1132,वह,0,0,0,0,0,0,0,0,1
HI-RBSE-614.txt,RB-1133,ऐसे,0,0,0,0,0,0,0,0,1
HI-RBSE-614.txt,RB-1134,मूर्खतापूर्ण,0,0,1,0,0,0,1,0,0
HI-RBSE-614.txt,RB-1135,विचारों,0,0,0,0,0,0,0,0,1
HI-RBSE-614.txt,RB-1136,को,0,1,0,1,0,1,3,0,0
HI-RBSE-614.txt,RB-1137,मन,0,0,0,0,0,0,0,0,1
HI-RBSE-614.txt,RB-1138,में,0,0,0,0,0,0,0,0,1
HI-RBSE-614.txt,RB-1139,न,0,0,0,0,0,0,0,0,1
HI-RBSE-614.txt,RB-1140,लाए,1,1,1,1,1,1,6,1,0
HI-RBSE-614.txt,RB-1141,भोग्य,1,0,0,0,0,0,1,0,0
HI-RBSE-614.txt,RB-1142,सदैव,0,0,0,0,0,0,0,0,1
HI-RBSE-614.txt,RB-1143,से,1,0,1,1,0,1,4,1,0
HI-RBSE-614.txt,RB-1144,भोगने,0,0,0,0,0,0,0,0,1
HI-RBSE-614.txt,RB-1145,के,0,0,0,0,0,0,0,0,1
HI-RBSE-614.txt,RB-1146,लिए,0,0,0,0,0,0,0,0,1
HI-RBSE-614.txt,RB-1147,ही,0,0,1,1,0,0,2,0,0
HI-RBSE-614.txt,RB-1148,उत्पन्न,0,0,0,0,0,0,0,0,1
HI-RBSE-614.txt,RB-1149,होते,0,0,0,0,0,0,0,0,1
HI-RBSE-614.txt,RB-1150,रहे,0,0,0,0,0,0,0,0,1
HI-RBSE-614.txt,RB-1151,हैं,1,1,1,1,1,1,6,1,0
HI-RBSE-614.txt,RB-1152,भेड़िये,0,0,0,0,0,0,0,0,1
HI-RBSE-614.txt,RB-1153,के,0,0,0,0,0,0,0,0,1
HI-RBSE-614.txt,RB-1154,मुँह,0,1,1,1,1,1,5,1,0
HI-RBSE-614.txt,RB-1155,हमारा,0,0,0,0,0,0,0,0,1
HI-RBSE-614.txt,RB-1156,खून,0,0,0,1,0,0,1,0,0
HI-RBSE-614.txt,RB-1157,लग,0,0,0,0,0,0,0,0,1
HI-RBSE-614.txt,RB-1158,चुका,0,0,0,0,0,0,0,0,1
HI-RBSE-614.txt,RB-1159,है,1,1,1,1,1,1,6,1,0
HI-RBSE-614.txt,RB-1160,वह,0,0,0,0,0,0,0,0,1
HI-RBSE-614.txt,RB-1161,अपनी,0,0,0,0,0,0,0,0,1
HI-RBSE-614.txt,RB-1162,आदत,0,0,0,0,0,0,0,0,1
HI-RBSE-614.txt,RB-1163,से,0,1,0,0,0,1,2,0,0
HI-RBSE-614.txt,RB-1164,कभी,0,0,0,1,0,0,1,0,0
HI-RBSE-614.txt,RB-1165,बाज,0,0,0,0,0,0,0,0,1
HI-RBSE-614.txt,RB-1166,नहीं,0,0,0,0,0,0,0,0,1
HI-RBSE-614.txt,RB-1167,आएगा,1,0,1,1,1,1,5,1,0
HI-RBSE-615.txt,RB-1001,उत्तम,0,0,0,0,0,0,0,0,1
HI-RBSE-615.txt,RB-1002,स्वास्थ्य,1,1,1,1,0,1,5,1,0
HI-RBSE-615.txt,RB-1003,जीवन,0,0,0,0,0,0,0,0,1
HI-RBSE-615.txt,RB-1004,का,0,0,0,0,0,0,0,0,1
HI-RBSE-615.txt,RB-1005,सबसे,0,0,0,0,0,0,0,0,1
HI-RBSE-615.txt,RB-1006,बड़ा,0,0,0,0,0,0,0,0,1
HI-RBSE-615.txt,RB-1007,धन,0,0,0,0,0,0,0,0,1
HI-RBSE-615.txt,RB-1008,है,1,1,1,1,1,1,6,1,0
HI-RBSE-615.txt,RB-1009,इसके,0,0,0,0,0,0,0,0,1
HI-RBSE-615.txt,RB-1010,बिना,1,1,0,1,0,1,4,1,0
HI-RBSE-615.txt,RB-1011,मनुष्य,0,0,1,1,0,0,2,0,0
HI-RBSE-615.txt,RB-1012,किसी,0,0,0,0,0,0,0,0,1
HI-RBSE-615.txt,RB-1013,कार्य,0,0,0,0,0,0,0,0,1
HI-RBSE-615.txt,RB-1014,को,1,1,1,0,0,1,4,1,0
HI-RBSE-615.txt,RB-1015,रुचिपूर्वक,0,0,0,1,0,0,1,0,0
HI-RBSE-615.txt,RB-1016,नहीं,0,0,0,0,0,0,0,0,1
HI-RBSE-615.txt,RB-1017,कर,0,0,0,0,0,0,0,0,1
HI-RBSE-615.txt,RB-1018,सकता,1,1,1,1,1,1,6,1,0
HI-RBSE-615.txt,RB-1019,कार्य,0,0,0,0,0,0,0,0,1
HI-RBSE-615.txt,RB-1020,के,0,0,0,0,0,0,0,0,1
HI-RBSE-615.txt,RB-1021,प्रति,1,0,0,0,0,0,1,0,0
HI-RBSE-615.txt,RB-1022,रुचि,0,1,1,1,1,1,5,1,0
HI-RBSE-615.txt,RB-1023,और,0,0,0,0,0,0,0,0,1
HI-RBSE-615.txt,RB-1024,लगाव,0,0,0,0,0,0,0,0,1
HI-RBSE-615.txt,RB-1025,के,0,0,0,0,0,0,0,0,1
HI-RBSE-615.txt,RB-1026,अभाव,0,0,0,0,0,0,0,0,1
HI-RBSE-615.txt,RB-1027,में,1,1,1,1,0,1,5,1,0
HI-RBSE-615.txt,RB-1028,वह,0,0,0,0,0,0,0,0,1
HI-RBSE-615.txt,RB-1029,अपने,0,0,0,0,0,0,0,0,1
HI-RBSE-615.txt,RB-1030,जीवन,0,0,0,0,0,0,0,0,1
HI-RBSE-615.txt,RB-1031,का,0,0,0,0,0,0,0,0,1
HI-RBSE-615.txt,RB-1032,लक्ष्य,0,1,0,0,0,0,1,0,0
HI-RBSE-615.txt,RB-1033,भी,0,0,1,1,0,1,3,0,0
HI-RBSE-615.txt,RB-1034,पूरा,0,0,0,0,0,0,0,0,1
HI-RBSE-615.txt,RB-1035,नहीं,0,0,0,0,0,0,0,0,1
HI-RBSE-615.txt,RB-1036,कर,0,0,0,0,0,0,0,0,1
HI-RBSE-615.txt,RB-1037,सकता,1,1,1,1,1,1,6,1,0
HI-RBSE-615.txt,RB-1038,उत्तम,0,0,0,0,0,0,0,0,1
HI-RBSE-615.txt,RB-1039,स्वास्थ्य,0,0,0,0,0,0,0,0,1
HI-RBSE-615.txt,RB-1040,का,0,0,0,0,0,0,0,0,1
HI-RBSE-615.txt,RB-1041,अर्थ,1,1,1,1,0,1,5,1,0
HI-RBSE-615.txt,RB-1042,केवल,0,0,0,0,0,0,0,0,1
HI-RBSE-615.txt,RB-1043,शारीरिक,0,0,0,0,0,0,0,0,1
HI-RBSE-615.txt,RB-1044,स्वास्थ्य,0,0,0,0,0,0,0,0,1
HI-RBSE-615.txt,RB-1045,तक,0,0,1,1,0,0,2,0,0
HI-RBSE-615.txt,RB-1046,सीमित,0,0,0,0,0,0,0,0,1
HI-RBSE-615.txt,RB-1047,नहीं,0,0,0,0,0,0,0,0,1
HI-RBSE-615.txt,RB-1048,है,1,1,1,1,1,1,6,1,0
HI-RBSE-615.txt,RB-1049,इसमें,0,0,0,0,0,0,0,0,1
HI-RBSE-615.txt,RB-1050,हमारा,0,0,0,0,0,0,0,0,1
HI-RBSE-615.txt,RB-1051,मानसिक,0,0,0,0,0,0,0,0,1
HI-RBSE-615.txt,RB-1052,स्वास्थ्य,1,1,1,1,1,1,6,1,0
HI-RBSE-615.txt,RB-1053,चरित्र,1,1,1,1,1,1,6,1,0
HI-RBSE-615.txt,RB-1054,और,0,0,0,0,0,0,0,0,1
HI-RBSE-615.txt,RB-1055,संयम,0,0,0,0,0,0,0,0,1
HI-RBSE-615.txt,RB-1056,भी,0,0,0,0,0,0,0,0,1
HI-RBSE-615.txt,RB-1057,सम्मिलित,0,0,0,0,0,0,0,0,1
HI-RBSE-615.txt,RB-1058,है,1,1,1,1,1,1,6,1,0
HI-RBSE-615.txt,RB-1059,जीवन,0,0,0,0,0,0,0,0,1
HI-RBSE-615.txt,RB-1060,को,0,0,0,0,0,0,0,0,1
HI-RBSE-615.txt,RB-1061,स्वस्थ,0,1,1,1,1,1,5,1,0
HI-RBSE-615.txt,RB-1062,और,0,0,0,0,0,0,0,0,1
HI-RBSE-615.txt,RB-1063,सुंदर,0,0,0,0,0,0,0,0,1
HI-RBSE-615.txt,RB-1064,बनाने,0,0,0,0,0,0,0,0,1
HI-RBSE-615.txt,RB-1065,के,1,1,0,1,0,1,4,1,0
HI-RBSE-615.txt,RB-1066,अनेक,0,0,0,0,0,0,0,0,1
HI-RBSE-615.txt,RB-1067,साधन,0,0,0,0,0,0,0,0,1
HI-RBSE-615.txt,RB-1068,हैं,1,1,1,1,1,1,6,1,0
HI-RBSE-615.txt,RB-1069,इसके,0,0,0,0,0,0,0,0,1
HI-RBSE-615.txt,RB-1070,लिए,1,1,0,1,0,1,4,1,0
HI-RBSE-615.txt,RB-1071,पौष्टिक,0,0,0,0,0,0,0,0,1
HI-RBSE-615.txt,RB-1072,भोजन,0,0,0,0,0,0,0,0,1
HI-RBSE-615.txt,RB-1073,के,0,0,0,0,0,0,0,0,1
HI-RBSE-615.txt,RB-1074,साथ,0,0,1,1,0,1,3,0,0
HI-RBSE-615.txt,RB-1075,खेल-कूद,1,1,1,1,1,1,6,1,0
HI-RBSE-615.txt,RB-1076,व्यायाम,1,1,1,1,1,1,6,1,0
HI-RBSE-615.txt,RB-1077,आसन,1,1,1,1,1,1,6,1,0
HI-RBSE-615.txt,RB-1078,प्राणायाम,1,0,1,0,0,1,3,0,0
HI-RBSE-615.txt,RB-1079,आदि,1,1,0,1,1,1,5,1,0
HI-RBSE-615.txt,RB-1080,बहुत,0,0,0,0,0,0,0,0,1
HI-RBSE-615.txt,RB-1081,आवश्यक,0,0,0,0,0,0,0,0,1
HI-RBSE-615.txt,RB-1082,हैं,1,1,1,1,1,1,6,1,0
HI-RBSE-615.txt,RB-1083,शारीरिक,0,0,1,0,0,0,1,0,0
HI-RBSE-615.txt,RB-1084,और,0,0,0,0,0,0,0,0,1
HI-RBSE-615.txt,RB-1085,मानसिक,0,0,0,0,0,0,0,0,1
HI-RBSE-615.txt,RB-1086,थकान,0,0,0,0,0,0,0,0,1
HI-RBSE-615.txt,RB-1087,से,0,0,0,0,0,0,0,0,1
HI-RBSE-615.txt,RB-1088,बचने,0,0,0,0,0,0,0,0,1
HI-RBSE-615.txt,RB-1089,के,0,0,0,0,0,0,0,0,1
HI-RBSE-615.txt,RB-1090,लिए,1,1,1,1,0,1,5,1,0
HI-RBSE-615.txt,RB-1091,मनोरंजन,0,0,0,0,0,0,0,0,1
HI-RBSE-615.txt,RB-1092,के,0,0,0,0,0,0,0,0,1
HI-RBSE-615.txt,RB-1093,साधनों,0,0,0,0,0,0,0,0,1
HI-RBSE-615.txt,RB-1094,की,0,0,0,0,0,0,0,0,1
HI-RBSE-615.txt,RB-1095,भी,0,0,1,1,0,1,3,0,0
HI-RBSE-615.txt,RB-1096,आवश्यकता,0,0,0,0,0,0,0,0,1
HI-RBSE-615.txt,RB-1097,होती,0,0,0,0,0,0,0,0,1
HI-RBSE-615.txt,RB-1098,है,1,1,1,1,1,1,6,1,0
HI-RBSE-615.txt,RB-1099,स्वस्थ,0,0,0,0,0,0,0,0,1
HI-RBSE-615.txt,RB-1100,मनोरंजन,0,0,0,0,0,0,0,0,1
HI-RBSE-615.txt,RB-1101,के,0,0,0,0,0,0,0,0,1
HI-RBSE-615.txt,RB-1102,अभाव,0,0,0,0,0,0,0,0,1
HI-RBSE-615.txt,RB-1103,में,0,0,0,0,0,0,0,0,1
HI-RBSE-615.txt,RB-1104,भी,1,1,1,1,0,1,5,1,0
HI-RBSE-615.txt,RB-1105,उत्तम,0,0,0,0,0,0,0,0,1
HI-RBSE-615.txt,RB-1106,स्वास्थ्य,0,0,0,1,0,0,1,0,0
HI-RBSE-615.txt,RB-1107,दुर्बल,0,0,0,0,0,0,0,0,1
HI-RBSE-615.txt,RB-1108,हो,0,0,0,0,0,0,0,0,1
HI-RBSE-615.txt,RB-1109,जाता,0,0,0,0,0,0,0,0,1
HI-RBSE-615.txt,RB-1110,है,1,1,1,1,1,1,6,1,0
HI-RBSE-615.txt,RB-1111,बच्चों,0,0,0,0,0,0,0,0,1
HI-RBSE-615.txt,RB-1112,के,0,0,0,0,0,0,0,0,1
HI-RBSE-615.txt,RB-1113,उत्तम,0,0,0,0,0,0,0,0,1
HI-RBSE-615.txt,RB-1114,स्वास्थ्य,0,0,0,0,0,0,0,0,1
HI-RBSE-615.txt,RB-1115,के,0,0,0,0,0,0,0,0,1
HI-RBSE-615.txt,RB-1116,लिए,1,1,1,1,0,1,5,1,0
HI-RBSE-615.txt,RB-1117,खेल-कूद,1,1,1,1,1,1,6,1,0
HI-RBSE-615.txt,RB-1118,व्यायाम,1,1,1,1,1,1,6,1,0
HI-RBSE-615.txt,RB-1119,आसन-प्राणायाम,1,1,1,0,0,1,4,1,0
HI-RBSE-615.txt,RB-1120,आदि,1,0,0,1,1,1,4,1,0
HI-RBSE-615.txt,RB-1121,अनेक,0,0,0,0,0,0,0,0,1
HI-RBSE-615.txt,RB-1122,रुचिकर,0,0,0,0,0,0,0,0,1
HI-RBSE-615.txt,RB-1123,साधन,0,0,0,0,0,0,0,0,1
HI-RBSE-615.txt,RB-1124,हैं,1,1,1,1,1,1,6,1,0
HI-RBSE-615.txt,RB-1125,जिन्हें,0,0,0,0,0,0,0,0,1
HI-RBSE-615.txt,RB-1126,बच्चे,1,0,0,1,0,1,3,0,0
HI-RBSE-615.txt,RB-1127,विद्यालय,0,0,0,0,0,0,0,0,1
HI-RBSE-615.txt,RB-1128,के,0,0,1,0,0,0,1,0,0
HI-RBSE-615.txt,RB-1129,क्रीडांगण,0,0,0,0,0,0,0,0,1
HI-RBSE-615.txt,RB-1130,में,1,1,1,1,0,1,5,1,0
HI-RBSE-615.txt,RB-1131,सामूहिक,0,0,0,0,0,0,0,0,1
HI-RBSE-615.txt,RB-1132,रूप,0,0,0,0,0,0,0,0,1
HI-RBSE-615.txt,RB-1133,से,1,1,1,1,0,0,4,1,0
HI-RBSE-615.txt,RB-1134,सरलतापूर्वक,0,0,0,1,0,0,1,0,0
HI-RBSE-615.txt,RB-1135,कर,0,0,0,0,0,0,0,0,1
HI-RBSE-615.txt,RB-1136,सकते,0,0,0,0,0,0,0,0,1
HI-RBSE-615.txt,RB-1137,हैं,1,1,1,1,1,1,6,1,0
HI-RBSE-615.txt,RB-1138,इनसे,0,0,0,0,0,0,0,0,1
HI-RBSE-615.txt,RB-1139,बालकों,0,0,0,0,0,0,0,0,1
HI-RBSE-615.txt,RB-1140,में,1,1,1,1,0,1,5,1,0
HI-RBSE-615.txt,RB-1141,परस्पर,0,0,0,0,0,0,0,0,1
HI-RBSE-615.txt,RB-1142,सहयोग,0,0,0,1,0,0,1,0,0
HI-RBSE-615.txt,RB-1143,सद्भाव,1,1,1,1,1,1,6,1,0
HI-RBSE-615.txt,RB-1144,एवं,0,0,0,0,0,0,0,0,1
HI-RBSE-615.txt,RB-1145,मेल,0,0,0,0,0,0,0,0,1
HI-RBSE-615.txt,RB-1146,जोल,0,0,0,0,0,0,0,0,1
HI-RBSE-615.txt,RB-1147,से,0,1,0,1,0,0,2,0,0
HI-RBSE-615.txt,RB-1148,काम,0,0,0,0,0,0,0,0,1
HI-RBSE-615.txt,RB-1149,करने,0,0,0,0,0,0,0,0,1
HI-RBSE-615.txt,RB-1150,की,0,0,0,0,0,0,0,0,1
HI-RBSE-615.txt,RB-1151,भावना,1,0,1,0,0,1,3,0,0
HI-RBSE-615.txt,RB-1152,का,0,0,0,1,0,0,1,0,0
HI-RBSE-615.txt,RB-1153,विकास,0,0,0,0,0,0,0,0,1
HI-RBSE-615.txt,RB-1154,होता,0,0,0,0,0,0,0,0,1
HI-RBSE-615.txt,RB-1155,है,1,1,1,1,1,1,6,1,0
HI-RBSE-615.txt,RB-1156,खेल,0,0,0,0,0,0,0,0,1
HI-RBSE-615.txt,RB-1157,से,1,0,0,1,0,0,2,0,0
HI-RBSE-615.txt,RB-1158,बच्चों,0,0,0,0,0,0,0,0,1
HI-RBSE-615.txt,RB-1159,में,0,1,0,0,0,1,2,0,0
HI-RBSE-615.txt,RB-1160,राष्ट्र,0,0,0,0,0,0,0,0,1
HI-RBSE-615.txt,RB-1161,प्रेम,1,0,1,1,1,1,5,1,0
HI-RBSE-615.txt,RB-1162,एवं,0,0,0,0,0,0,0,0,1
HI-RBSE-615.txt,RB-1163,राष्ट्रीय,0,0,0,0,0,0,0,0,1
HI-RBSE-615.txt,RB-1164,एकता,0,1,1,0,0,0,2,0,0
HI-RBSE-615.txt,RB-1165,का,0,0,0,0,0,0,0,0,1
HI-RBSE-615.txt,RB-1166,भी,0,0,0,1,0,0,1,0,0
HI-RBSE-615.txt,RB-1167,विकास,0,0,0,0,0,0,0,0,1
HI-RBSE-615.txt,RB-1168,होता,0,0,0,0,0,0,0,0,1
HI-RBSE-615.txt,RB-1169,है,1,1,1,1,1,1,6,1,0
HI-RBSE-702.txt,RB-1001,लव,0,0,1,0,0,0,1,0,0
HI-RBSE-702.txt,RB-1002,और,0,0,0,0,0,0,0,0,1
HI-RBSE-702.txt,RB-1003,कुश,1,1,1,1,1,1,6,1,0
HI-RBSE-702.txt,RB-1004,बड़े,0,0,0,0,0,0,0,0,1
HI-RBSE-702.txt,RB-1005,होनहार,0,0,0,0,0,0,0,0,1
HI-RBSE-702.txt,RB-1006,बालक,0,0,0,0,0,0,0,0,1
HI-RBSE-702.txt,RB-1007,थे,1,1,1,1,1,1,6,1,0
HI-RBSE-702.txt,RB-1008,उनका,0,0,0,0,0,0,0,0,1
HI-RBSE-702.txt,RB-1009,जन्म,1,1,1,1,1,1,6,1,0
HI-RBSE-702.txt,RB-1010,तमसा,0,0,0,0,0,0,0,0,1
HI-RBSE-702.txt,RB-1011,नदी,0,0,0,0,0,0,0,0,1
HI-RBSE-702.txt,RB-1012,के,0,0,0,0,0,0,0,0,1
HI-RBSE-702.txt,RB-1013,किनारे,1,1,1,1,1,1,6,1,0
HI-RBSE-702.txt,RB-1014,वाल्मीकि,0,0,0,0,0,0,0,0,1
HI-RBSE-702.txt,RB-1015,आश्रम,0,0,0,0,0,0,0,0,1
HI-RBSE-702.txt,RB-1016,में,0,0,0,0,0,0,0,0,1
HI-RBSE-702.txt,RB-1017,हुआ,0,0,0,0,0,0,0,0,1
HI-RBSE-702.txt,RB-1018,था,1,1,1,1,1,1,6,1,0
HI-RBSE-702.txt,RB-1019,वे,0,0,0,0,0,0,0,0,1
HI-RBSE-702.txt,RB-1020,अपनी,0,0,0,0,0,0,0,0,1
HI-RBSE-702.txt,RB-1021,माता,0,0,0,0,0,1,1,0,0
HI-RBSE-702.txt,RB-1022,सीता,0,0,0,0,0,0,0,0,1
HI-RBSE-702.txt,RB-1023,के,0,0,0,0,0,0,0,0,1
HI-RBSE-702.txt,RB-1024,साथ,1,1,1,1,1,1,6,1,0
HI-RBSE-702.txt,RB-1025,इसी,0,0,0,0,0,0,0,0,1
HI-RBSE-702.txt,RB-1026,आश्रम,0,0,0,0,0,0,0,0,1
HI-RBSE-702.txt,RB-1027,में,0,0,0,0,0,0,0,0,1
HI-RBSE-702.txt,RB-1028,रहते,0,0,0,0,0,0,0,0,1
HI-RBSE-702.txt,RB-1029,थे,1,1,1,1,1,1,6,1,0
HI-RBSE-702.txt,RB-1030,बाल्यकाल,0,0,0,0,0,0,0,0,1
HI-RBSE-702.txt,RB-1031,में,1,1,1,1,1,1,6,1,0
HI-RBSE-702.txt,RB-1032,स्वयं,0,0,0,0,0,0,0,0,1
HI-RBSE-702.txt,RB-1033,महर्षि,0,0,0,0,0,0,0,0,1
HI-RBSE-702.txt,RB-1034,वाल्मीकि,0,0,0,0,0,0,0,0,1
HI-RBSE-702.txt,RB-1035,ने,1,1,1,1,0,1,5,1,0
HI-RBSE-702.txt,RB-1036,उनका,0,0,0,0,0,0,0,0,1
HI-RBSE-702.txt,RB-1037,पालन-पोषण,0,0,0,0,0,0,0,0,1
HI-RBSE-702.txt,RB-1038,किया,1,1,1,1,1,1,6,1,0
HI-RBSE-702.txt,RB-1039,तथा,0,0,0,0,0,0,0,0,1
HI-RBSE-702.txt,RB-1040,उन्हें,0,0,0,0,0,0,0,0,1
HI-RBSE-702.txt,RB-1041,संपूर्ण,0,0,0,0,0,0,0,0,1
HI-RBSE-702.txt,RB-1042,विद्याओं,0,0,0,0,0,0,0,0,1
HI-RBSE-702.txt,RB-1043,का,0,0,0,0,0,1,1,0,0
HI-RBSE-702.txt,RB-1044,ज्ञान,0,0,0,0,0,0,0,0,1
HI-RBSE-702.txt,RB-1045,दिया,1,1,1,1,1,1,6,1,0
HI-RBSE-702.txt,RB-1046,लव-कुश,0,0,0,0,0,0,0,0,1
HI-RBSE-702.txt,RB-1047,में,0,1,1,1,0,1,4,1,0
HI-RBSE-702.txt,RB-1048,क्षत्रिय,0,0,0,0,0,0,0,0,1
HI-RBSE-702.txt,RB-1049,के,0,0,0,0,0,0,0,0,1
HI-RBSE-702.txt,RB-1050,सभी,0,0,0,0,0,0,0,0,1
HI-RBSE-702.txt,RB-1051,गुण,0,0,1,1,0,1,3,0,0
HI-RBSE-702.txt,RB-1052,विद्यमान,0,0,0,0,0,0,0,0,1
HI-RBSE-702.txt,RB-1053,थे,1,1,1,1,1,1,6,1,0
HI-RBSE-702.txt,RB-1054,छोटी-सी,0,0,0,0,0,0,0,0,1
HI-RBSE-702.txt,RB-1055,अवस्था,0,0,0,0,0,0,0,0,1
HI-RBSE-702.txt,RB-1056,में,1,0,1,1,0,1,4,1,0
HI-RBSE-702.txt,RB-1057,वे,0,1,0,0,0,0,1,0,0
HI-RBSE-702.txt,RB-1058,शस्त्र,0,0,0,0,0,0,0,0,1
HI-RBSE-702.txt,RB-1059,चलाना,0,0,0,0,0,0,0,0,1
HI-RBSE-702.txt,RB-1060,सीख,0,0,0,0,0,0,0,0,1
HI-RBSE-702.txt,RB-1061,गए,0,0,0,0,0,0,0,0,1
HI-RBSE-702.txt,RB-1062,थे,1,1,1,1,1,1,6,1,0
HI-RBSE-702.txt,RB-1063,बाण,0,0,0,0,0,0,0,0,1
HI-RBSE-702.txt,RB-1064,चलाने,0,0,0,0,0,0,0,0,1
HI-RBSE-702.txt,RB-1065,में,0,0,0,0,0,1,1,0,0
HI-RBSE-702.txt,RB-1066,तो,0,0,0,0,0,0,0,0,1
HI-RBSE-702.txt,RB-1067,वे,0,1,0,1,0,0,2,0,0
HI-RBSE-702.txt,RB-1068,बहुत,0,0,0,0,0,0,0,0,1
HI-RBSE-702.txt,RB-1069,ही,0,0,0,0,0,0,0,0,1
HI-RBSE-702.txt,RB-1070,निपुण,0,0,0,0,0,0,0,0,1
HI-RBSE-702.txt,RB-1071,थे,1,1,1,1,1,1,6,1,0
HI-RBSE-702.txt,RB-1072,उनका,0,0,0,0,0,0,0,0,1
HI-RBSE-702.txt,RB-1073,निशाना,0,0,0,0,0,0,0,0,1
HI-RBSE-702.txt,RB-1074,अचूक,0,0,0,0,0,0,0,0,1
HI-RBSE-702.txt,RB-1075,था,1,1,1,1,1,1,6,1,0
HI-RBSE-702.txt,RB-1076,वे,0,0,0,0,0,0,0,0,1
HI-RBSE-702.txt,RB-1077,बड़े,0,0,0,0,0,0,0,0,1
HI-RBSE-702.txt,RB-1078,वीर,0,0,1,1,1,1,4,1,0
HI-RBSE-702.txt,RB-1079,और,0,0,0,0,0,0,0,0,1
HI-RBSE-702.txt,RB-1080,साहसी,0,0,0,0,0,0,0,0,1
HI-RBSE-702.txt,RB-1081,थे,1,1,1,1,1,1,6,1,0
HI-RBSE-702.txt,RB-1082,गुरु,0,0,0,0,0,0,0,0,1
HI-RBSE-702.txt,RB-1083,वाल्मीकि,0,0,0,1,1,0,2,0,0
HI-RBSE-702.txt,RB-1084,उनको,0,1,0,0,0,1,2,0,0
HI-RBSE-702.txt,RB-1085,नित्यप्रति,0,0,1,1,0,0,2,0,0
HI-RBSE-702.txt,RB-1086,रामायण,0,0,0,0,0,0,0,0,1
HI-RBSE-702.txt,RB-1087,की,0,0,0,0,0,0,0,0,1
HI-RBSE-702.txt,RB-1088,कथा,0,0,0,1,0,1,2,0,0
HI-RBSE-702.txt,RB-1089,सुनाया,0,0,0,0,0,0,0,0,1
HI-RBSE-702.txt,RB-1090,करते,0,0,0,0,0,0,0,0,1
HI-RBSE-702.txt,RB-1091,थे,1,1,1,1,1,1,6,1,0
HI-RBSE-702.txt,RB-1092,उन्होंने,0,0,0,0,0,0,0,0,1
HI-RBSE-702.txt,RB-1093,रामायण,0,0,0,0,0,0,0,0,1
HI-RBSE-702.txt,RB-1094,की,0,0,0,0,0,0,0,0,1
HI-RBSE-702.txt,RB-1095,कथा,0,1,1,1,0,1,4,1,0
HI-RBSE-702.txt,RB-1096,कंठस्थ,0,0,0,0,0,0,0,0,1
HI-RBSE-702.txt,RB-1097,कर,0,0,0,0,0,0,0,0,1
HI-RBSE-702.txt,RB-1098,ली,0,0,0,0,0,0,0,0,1
HI-RBSE-702.txt,RB-1099,थी,1,1,1,1,1,1,6,1,0
HI-RBSE-702.txt,RB-1100,रामायण,0,0,0,0,0,0,0,0,1
HI-RBSE-702.txt,RB-1101,की,0,0,0,0,0,0,0,0,1
HI-RBSE-702.txt,RB-1102,कथा,0,0,0,0,0,0,0,0,1
HI-RBSE-702.txt,RB-1103,का,0,0,0,0,0,0,0,0,1
HI-RBSE-702.txt,RB-1104,गान,0,0,0,0,0,0,0,0,1
HI-RBSE-702.txt,RB-1105,करना,1,1,1,1,1,1,6,1,0
HI-RBSE-702.txt,RB-1106,गुरु,0,0,0,0,0,0,0,0,1
HI-RBSE-702.txt,RB-1107,की,0,0,0,0,0,0,0,0,1
HI-RBSE-702.txt,RB-1108,आज्ञा,0,0,0,0,0,0,0,0,1
HI-RBSE-702.txt,RB-1109,का,0,0,0,0,0,0,0,0,1
HI-RBSE-702.txt,RB-1110,पालन,0,0,0,0,0,0,0,0,1
HI-RBSE-702.txt,RB-1111,करना,1,1,1,1,1,1,6,1,0
HI-RBSE-702.txt,RB-1112,और,0,0,0,0,0,0,0,0,1
HI-RBSE-702.txt,RB-1113,मुनि,0,0,0,0,0,0,0,0,1
HI-RBSE-702.txt,RB-1114,कुमारों,0,0,0,0,0,0,0,0,1
HI-RBSE-702.txt,RB-1115,के,0,0,0,0,0,0,0,0,1
HI-RBSE-702.txt,RB-1116,साथ,0,1,0,0,0,0,1,0,0
HI-RBSE-702.txt,RB-1117,खेलना,1,0,1,1,1,1,5,1,0
HI-RBSE-702.txt,RB-1118,उनका,0,0,0,0,0,0,0,0,1
HI-RBSE-702.txt,RB-1119,नित्यकर्म,0,0,0,0,0,0,0,0,1
HI-RBSE-702.txt,RB-1120,था,1,1,1,1,1,1,6,1,0
HI-RBSE-702.txt,RB-1121,एक,0,0,0,0,0,0,0,0,1
HI-RBSE-702.txt,RB-1122,दिन,0,0,1,1,1,1,4,1,0
HI-RBSE-702.txt,RB-1123,सीता,0,0,0,0,0,0,0,0,1
HI-RBSE-702.txt,RB-1124,ने,0,1,0,0,0,0,1,0,0
HI-RBSE-702.txt,RB-1125,आश्रम,0,0,0,0,0,0,0,0,1
HI-RBSE-702.txt,RB-1126,के,0,0,0,0,0,0,0,0,1
HI-RBSE-702.txt,RB-1127,बाहर,0,1,1,1,0,1,4,1,0
HI-RBSE-702.txt,RB-1128,कुछ,0,0,0,0,0,0,0,0,1
HI-RBSE-702.txt,RB-1129,शोर,0,0,0,0,0,0,0,0,1
HI-RBSE-702.txt,RB-1130,सुना,1,0,1,1,1,1,5,1,0
HI-RBSE-702.txt,RB-1131,तो,0,1,0,0,0,0,1,0,0
HI-RBSE-702.txt,RB-1132,उस,0,0,0,0,0,0,0,0,1
HI-RBSE-702.txt,RB-1133,तरफ,0,0,0,0,0,0,0,0,1
HI-RBSE-702.txt,RB-1134,दौड़ी,1,1,1,1,1,1,6,1,0
HI-RBSE-702.txt,RB-1135,रास्ते,0,0,0,0,0,0,0,0,1
HI-RBSE-702.txt,RB-1136,में,0,0,0,0,0,0,0,0,1
HI-RBSE-702.txt,RB-1137,ही,0,0,0,1,0,1,2,0,0
HI-RBSE-702.txt,RB-1138,कुश,0,0,0,0,0,0,0,0,1
HI-RBSE-702.txt,RB-1139,मिल,0,0,0,0,0,0,0,0,1
HI-RBSE-702.txt,RB-1140,गया,1,1,1,1,1,1,6,1,0
HI-RBSE-702.txt,RB-1141,उसने,0,0,0,0,0,0,0,0,1
HI-RBSE-702.txt,RB-1142,उन्हें,0,0,0,0,0,0,0,0,1
HI-RBSE-702.txt,RB-1143,बताया,1,0,0,0,1,1,3,0,0
HI-RBSE-702.txt,RB-1144,कि,0,1,0,1,0,0,2,0,0
HI-RBSE-702.txt,RB-1145,आश्रम,0,0,0,0,0,0,0,0,1
HI-RBSE-702.txt,RB-1146,में,0,0,1,1,0,1,3,0,0
HI-RBSE-702.txt,RB-1147,एक,0,0,0,0,0,0,0,0,1
HI-RBSE-702.txt,RB-1148,सुंदर,0,0,0,0,0,0,0,0,1
HI-RBSE-702.txt,RB-1149,घोड़ा,0,0,0,0,0,0,0,0,1
HI-RBSE-702.txt,RB-1150,आ,0,0,0,0,0,0,0,0,1
HI-RBSE-702.txt,RB-1151,गया,0,0,0,0,0,0,0,0,1
HI-RBSE-702.txt,RB-1152,है,1,1,1,1,1,1,6,1,0
HI-RBSE-702.txt,RB-1153,उसे,0,0,0,0,0,0,0,0,1
HI-RBSE-702.txt,RB-1154,हमने,0,0,0,0,0,0,0,0,1
HI-RBSE-702.txt,RB-1155,पकड़,0,0,0,0,0,0,0,0,1
HI-RBSE-702.txt,RB-1156,लिया,0,0,0,0,0,0,0,0,1
HI-RBSE-702.txt,RB-1157,है,1,1,1,1,1,1,6,1,0
HI-RBSE-702.txt,RB-1158,और,0,0,0,0,0,0,0,0,1
HI-RBSE-702.txt,RB-1159,एक,0,0,0,0,0,0,0,0,1
HI-RBSE-702.txt,RB-1160,पेड़,0,0,0,0,0,0,0,0,1
HI-RBSE-702.txt,RB-1161,से,0,0,0,1,0,0,1,0,0
HI-RBSE-702.txt,RB-1162,बाँध,0,0,0,0,0,0,0,0,1
HI-RBSE-702.txt,RB-1163,दिया,0,0,0,0,0,0,0,0,1
HI-RBSE-702.txt,RB-1164,है,1,1,1,1,1,1,6,1,0
HI-RBSE-702.txt,RB-1165,घोड़ा,0,0,0,0,0,0,0,0,1
HI-RBSE-702.txt,RB-1166,यहाँ,0,0,0,0,0,0,0,0,1
HI-RBSE-702.txt,RB-1167,कैसे,0,0,0,0,0,0,0,0,1
HI-RBSE-702.txt,RB-1168,आया,0,0,0,0,0,0,0,0,1
HI-RBSE-702.txt,RB-1169,होगा,1,1,1,1,1,1,6,1,0
HI-RBSE-702.txt,RB-1170,यह,0,0,0,0,0,0,0,0,1
HI-RBSE-702.txt,RB-1171,सोचकर,0,0,0,0,0,0,0,0,1
HI-RBSE-702.txt,RB-1172,सीता,1,1,1,1,1,1,6,1,0
HI-RBSE-702.txt,RB-1173,कुश,0,0,0,0,0,0,0,0,1
HI-RBSE-702.txt,RB-1174,के,0,0,0,0,0,0,0,0,1
HI-RBSE-702.txt,RB-1175,साथ,0,1,0,1,0,1,3,0,0
HI-RBSE-702.txt,RB-1176,उस,0,0,0,0,0,0,0,0,1
HI-RBSE-702.txt,RB-1177,स्थान,0,0,0,0,0,0,0,0,1
HI-RBSE-702.txt,RB-1178,पर,0,0,0,0,0,0,0,0,1
HI-RBSE-702.txt,RB-1179,पहुंची,1,1,1,1,1,1,6,1,0
HI-RBSE-715.txt,RB-1001,स्वामी,0,0,0,0,0,0,0,0,1
HI-RBSE-715.txt,RB-1002,विवेकानंद,1,1,1,1,1,1,6,1,0
HI-RBSE-715.txt,RB-1003,बेलूर,0,0,0,0,0,0,0,0,1
HI-RBSE-715.txt,RB-1004,मठ,0,0,0,0,0,0,0,0,1
HI-RBSE-715.txt,RB-1005,के,0,0,0,0,0,0,0,0,1
HI-RBSE-715.txt,RB-1006,निर्माण,0,0,0,0,0,0,0,0,1
HI-RBSE-715.txt,RB-1007,कार्य,1,1,1,1,1,1,6,1,0
HI-RBSE-715.txt,RB-1008,और,0,0,0,0,0,0,0,0,1
HI-RBSE-715.txt,RB-1009,शिक्षादान,0,0,0,0,0,0,0,0,1
HI-RBSE-715.txt,RB-1010,के,0,0,0,0,0,0,0,0,1
HI-RBSE-715.txt,RB-1011,कार्य,0,0,0,0,0,0,0,0,1
HI-RBSE-715.txt,RB-1012,में,0,0,0,1,0,1,2,0,0
HI-RBSE-715.txt,RB-1013,बहुत,0,0,0,0,0,0,0,0,1
HI-RBSE-715.txt,RB-1014,व्यस्त,0,0,0,0,0,0,0,0,1
HI-RBSE-715.txt,RB-1015,थे,1,1,1,1,1,1,6,1,0
HI-RBSE-715.txt,RB-1016,निरंतर,0,0,0,0,0,0,0,0,1
HI-RBSE-715.txt,RB-1017,भाग-दौड,0,1,0,1,1,1,4,1,0
HI-RBSE-715.txt,RB-1018,और,0,0,0,0,0,0,0,0,1
HI-RBSE-715.txt,RB-1019,कठिन,0,0,0,0,0,0,0,0,1
HI-RBSE-715.txt,RB-1020,श्रम,0,0,0,0,0,0,0,0,1
HI-RBSE-715.txt,RB-1021,करने,0,0,0,0,0,0,0,0,1
HI-RBSE-715.txt,RB-1022,के,0,0,0,0,0,0,0,0,1
HI-RBSE-715.txt,RB-1023,कारण,1,1,1,1,0,1,5,1,0
HI-RBSE-715.txt,RB-1024,वे,0,0,0,0,0,0,0,0,1
HI-RBSE-715.txt,RB-1025,अस्वस्थ,0,0,0,0,0,0,0,0,1
HI-RBSE-715.txt,RB-1026,हो,0,0,0,0,0,0,0,0,1
HI-RBSE-715.txt,RB-1027,गए,0,0,0,0,0,0,0,0,1
HI-RBSE-715.txt,RB-1028,थे,1,1,1,1,1,1,6,1,0
HI-RBSE-715.txt,RB-1029,चिकित्सकों,0,0,0,0,0,0,0,0,1
HI-RBSE-715.txt,RB-1030,ने,0,0,0,1,0,1,2,0,0
HI-RBSE-715.txt,RB-1031,उन्हें,1,1,0,0,0,0,2,0,0
HI-RBSE-715.txt,RB-1032,जलवायु,0,0,0,0,0,0,0,0,1
HI-RBSE-715.txt,RB-1033,परिवर्तन,0,0,1,1,1,1,4,1,0
HI-RBSE-715.txt,RB-1034,तथा,0,0,0,0,0,0,0,0,1
HI-RBSE-715.txt,RB-1035,विश्राम,0,0,0,0,0,0,0,0,1
HI-RBSE-715.txt,RB-1036,करने,0,0,0,0,0,0,0,0,1
HI-RBSE-715.txt,RB-1037,पर,0,0,0,1,0,0,1,0,0
HI-RBSE-715.txt,RB-1038,जोर,0,0,0,0,0,0,0,0,1
HI-RBSE-715.txt,RB-1039,दिया,1,1,1,1,1,1,6,1,0
HI-RBSE-715.txt,RB-1040,विवश,0,0,0,0,0,0,0,0,1
HI-RBSE-715.txt,RB-1041,होकर,1,0,0,1,0,1,3,0,0
HI-RBSE-715.txt,RB-1042,वे,0,1,0,0,0,0,1,0,0
HI-RBSE-715.txt,RB-1043,दार्जिलिंग,0,0,0,0,0,0,0,0,1
HI-RBSE-715.txt,RB-1044,चले,0,0,0,0,0,0,0,0,1
HI-RBSE-715.txt,RB-1045,गये,1,1,1,1,1,1,6,1,0
HI-RBSE-715.txt,RB-1046,वहाँ,0,0,0,0,0,0,0,0,1
HI-RBSE-715.txt,RB-1047,उनके,0,0,0,0,0,0,0,0,1
HI-RBSE-715.txt,RB-1048,स्वास्थ्य,0,0,0,0,0,0,0,0,1
HI-RBSE-715.txt,RB-1049,में,1,1,1,1,0,1,5,1,0
HI-RBSE-715.txt,RB-1050,धीरे-धीरे,0,0,0,1,0,0,1,0,0
HI-RBSE-715.txt,RB-1051,सुधार,0,0,0,0,0,0,0,0,1
HI-RBSE-715.txt,RB-1052,हो,0,0,0,0,0,0,0,0,1
HI-RBSE-715.txt,RB-1053,रहा,0,0,0,0,0,0,0,0,1
HI-RBSE-715.txt,RB-1054,था,1,1,1,1,1,1,6,1,0
HI-RBSE-715.txt,RB-1055,तभी,1,0,0,0,0,0,1,0,0
HI-RBSE-715.txt,RB-1056,उन्हें,0,0,0,0,0,0,0,0,1
HI-RBSE-715.txt,RB-1057,समाचार,0,0,0,0,0,0,0,0,1
HI-RBSE-715.txt,RB-1058,मिला,1,1,0,0,1,1,4,1,0
HI-RBSE-715.txt,RB-1059,कि,0,0,1,1,0,0,2,0,0
HI-RBSE-715.txt,RB-1060,कोलकाता,0,0,0,0,0,0,0,0,1
HI-RBSE-715.txt,RB-1061,में,1,0,0,1,0,1,3,0,0
HI-RBSE-715.txt,RB-1062,प्लेग,1,1,1,0,1,0,4,1,0
HI-RBSE-715.txt,RB-1063,व्यापक,0,0,0,0,0,0,0,0,1
HI-RBSE-715.txt,RB-1064,रूप,0,0,0,0,0,0,0,0,1
HI-RBSE-715.txt,RB-1065,से,0,0,0,1,0,0,1,0,0
HI-RBSE-715.txt,RB-1066,फैल,0,0,0,0,0,0,0,0,1
HI-RBSE-715.txt,RB-1067,गया,0,0,0,0,0,0,0,0,1
HI-RBSE-715.txt,RB-1068,है,1,1,1,1,1,1,6,1,0
HI-RBSE-715.txt,RB-1069,प्रतिदिन,0,0,0,1,1,1,3,0,0
HI-RBSE-715.txt,RB-1070,सैकडों,0,0,0,0,0,0,0,0,1
HI-RBSE-715.txt,RB-1071,लोगों,0,0,0,0,0,0,0,0,1
HI-RBSE-715.txt,RB-1072,की,0,0,0,0,0,0,0,0,1
HI-RBSE-715.txt,RB-1073,मृत्यु,0,0,0,0,0,0,0,0,1
HI-RBSE-715.txt,RB-1074,हो,0,0,0,0,0,0,0,0,1
HI-RBSE-715.txt,RB-1075,रही,0,0,0,0,0,0,0,0,1
HI-RBSE-715.txt,RB-1076,है,1,1,1,1,1,1,6,1,0
HI-RBSE-715.txt,RB-1077,यह,0,0,0,0,0,0,0,0,1
HI-RBSE-715.txt,RB-1078,दुखद,0,0,0,0,0,0,0,0,1
HI-RBSE-715.txt,RB-1079,समाचार,0,0,0,0,0,0,0,0,1
HI-RBSE-715.txt,RB-1080,सुनकर,1,1,1,1,1,1,6,1,0
HI-RBSE-715.txt,RB-1081,महाप्राण,0,0,0,0,0,0,0,0,1
HI-RBSE-715.txt,RB-1082,विवेकानंद,1,0,0,1,0,1,3,0,0
HI-RBSE-715.txt,RB-1083,स्थिर,0,0,0,0,0,0,0,0,1
HI-RBSE-715.txt,RB-1084,नहीं,0,0,0,0,0,0,0,0,1
HI-RBSE-715.txt,RB-1085,रह,0,0,0,0,0,0,0,0,1
HI-RBSE-715.txt,RB-1086,सके,1,1,1,1,1,1,6,1,0
HI-RBSE-715.txt,RB-1087,वे,0,0,0,0,0,0,0,0,1
HI-RBSE-715.txt,RB-1088,तुरंत,0,0,0,0,0,0,0,0,1
HI-RBSE-715.txt,RB-1089,कोलकाता,0,0,0,0,0,0,0,0,1
HI-RBSE-715.txt,RB-1090,लौट,0,0,0,0,0,0,0,0,1
HI-RBSE-715.txt,RB-1091,आए,1,1,1,1,1,1,6,1,0
HI-RBSE-715.txt,RB-1092,और,0,0,0,0,0,0,0,0,1
HI-RBSE-715.txt,RB-1093,उसी,0,0,0,0,0,0,0,0,1
HI-RBSE-715.txt,RB-1094,दिन,1,0,0,1,0,0,2,0,0
HI-RBSE-715.txt,RB-1095,उन्होंने,1,0,0,0,0,1,2,0,0
HI-RBSE-715.txt,RB-1096,प्लेग,0,0,0,0,0,0,0,0,1
HI-RBSE-715.txt,RB-1097,रोग,0,0,0,0,0,0,0,0,1
HI-RBSE-715.txt,RB-1098,में,0,1,1,1,0,0,3,0,0
HI-RBSE-715.txt,RB-1099,आवश्यक,0,0,0,0,0,1,1,0,0
HI-RBSE-715.txt,RB-1100,सावधानी,0,0,0,0,0,0,0,0,1
HI-RBSE-715.txt,RB-1101,बरतने,0,0,0,0,0,0,0,0,1
HI-RBSE-715.txt,RB-1102,का,1,0,0,1,0,1,3,0,0
HI-RBSE-715.txt,RB-1103,जनसाधारण,0,0,1,0,0,0,1,0,0
HI-RBSE-715.txt,RB-1104,को,0,0,0,0,0,0,0,0,1
HI-RBSE-715.txt,RB-1105,उपदेश,0,0,0,0,0,0,0,0,1
HI-RBSE-715.txt,RB-1106,दिया,1,1,1,1,1,1,6,1,0
HI-RBSE-715.txt,RB-1107,अपने,0,0,0,0,0,0,0,0,1
HI-RBSE-715.txt,RB-1108,साथ,0,0,0,1,0,0,1,0,0
HI-RBSE-715.txt,RB-1109,तमाम,0,1,0,0,0,0,1,0,0
HI-RBSE-715.txt,RB-1110,संन्यासियों,1,0,1,1,1,1,5,1,0
HI-RBSE-715.txt,RB-1111,और,0,0,0,0,0,0,0,0,1
HI-RBSE-715.txt,RB-1112,ब्रह्मचारियों,0,0,0,0,0,0,0,0,1
HI-RBSE-715.txt,RB-1113,को,0,0,0,0,0,0,0,0,1
HI-RBSE-715.txt,RB-1114,लेकर,1,1,1,1,1,1,6,1,0
HI-RBSE-715.txt,RB-1115,वे,0,0,0,0,0,0,0,0,1
HI-RBSE-715.txt,RB-1116,रोगियों,0,0,0,0,0,0,0,0,1
HI-RBSE-715.txt,RB-1117,की,0,0,0,0,0,0,0,0,1
HI-RBSE-715.txt,RB-1118,सेवा,0,0,0,0,0,0,0,0,1
HI-RBSE-715.txt,RB-1119,में,0,0,0,0,0,0,0,0,1
HI-RBSE-715.txt,RB-1120,जुट,0,0,0,0,0,0,0,0,1
HI-RBSE-715.txt,RB-1121,गए,1,1,1,1,1,1,6,1,0
HI-RBSE-715.txt,RB-1122,कोलकाता,0,0,0,0,0,0,0,0,1
HI-RBSE-715.txt,RB-1123,में,0,0,0,1,0,0,1,0,0
HI-RBSE-715.txt,RB-1124,भय,0,1,1,0,1,1,4,1,0
HI-RBSE-715.txt,RB-1125,तथा,0,0,0,0,0,0,0,0,1
HI-RBSE-715.txt,RB-1126,आतंक,0,0,0,0,0,0,0,0,1
HI-RBSE-715.txt,RB-1127,का,0,0,0,0,0,0,0,0,1
HI-RBSE-715.txt,RB-1128,राज्य,0,0,0,1,0,0,1,0,0
HI-RBSE-715.txt,RB-1129,फैला,0,0,0,0,0,0,0,0,1
HI-RBSE-715.txt,RB-1130,था,1,1,1,1,1,1,6,1,0
HI-RBSE-715.txt,RB-1131,स्त्री-पुरुष,1,0,0,0,0,0,1,0,0
HI-RBSE-715.txt,RB-1132,अपने,0,0,0,0,0,0,0,0,1
HI-RBSE-715.txt,RB-1133,बच्चों,0,0,0,0,0,0,0,0,1
HI-RBSE-715.txt,RB-1134,को,0,0,0,0,0,0,0,0,1
HI-RBSE-715.txt,RB-1135,लेकर,0,1,1,1,1,1,5,1,0
HI-RBSE-715.txt,RB-1136,प्राण,0,0,0,0,0,0,0,0,1
HI-RBSE-715.txt,RB-1137,बचाने,0,0,0,0,0,0,0,0,1
HI-RBSE-715.txt,RB-1138,के,0,0,0,0,0,0,0,0,1
HI-RBSE-715.txt,RB-1139,उद्देश्य,0,0,0,0,0,0,0,0,1
HI-RBSE-715.txt,RB-1140,से,0,0,0,1,0,1,2,0,0
HI-RBSE-715.txt,RB-1141,भागे,0,0,0,0,0,0,0,0,1
HI-RBSE-715.txt,RB-1142,जा,0,0,0,0,0,0,0,0,1
HI-RBSE-715.txt,RB-1143,रहे,0,0,0,0,0,0,0,0,1
HI-RBSE-715.txt,RB-1144,थे,1,1,1,1,1,1,6,1,0
HI-RBSE-715.txt,RB-1145,ब्रिटिश,0,0,0,0,0,0,0,0,1
HI-RBSE-715.txt,RB-1146,सरकार,0,0,0,0,0,0,0,0,1
HI-RBSE-715.txt,RB-1147,ने,1,0,0,1,0,1,3,0,0
HI-RBSE-715.txt,RB-1148,प्लेग,0,0,0,0,0,0,0,0,1
HI-RBSE-715.txt,RB-1149,रोग,0,0,0,0,0,0,0,0,1
HI-RBSE-715.txt,RB-1150,से,0,1,0,0,0,0,1,0,0
HI-RBSE-715.txt,RB-1151,बचाव,0,0,0,0,0,0,0,0,1
HI-RBSE-715.txt,RB-1152,के,0,0,0,0,0,0,0,0,1
HI-RBSE-715.txt,RB-1153,संबंध,0,0,0,0,0,0,0,0,1
HI-RBSE-715.txt,RB-1154,में,1,1,1,1,1,1,6,1,0
HI-RBSE-715.txt,RB-1155,कठोर,0,0,0,0,0,0,0,0,1
HI-RBSE-715.txt,RB-1156,नियम,0,0,0,0,0,0,0,0,1
HI-RBSE-715.txt,RB-1157,जारी,0,0,0,0,0,0,0,0,1
HI-RBSE-715.txt,RB-1158,कर,0,0,0,0,0,0,0,0,1
HI-RBSE-715.txt,RB-1159,दिया,0,0,0,0,0,0,0,0,1
HI-RBSE-715.txt,RB-1160,था,1,1,1,1,1,1,6,1,0
HI-RBSE-715.txt,RB-1161,उससे,0,0,0,0,0,0,0,0,1
HI-RBSE-715.txt,RB-1162,लोगों,0,0,0,0,0,0,0,0,1
HI-RBSE-715.txt,RB-1163,में,0,0,0,1,0,1,2,0,0
HI-RBSE-715.txt,RB-1164,भारी,0,0,0,0,0,0,0,0,1
HI-RBSE-715.txt,RB-1165,असंतोष,0,0,0,0,0,0,0,0,1
HI-RBSE-715.txt,RB-1166,था,1,1,1,1,1,1,6,1,0
HI-RBSE-715.txt,RB-1167,इस,0,0,0,0,0,0,0,0,1
HI-RBSE-715.txt,RB-1168,परिस्थिति,0,0,0,0,0,0,0,0,1
HI-RBSE-715.txt,RB-1169,का,0,0,0,0,0,0,0,0,1
HI-RBSE-715.txt,RB-1170,सामना,0,0,0,0,0,0,0,0,1
HI-RBSE-715.txt,RB-1171,करने,0,0,0,0,0,0,0,0,1
HI-RBSE-715.txt,RB-1172,की,0,0,0,1,0,1,2,0,0
HI-RBSE-715.txt,RB-1173,भारी,0,0,0,0,0,0,0,0,1
HI-RBSE-715.txt,RB-1174,चुनौती,1,1,1,1,1,0,5,1,0
HI-RBSE-715.txt,RB-1175,स्वामी,0,0,0,0,0,0,0,0,1
HI-RBSE-715.txt,RB-1176,जी,0,0,0,0,0,0,0,0,1
HI-RBSE-715.txt,RB-1177,के,0,0,0,0,0,0,0,0,1
HI-RBSE-715.txt,RB-1178,सामने,0,0,0,0,0,0,0,0,1
HI-RBSE-715.txt,RB-1179,थी,1,1,1,1,1,1,6,1,0
